Date,Open,High,Low,Close,Volume
2005-01-04,996.68,996.68,984.8,986.93,2323762
2005-01-05,986.57,1008.86,985.68,1003.63,3486101
2005-01-06,1003.49,1003.49,990.79,994.6,2933905
2005-01-07,993.43,1009.0,990.45,997.61,3391626
2005-01-10,996.93,1006.46,993.12,1006.34,2949405
2005-01-11,1006.21,1009.5,999.86,1008.34,3136115
2005-01-12,1008.01,1008.74,998.36,1008.62,3196393
2005-01-13,1008.1,1014.84,1005.35,1013.07,4715733
2005-01-14,1012.7,1019.48,999.27,1000.17,4016937
2005-01-17,990.99,991.02,974.33,977.52,4358603
2005-01-18,977.6,991.84,974.15,991.42,4516132
2005-01-19,991.29,991.29,981.23,986.24,4255249
2005-01-20,983.2,983.2,966.89,972.46,4652048
2005-01-21,971.5,989.72,951.43,988.52,6185255
2005-01-24,1009.95,1009.95,998.37,1008.18,7323355
2005-01-25,1006.0,1006.0,989.95,999.55,4694803
2005-01-26,997.64,997.64,985.67,987.96,4113900
2005-01-27,986.15,986.15,970.35,971.37,4123213
2005-01-28,971.37,971.94,949.11,952.41,4072373
2005-01-31,948.44,948.44,921.58,922.65,4095099
2005-02-01,919.8,929.69,911.93,913.33,4199745
2005-02-02,913.03,964.42,913.03,964.24,6553566
2005-02-03,963.75,967.94,944.76,945.31,6371300
2005-02-04,944.45,963.81,943.47,962.03,5193013
2005-02-16,967.43,979.3,965.94,972.34,4693322
2005-02-17,971.84,977.44,964.32,977.27,4031958
2005-02-18,977.12,977.12,964.55,964.77,4112811
2005-02-21,965.0,981.89,964.47,981.82,4765203
2005-02-22,982.42,1008.67,980.51,1007.69,9575789
2005-02-23,1008.29,1023.33,1002.8,1019.26,10201823
2005-02-24,1018.29,1024.87,1012.45,1024.45,8683232
2005-02-25,1024.57,1035.47,1023.74,1024.12,9650761
2005-02-28,1023.19,1026.04,1014.94,1020.85,7028051
2005-03-01,1020.6,1023.96,1011.56,1021.16,6675636
2005-03-02,1021.36,1028.33,1005.34,1006.15,7457971
2005-03-03,1004.1,1011.7,996.36,1011.29,5372494
2005-03-04,1011.2,1012.67,1001.85,1003.21,4525189
2005-03-07,1004.34,1008.36,1001.86,1006.95,4475140
2005-03-08,1007.68,1029.46,1007.68,1029.46,7187007
2005-03-09,1031.6,1034.62,1024.89,1032.55,8257822
2005-03-10,1032.27,1032.27,1002.42,1005.55,7106020
2005-03-11,1003.78,1010.86,999.11,1009.43,5955310
2005-03-14,1009.18,1016.54,991.06,1007.77,7550503
2005-03-15,1007.89,1007.89,992.02,993.83,6499568
2005-03-16,992.64,992.64,977.13,983.92,5311964
2005-03-17,983.11,984.25,970.34,970.97,5313307
2005-03-18,969.12,973.1,945.6,949.51,5393917
2005-03-21,947.57,952.76,940.09,949.55,4192190
2005-03-22,948.78,949.07,918.09,922.56,5795013
2005-03-23,921.07,937.68,914.54,923.19,5290283
2005-03-24,922.18,933.92,914.65,933.35,4319201
2005-03-25,933.17,936.13,927.18,931.42,4189844
2005-03-28,930.17,930.17,909.17,922.92,4019570
2005-03-29,922.66,929.46,916.65,916.81,3698567
2005-03-30,915.09,915.09,887.98,888.95,4689495
2005-03-31,887.07,896.41,880.88,896.07,4125613
2005-04-01,895.23,934.55,884.63,927.55,6921793
2005-04-04,919.14,920.62,904.62,909.87,5333838
2005-04-05,908.19,912.38,899.8,901.74,4572502
2005-04-06,901.74,921.64,893.03,918.56,6805027
2005-04-07,919.24,945.57,917.63,932.33,9540235
2005-04-08,931.77,949.47,928.06,949.46,7997380
2005-04-11,949.85,957.34,943.72,948.51,8688242
2005-04-12,947.12,947.12,927.11,927.41,6039966
2005-04-13,932.31,951.2,932.31,950.23,8141086
2005-04-14,952.54,954.14,934.13,935.43,6983687
2005-04-15,931.67,931.67,911.32,913.27,6661596
2005-04-18,910.89,910.89,895.28,901.12,5003269
2005-04-19,899.93,905.05,893.29,902.79,4798602
2005-04-20,902.22,902.22,880.93,884.08,5321650
2005-04-21,881.68,886.44,863.14,867.33,6250349
2005-04-22,865.82,870.01,851.34,857.4,6224884
2005-04-25,846.14,847.81,829.55,841.06,5819861
2005-04-26,839.25,858.11,835.86,855.24,6199955
2005-04-27,857.95,857.95,839.56,839.95,5943654
2005-04-28,837.38,863.45,825.51,860.62,7643112
2005-04-29,860.39,860.39,845.44,847.61,6013685
2005-05-09,848.09,851.21,818.11,818.4,4206100
2005-05-10,814.77,818.5,791.1,818.09,4946935
2005-05-11,816.82,822.77,809.58,811.57,4637579
2005-05-12,810.16,814.89,799.82,807.51,4597105
2005-05-13,806.73,819.42,801.87,814.88,5197528
2005-05-16,814.06,814.06,802.82,808.17,4537502
2005-05-17,806.81,821.05,803.42,818.46,4955081
2005-05-18,818.12,824.77,811.04,824.64,4558077
2005-05-19,824.83,828.58,814.15,824.94,4776276
2005-05-20,824.57,828.08,818.37,819.13,4327522
2005-05-23,816.2,816.2,793.05,793.72,4312715
2005-05-24,791.13,811.67,788.82,808.74,4695292
2005-05-25,808.52,817.67,803.94,809.7,5294537
2005-05-26,808.66,812.69,795.43,799.02,4838787
2005-05-27,797.18,806.25,789.86,791.0,4167631
2005-05-30,788.64,799.4,783.85,797.53,3848708
2005-05-31,798.33,802.04,793.88,796.87,4299736
2005-06-01,795.82,795.82,774.35,778.67,4648727
2005-06-02,777.47,779.23,764.15,769.42,4950638
2005-06-03,767.67,772.83,755.26,765.97,4586315
2005-06-06,764.66,778.4,751.32,778.21,4763542
2005-06-07,779.72,795.42,776.12,779.84,7087300
2005-06-08,782.01,845.06,782.01,841.36,14973544
2005-06-09,840.23,858.75,829.28,849.73,15311451
2005-06-10,850.02,850.02,827.75,831.61,10035948
2005-06-13,830.8,837.38,818.58,834.25,6894838
2005-06-14,835.35,841.33,817.53,818.19,7401586
2005-06-15,815.73,815.73,794.85,796.26,5884532
2005-06-16,795.76,804.04,786.01,803.95,5514482
2005-06-17,805.75,809.58,796.89,800.14,5478499
2005-06-20,799.47,823.91,786.43,823.73,7966476
2005-06-21,823.54,824.04,813.28,816.2,6385113
2005-06-22,814.91,819.49,808.77,818.65,4992737
2005-06-23,818.19,821.46,808.56,809.35,5246658
2005-06-24,807.68,813.28,802.49,813.2,4276755
2005-06-27,817.28,838.42,817.28,834.35,9280984
2005-06-28,832.16,832.16,817.29,819.05,5747787
2005-06-29,818.09,821.08,813.08,814.06,5149890
2005-06-30,813.15,813.15,790.76,791.5,5354700
2005-07-01,789.18,789.18,758.71,760.35,6469073
2005-07-04,756.03,756.03,732.86,749.48,5909701
2005-07-05,747.89,752.77,739.62,744.6,4391462
2005-07-06,744.8,750.3,738.38,743.44,4280243
2005-07-07,743.32,751.13,740.49,747.42,3925134
2005-07-08,746.29,746.29,722.28,722.85,5099620
2005-07-11,725.64,742.95,712.97,714.48,5045519
2005-07-12,712.31,740.59,708.99,739.53,6903271
2005-07-13,738.61,738.74,729.59,732.44,5718450
2005-07-14,732.01,740.05,729.27,732.54,5236366
2005-07-15,732.67,736.41,712.44,714.49,5942104
2005-07-18,712.32,712.32,694.85,696.85,4817896
2005-07-19,695.77,705.08,692.7,703.07,4185245
2005-07-20,703.17,711.01,699.19,707.29,4243009
2005-07-21,707.05,707.94,695.38,704.79,4745981
2005-07-22,704.61,728.52,704.23,721.45,9508555
2005-07-25,720.61,720.99,714.68,718.87,5771020
2005-07-26,718.62,736.72,718.6,735.86,9191361
2005-07-27,736.29,750.09,731.08,750.02,9472478
2005-07-28,750.4,755.94,744.02,747.23,10747152
2005-07-29,746.59,748.38,739.4,744.83,7056953
2005-08-01,744.77,751.05,742.9,750.49,6317943
2005-08-02,750.96,763.29,746.82,763.29,8902167
2005-08-03,764.94,781.03,763.87,769.75,14083549
2005-08-04,767.57,769.34,761.36,765.26,8661784
2005-08-05,765.39,787.93,765.39,787.82,12490262
2005-08-08,792.4,805.6,790.18,800.12,15361394
2005-08-09,800.84,814.26,794.18,814.19,14016400
2005-08-10,814.76,823.99,804.52,823.84,15201123
2005-08-11,823.72,833.68,820.29,832.84,16463304
2005-08-12,833.46,839.52,811.38,816.39,17643086
2005-08-15,814.84,839.68,814.56,839.67,12625261
2005-08-16,841.32,846.66,830.73,839.26,15515941
2005-08-17,837.9,854.61,823.44,854.53,16792374
2005-08-18,855.88,865.69,819.88,820.66,21332119
2005-08-19,816.96,828.12,803.28,820.87,13860548
2005-08-22,819.48,833.27,817.17,831.5,9724413
2005-08-23,830.74,830.74,809.46,816.91,9183851
2005-08-24,816.74,826.73,816.61,826.72,8841057
2005-08-25,827.01,836.58,821.58,836.42,10375848
2005-08-26,837.41,842.3,830.58,840.43,11880800
2005-08-29,839.31,840.04,826.36,832.25,10782556
2005-08-30,831.49,834.21,827.09,827.55,9242035
2005-08-31,827.23,845.15,822.17,845.14,11349943
2005-09-01,845.93,865.41,842.81,865.41,17034066
2005-09-02,866.55,874.16,861.48,872.49,15365547
2005-09-05,873.86,884.4,871.88,884.29,12504192
2005-09-06,885.36,892.22,860.36,862.49,17050903
2005-09-07,860.38,888.18,857.76,888.13,13957595
2005-09-08,890.19,894.74,878.28,889.69,14699157
2005-09-09,889.55,893.83,875.61,879.5,10399467
2005-09-12,878.73,883.56,874.77,883.56,7656523
2005-09-13,884.25,904.31,883.46,904.31,12496272
2005-09-14,906.21,915.13,902.56,914.98,16597333
2005-09-15,914.91,920.95,910.77,918.51,13582384
2005-09-16,918.26,918.8,910.84,917.64,10961532
2005-09-19,918.13,930.59,915.93,930.49,12056208
2005-09-20,931.88,931.89,915.14,924.16,15747605
2005-09-21,921.92,922.18,908.98,909.79,15603139
2005-09-22,906.05,907.29,866.95,880.01,14408321
2005-09-23,876.31,883.54,868.16,868.55,9799784
2005-09-26,867.22,875.03,862.19,874.84,6965689
2005-09-27,875.1,877.66,856.5,856.96,8805881
2005-09-28,855.8,863.81,849.89,852.36,7510781
2005-09-29,852.04,871.49,852.04,871.29,8835360
2005-09-30,871.23,873.11,866.83,869.51,7529963
2005-10-10,870.05,870.05,857.97,858.75,6119495
2005-10-11,857.64,878.69,854.27,878.62,7635267
2005-10-12,879.05,891.86,874.98,887.71,9459205
2005-10-13,888.3,890.86,881.23,883.45,8287048
2005-10-14,882.87,883.84,873.46,876.05,7954049
2005-10-17,874.85,878.89,868.46,878.76,7687888
2005-10-18,878.78,893.98,878.45,893.7,9716210
2005-10-19,893.47,900.68,884.99,886.31,9843633
2005-10-20,885.34,886.84,872.48,886.55,9521935
2005-10-21,886.43,898.25,885.28,895.03,10024927
2005-10-24,895.43,899.44,891.96,897.76,8789354
2005-10-25,896.69,896.69,877.54,877.58,8676966
2005-10-26,875.54,876.41,853.6,854.03,9382014
2005-10-27,851.08,856.97,841.86,847.59,8103937
2005-10-28,846.7,850.91,814.12,825.06,8668966
2005-10-31,823.23,831.18,819.36,828.66,6492574
2005-11-01,827.89,827.89,808.4,823.33,6944239
2005-11-02,823.21,843.15,823.21,840.32,9095992
2005-11-03,839.86,842.52,826.12,828.91,7559623
2005-11-04,828.04,835.22,820.9,835.12,6449610
2005-11-07,835.06,842.06,829.74,842.0,6132963
2005-11-08,841.93,849.11,835.81,848.97,7297838
2005-11-09,848.74,852.03,844.76,845.11,7612746
2005-11-10,843.62,843.62,820.64,821.27,8439580
2005-11-11,818.72,828.39,814.72,823.96,6380093
2005-11-14,821.78,827.58,819.19,827.57,4468436
2005-11-15,827.52,832.99,816.79,820.49,5871615
2005-11-16,820.07,826.69,808.21,826.69,5542224
2005-11-17,827.22,830.37,823.0,825.8,5533816
2005-11-18,824.8,845.7,824.36,843.74,9690756
2005-11-21,844.63,849.3,842.44,846.96,6608677
2005-11-22,847.18,847.45,831.37,831.77,6275090
2005-11-23,831.7,838.56,828.07,838.12,4940421
2005-11-24,837.68,843.96,836.86,841.7,5531201
2005-11-25,841.71,841.78,836.44,841.13,4849548
2005-11-28,841.21,841.88,835.05,838.34,4591305
2005-11-29,839.25,839.25,826.44,827.01,4499554
2005-11-30,826.34,829.7,821.67,829.5,4805174
2005-12-01,829.34,832.12,824.28,828.19,3927208
2005-12-02,827.15,827.91,816.42,817.86,4399086
2005-12-05,819.79,819.79,796.34,796.93,4895370
2005-12-06,795.11,800.58,792.11,798.88,3727782
2005-12-07,800.18,806.89,798.29,806.78,3755355
2005-12-08,807.41,808.9,801.19,805.56,3896999
2005-12-09,805.52,819.53,803.81,819.2,5563455
2005-12-12,820.11,825.61,817.93,824.52,5468310
2005-12-13,824.63,824.96,815.35,824.86,4917438
2005-12-14,824.86,833.47,819.53,832.51,5933929
2005-12-15,833.47,837.48,826.61,827.54,6089472
2005-12-16,827.16,834.66,824.52,834.54,5199474
2005-12-19,834.96,836.47,831.98,834.71,4859568
2005-12-20,834.89,836.28,829.36,836.12,4454202
2005-12-21,836.63,838.14,829.19,830.77,5205742
2005-12-22,830.45,835.56,828.32,835.5,5080676
2005-12-23,835.77,845.63,835.54,845.59,6446099
2005-12-26,846.93,855.13,846.8,853.17,7860415
2005-12-27,854.75,855.97,849.48,854.53,6528869
2005-12-28,854.64,857.26,852.22,857.21,5615717
2005-12-29,858.41,866.78,858.41,866.75,8617095
2005-12-30,868.44,869.26,857.71,860.13,7552316
2006-01-04,860.04,871.96,859.31,871.73,8039010
2006-01-05,872.09,882.81,871.6,882.73,10885811
2006-01-06,884.92,896.06,879.18,891.94,13370231
2006-01-09,893.53,905.43,892.21,905.07,12361296
2006-01-10,907.64,911.29,898.73,911.19,11200080
2006-01-11,910.76,915.02,901.4,906.5,12953141
2006-01-12,906.94,927.42,905.43,927.42,14024614
2006-01-13,930.3,935.53,924.55,932.5,14459388
2006-01-16,933.22,935.53,919.92,920.33,12592136
2006-01-17,918.52,922.68,914.38,919.28,8918319
2006-01-18,920.06,939.22,919.63,939.14,11474786
2006-01-19,941.17,950.04,935.76,949.91,13989234
2006-01-20,950.63,954.65,943.12,952.77,14779172
2006-01-23,955.09,962.08,946.6,961.07,14125714
2006-01-24,961.65,969.43,956.98,960.35,14103819
2006-01-25,960.03,963.74,947.3,957.79,12817111
2006-02-06,961.03,980.99,960.32,980.91,12923121
2006-02-07,983.34,989.7,970.31,981.57,17016907
2006-02-08,979.15,983.04,970.41,982.94,13588630
2006-02-09,982.18,982.18,967.31,969.58,11835024
2006-02-10,971.25,980.8,970.83,980.8,11797244
2006-02-13,981.63,981.71,967.13,977.4,11393721
2006-02-14,977.28,986.06,976.16,986.06,10447628
2006-02-15,987.09,990.49,982.03,986.16,12322016
2006-02-16,986.33,986.33,958.18,958.59,14477526
2006-02-17,961.25,962.5,949.43,949.99,11246007
2006-02-20,949.03,952.42,942.71,943.77,9821570
2006-02-21,943.11,960.09,933.37,960.02,10166777
2006-02-22,960.1,967.61,957.66,959.95,10339439
2006-02-23,959.13,960.67,946.88,958.72,9184009
2006-02-24,959.34,967.29,958.38,967.16,10007130
2006-02-27,968.21,969.34,959.45,963.38,9025472
2006-02-28,962.52,964.95,947.87,964.73,8702274
2006-03-01,966.84,972.25,963.24,972.07,9658441
2006-03-02,972.15,972.15,950.38,953.37,11407653
2006-03-03,951.93,956.95,941.8,954.46,9435551
2006-03-06,955.25,957.2,949.46,952.35,7323049
2006-03-07,951.64,951.64,927.5,928.58,8621116
2006-03-08,924.61,927.79,913.71,924.83,7226656
2006-03-09,923.32,926.56,917.49,920.13,6110908
2006-03-10,922.44,925.1,917.91,921.68,6049099
2006-03-13,921.23,928.83,920.05,928.52,5621891
2006-03-14,929.01,931.86,923.47,931.72,6342600
2006-03-15,931.27,942.71,930.0,942.69,7998642
2006-03-16,942.72,945.56,939.21,945.52,8182272
2006-03-17,944.95,946.53,938.9,943.73,8944893
2006-03-20,944.1,956.14,939.85,956.14,9120389
2006-03-21,957.89,963.99,955.01,959.93,11865276
2006-03-22,959.52,972.14,957.38,972.14,11514166
2006-03-23,972.72,982.62,971.18,980.84,13897920
2006-03-24,982.46,983.84,972.85,974.27,12647982
2006-03-27,974.56,984.3,969.67,984.15,10706853
2006-03-28,987.53,994.98,986.35,994.52,13360061
2006-03-29,995.69,1007.99,993.71,997.7,15784085
2006-03-30,997.14,998.91,986.51,986.96,13329955
2006-03-31,988.96,1000.53,985.41,1000.25,13282342
2006-04-03,1001.32,1025.79,1001.32,1025.79,17490890
2006-04-04,1029.11,1038.11,1024.17,1038.11,18674872
2006-04-05,1039.78,1049.08,1037.6,1048.67,18667858
2006-04-06,1052.35,1064.58,1045.9,1053.69,21173354
2006-04-07,1056.29,1068.17,1051.79,1068.11,21288522
2006-04-10,1071.19,1090.72,1069.73,1090.72,21976514
2006-04-11,1097.27,1098.96,1081.69,1094.41,22595820
2006-04-12,1095.08,1101.49,1089.13,1095.5,20140515
2006-04-13,1097.29,1103.66,1062.47,1062.69,22614391
2006-04-14,1058.71,1088.27,1053.89,1088.18,16434914
2006-04-17,1086.24,1097.5,1080.62,1093.51,19137336
2006-04-18,1094.36,1100.88,1087.01,1097.73,17175728
2006-04-19,1098.58,1100.66,1082.18,1100.66,18561782
2006-04-20,1102.27,1102.27,1084.2,1091.85,19770248
2006-04-21,1091.66,1106.54,1081.19,1102.55,20485060
2006-04-24,1106.12,1107.59,1083.09,1094.38,22778341
2006-04-25,1091.84,1109.31,1076.91,1103.06,20744156
2006-04-26,1103.75,1125.87,1102.83,1116.81,22602809
2006-04-27,1119.67,1127.97,1110.69,1125.32,18574313
2006-04-28,1117.51,1146.38,1098.77,1141.69,20532797
2006-05-08,1148.08,1181.53,1148.08,1180.73,22440402
2006-05-09,1188.8,1218.09,1182.95,1218.09,29808582
2006-05-10,1227.29,1247.23,1214.73,1241.57,31202885
2006-05-11,1247.12,1278.7,1237.72,1237.77,36588883
2006-05-12,1239.76,1283.75,1237.63,1283.68,32967163
2006-05-15,1303.38,1344.96,1291.37,1344.92,40668941
2006-05-16,1347.19,1357.81,1291.44,1297.93,39381620
2006-05-17,1302.61,1327.24,1289.15,1318.97,32137141
2006-05-18,1311.43,1336.44,1294.91,1328.21,28510402
2006-05-19,1332.16,1369.43,1327.19,1365.65,30783975
2006-05-22,1370.5,1396.49,1364.45,1386.75,33218174
2006-05-23,1388.03,1388.03,1325.99,1326.16,31406252
2006-05-24,1333.31,1360.16,1279.95,1308.69,26600866
2006-05-25,1304.08,1329.63,1298.73,1324.92,19663824
2006-05-26,1330.23,1355.63,1329.14,1355.5,20931172
2006-05-29,1362.84,1387.56,1352.98,1387.52,23429286
2006-05-30,1391.62,1411.38,1380.2,1410.54,24941388
2006-05-31,1408.91,1426.08,1392.15,1402.33,27598876
2006-06-01,1402.34,1455.74,1401.84,1455.74,33069585
2006-06-02,1462.61,1475.09,1440.27,1457.76,38325542
2006-06-05,1461.02,1484.46,1443.31,1484.29,29413874
2006-06-06,1482.8,1485.57,1464.1,1470.45,25329401
2006-06-07,1470.26,1470.26,1370.39,1370.81,27931262
2006-06-08,1357.3,1379.37,1326.78,1376.08,24671632
2006-06-09,1371.4,1386.93,1345.6,1346.48,23220739
2006-06-12,1339.54,1361.91,1329.2,1352.58,14672115
2006-06-13,1350.74,1369.61,1342.47,1361.53,14557767
2006-06-14,1351.34,1351.34,1328.87,1347.88,13987922
2006-06-15,1346.0,1366.4,1344.78,1352.34,13827267
2006-06-16,1362.06,1382.6,1360.42,1382.41,15949331
2006-06-19,1367.06,1405.13,1359.75,1398.0,17174543
2006-06-20,1397.16,1415.88,1391.36,1414.91,17933394
2006-06-21,1414.94,1426.98,1399.69,1410.5,18241678
2006-06-22,1409.15,1416.03,1399.28,1411.28,16067073
2006-06-23,1408.42,1430.63,1401.5,1430.51,16886956
2006-06-26,1433.24,1458.8,1433.24,1457.14,20453222
2006-06-27,1460.9,1466.12,1447.68,1464.69,20306082
2006-06-28,1463.24,1468.86,1454.76,1461.79,17768400
2006-06-29,1465.86,1489.96,1465.86,1488.16,24385373
2006-06-30,1495.51,1501.27,1476.22,1486.0,24636734
2006-07-03,1489.46,1514.07,1483.95,1514.07,25348765
2006-07-04,1516.7,1525.19,1496.63,1508.84,27850126
2006-07-05,1508.36,1508.36,1475.02,1497.66,21574748
2006-07-06,1498.04,1539.39,1497.21,1539.18,25426140
2006-07-07,1544.97,1549.61,1534.19,1541.25,25026863
2006-07-10,1542.9,1551.09,1530.53,1550.04,19808479
2006-07-11,1551.64,1561.9,1543.71,1561.84,20802043
2006-07-12,1564.45,1577.4,1560.07,1562.06,25275444
2006-07-13,1558.43,1558.6,1459.67,1459.78,34944606
2006-07-14,1442.33,1484.89,1435.75,1470.47,21196877
2006-07-17,1467.26,1494.79,1460.73,1494.79,17734058
2006-07-18,1494.96,1506.59,1481.07,1506.59,17912038
2006-07-19,1503.68,1503.68,1460.05,1472.35,19013809
2006-07-20,1470.53,1486.94,1462.41,1484.41,16248454
2006-07-21,1483.04,1494.81,1482.92,1493.04,15893080
2006-07-24,1464.27,1497.52,1453.09,1496.61,16307505
2006-07-25,1498.23,1522.44,1498.23,1518.17,17835350
2006-07-26,1521.89,1529.29,1512.01,1523.86,17399888
2006-07-27,1523.15,1531.69,1492.67,1506.56,19791143
2006-07-28,1504.58,1510.8,1472.63,1492.11,18604575
2006-07-31,1487.78,1487.78,1424.52,1425.04,17977062
2006-08-01,1422.27,1435.65,1403.4,1408.9,14318330
2006-08-02,1409.63,1417.37,1378.6,1401.86,13078178
2006-08-03,1402.93,1412.12,1387.04,1401.16,11173162
2006-08-04,1401.62,1407.77,1353.18,1354.78,13257335
2006-08-07,1349.24,1349.24,1321.1,1323.73,12436967
2006-08-08,1323.0,1364.99,1323.0,1364.99,12371064
2006-08-09,1365.16,1375.46,1355.54,1367.4,11927142
2006-08-10,1367.32,1391.14,1367.3,1391.14,12458222
2006-08-11,1391.47,1401.33,1382.05,1398.01,12293776
2006-08-14,1397.92,1401.28,1352.81,1356.85,12974801
2006-08-15,1355.88,1383.36,1346.16,1383.36,10117217
2006-08-16,1383.83,1407.31,1378.92,1407.31,13800771
2006-08-17,1406.44,1406.44,1381.14,1395.72,12259591
2006-08-18,1392.16,1402.91,1383.71,1384.9,10095910
2006-08-21,1339.52,1392.97,1329.82,1392.97,11813110
2006-08-22,1392.23,1413.02,1389.68,1408.85,14067522
2006-08-23,1409.88,1414.98,1398.54,1403.58,13522173
2006-08-24,1402.83,1416.9,1391.73,1416.9,12826365
2006-08-25,1418.12,1429.24,1416.1,1421.1,15006759
2006-08-28,1425.48,1457.32,1425.48,1457.32,19226082
2006-08-29,1460.52,1482.41,1456.08,1456.44,24396299
2006-08-30,1452.74,1468.99,1445.91,1468.66,16136869
2006-08-31,1469.86,1479.9,1463.2,1479.9,17971384
2006-09-01,1477.48,1481.65,1447.03,1451.95,18102291
2006-09-04,1456.68,1484.44,1455.3,1484.44,16296001
2006-09-05,1488.02,1492.93,1480.78,1490.15,19483676
2006-09-06,1491.83,1497.01,1476.37,1497.01,17850907
2006-09-07,1497.54,1497.54,1465.04,1472.51,14341706
2006-09-08,1470.83,1480.39,1469.41,1473.92,11912110
2006-09-11,1474.47,1481.93,1453.59,1481.93,14193197
2006-09-12,1482.0,1490.42,1479.04,1487.74,15312015
2006-09-13,1488.14,1488.76,1464.85,1466.04,14936861
2006-09-14,1464.45,1469.11,1448.54,1467.8,15010711
2006-09-15,1468.06,1484.69,1466.84,1484.69,15522868
2006-09-18,1487.86,1507.94,1485.96,1507.94,17494033
2006-09-19,1510.14,1516.87,1502.65,1512.96,19406254
2006-09-20,1510.35,1521.65,1499.76,1517.29,17609937
2006-09-21,1516.26,1523.75,1511.16,1521.95,16687352
2006-09-22,1522.79,1523.55,1505.15,1509.39,18487551
2006-09-25,1508.2,1522.4,1499.48,1514.28,17092074
2006-09-26,1513.47,1514.65,1497.4,1508.2,15939399
2006-09-27,1506.8,1522.45,1505.04,1522.45,13780127
2006-09-28,1523.03,1540.51,1521.42,1535.27,16197201
2006-09-29,1537.7,1552.31,1537.7,1550.8,19163800
2006-10-09,1562.49,1579.52,1560.33,1579.52,21129866
2006-10-10,1581.11,1591.45,1571.8,1588.81,25278769
2006-10-11,1587.64,1591.45,1573.48,1591.45,21603318
2006-10-12,1591.39,1591.39,1567.01,1567.29,22633593
2006-10-13,1566.01,1579.07,1561.45,1575.86,17678774
2006-10-16,1577.25,1579.21,1563.84,1567.09,18015112
2006-10-17,1566.74,1575.48,1562.04,1568.51,16322135
2006-10-18,1568.13,1588.59,1565.57,1588.59,15533562
2006-10-19,1589.39,1597.38,1586.81,1597.38,18859082
2006-10-20,1598.13,1600.43,1586.56,1587.9,19020177
2006-10-23,1586.82,1588.75,1529.47,1537.32,21134776
2006-10-24,1535.85,1577.09,1535.85,1577.09,17996568
2006-10-25,1579.58,1583.12,1550.84,1565.9,19871334
2006-10-26,1568.82,1568.82,1551.28,1556.69,15862159
2006-10-27,1555.11,1557.63,1524.97,1530.26,16776153
2006-10-30,1527.01,1531.52,1504.13,1527.22,13871483
2006-10-31,1526.53,1541.64,1523.97,1541.64,14091961
2006-11-01,1541.61,1548.52,1531.1,1548.52,15680124
2006-11-02,1548.2,1548.2,1530.85,1545.83,15894523
2006-11-03,1545.68,1553.68,1544.18,1549.66,14239271
2006-11-06,1540.08,1547.01,1531.55,1540.61,14907359
2006-11-07,1540.8,1540.8,1507.52,1525.65,16321673
2006-11-08,1524.98,1527.2,1517.19,1521.45,12096574
2006-11-09,1518.72,1538.57,1515.99,1537.86,13194955
2006-11-10,1539.21,1539.82,1490.61,1498.87,15683384
2006-11-13,1496.42,1496.67,1437.83,1445.68,14993645
2006-11-14,1443.57,1461.72,1422.74,1461.72,12422880
2006-11-15,1461.26,1484.45,1453.85,1484.45,13274863
2006-11-16,1485.91,1487.06,1461.55,1462.68,15009693
2006-11-17,1459.71,1476.75,1452.69,1476.75,12995218
2006-11-20,1476.48,1476.89,1453.13,1466.65,14596352
2006-11-21,1465.83,1477.68,1450.34,1477.68,14237566
2006-11-22,1478.12,1509.19,1474.57,1500.81,18195598
2006-11-23,1500.12,1509.32,1495.92,1509.32,16538872
2006-11-24,1509.63,1533.85,1499.89,1532.02,19774506
2006-11-27,1532.54,1567.05,1530.66,1567.05,19812298
2006-11-28,1567.01,1582.52,1563.79,1577.18,19723051
2006-11-29,1561.78,1597.0,1543.12,1597.0,20951209
2006-11-30,1599.04,1626.84,1599.04,1623.82,27614668
2006-12-01,1626.75,1637.21,1619.32,1629.21,27637902
2006-12-04,1631.61,1663.2,1631.61,1663.2,29837775
2006-12-05,1666.44,1680.33,1651.89,1675.46,35176816
2006-12-06,1674.31,1678.23,1598.81,1649.14,37482819
2006-12-07,1644.81,1662.96,1632.9,1632.91,32934337
2006-12-08,1618.16,1622.35,1570.72,1571.18,25808656
2006-12-11,1565.95,1621.26,1565.95,1621.26,20101755
2006-12-12,1626.03,1631.76,1596.08,1626.59,21683956
2006-12-13,1627.57,1637.0,1612.39,1634.84,18968559
2006-12-14,1636.55,1662.27,1634.82,1662.27,21859160
2006-12-15,1667.72,1689.67,1666.66,1689.67,26099503
2006-12-18,1699.07,1718.29,1696.91,1717.23,30747037
2006-12-19,1720.57,1724.53,1681.44,1724.53,32015719
2006-12-20,1706.2,1756.0,1702.03,1756.0,33838259
2006-12-21,1755.49,1769.07,1733.53,1737.38,36040827
2006-12-22,1721.33,1741.61,1707.45,1728.4,27420472
2006-12-25,1742.5,1755.7,1730.23,1744.82,26413506
2006-12-26,1747.98,1751.21,1709.54,1726.78,23931457
2006-12-27,1727.82,1738.53,1723.37,1738.53,20997489
2006-12-28,1739.86,1741.05,1690.0,1704.72,24081394
2006-12-29,1706.54,1733.46,1706.54,1726.15,24615518
2007-01-04,1738.93,1748.09,1719.5,1723.69,32129867
2007-01-05,1719.28,1770.48,1712.74,1770.48,29545474
2007-01-08,1773.02,1851.96,1773.02,1851.96,39719320
2007-01-09,1855.35,1893.72,1853.9,1891.87,42845908
2007-01-10,1896.71,1940.83,1884.62,1940.83,45406336
2007-01-11,1946.5,2005.06,1935.4,1952.24,53883464
2007-01-12,1941.35,1972.87,1879.59,1881.75,44080093
2007-01-15,1881.47,1986.54,1881.47,1986.54,38812630
2007-01-16,2002.57,2055.02,1990.87,2055.02,48074418
2007-01-17,2064.29,2093.89,1992.54,2035.65,58832887
2007-01-18,2025.85,2085.4,2002.66,2085.4,50949460
2007-01-19,2097.5,2159.65,2097.5,2159.64,57925168
2007-01-22,2183.44,2259.03,2183.44,2258.99,63589201
2007-01-23,2267.45,2268.69,2175.6,2261.78,61080176
2007-01-24,2260.71,2295.26,2236.57,2283.7,51041222
2007-01-25,2271.52,2271.52,2172.98,2174.24,48175660
2007-01-26,2143.99,2196.28,2061.66,2186.27,44759405
2007-01-29,2201.59,2261.24,2201.59,2260.6,45646662
2007-01-30,2271.47,2280.73,2230.65,2255.94,50247687
2007-01-31,2251.32,2258.7,2129.79,2142.89,49046924
2007-02-01,2120.01,2176.2,2080.16,2165.41,42338845
2007-02-02,2170.03,2190.96,2124.3,2127.1,38610610
2007-02-05,2122.37,2166.09,2118.87,2152.25,30134110
2007-02-06,2158.5,2198.63,2148.1,2198.24,30876185
2007-02-07,2209.65,2237.94,2208.38,2237.94,38327050
2007-02-08,2245.08,2282.19,2233.52,2278.45,39053897
2007-02-09,2282.63,2300.81,2263.61,2287.38,37161822
2007-02-12,2291.66,2341.07,2291.66,2341.07,36188353
2007-02-13,2351.65,2384.16,2338.56,2384.16,38163783
2007-02-14,2386.83,2445.76,2380.74,2435.96,44065582
2007-02-15,2451.44,2512.55,2451.32,2512.4,51516459
2007-02-16,2528.84,2581.56,2519.23,2541.41,54056751
2007-02-26,2557.25,2642.11,2532.1,2642.11,48963084
2007-02-27,2654.44,2673.53,2402.72,2405.57,72404254
2007-02-28,2370.95,2520.0,2369.05,2513.53,53025029
2007-03-01,2526.15,2526.16,2417.84,2459.51,58828139
2007-03-02,2458.26,2515.02,2452.97,2503.68,47238104
2007-03-05,2508.39,2548.25,2419.29,2511.92,49535978
2007-03-06,2501.29,2524.63,2467.68,2516.0,33321666
2007-03-07,2525.53,2580.6,2525.47,2580.6,37230709
2007-03-08,2587.75,2634.88,2562.5,2634.88,43077065
2007-03-09,2637.6,2662.33,2590.44,2638.05,48031705
2007-03-12,2639.89,2696.87,2610.4,2696.5,51367091
2007-03-13,2701.5,2740.46,2694.38,2727.46,53596162
2007-03-14,2704.45,2740.53,2622.75,2708.69,56580271
2007-03-15,2703.93,2760.84,2703.57,2760.84,51009806
2007-03-16,2769.15,2777.41,2671.96,2710.86,55633131
2007-03-19,2623.74,2760.09,2609.31,2751.48,47649881
2007-03-20,2761.01,2811.15,2759.0,2810.71,43558984
2007-03-21,2821.44,2859.03,2801.93,2859.01,48276756
2007-03-22,2869.75,2899.35,2852.67,2861.15,56005698
2007-03-23,2862.63,2901.78,2820.99,2898.0,52272355
2007-03-26,2915.05,2989.05,2915.05,2989.05,56736775
2007-03-27,2995.46,3040.35,2979.13,3039.53,56957800
2007-03-28,3048.5,3060.19,2873.38,3004.29,67009339
2007-03-29,3005.06,3008.22,2894.74,2894.78,55994799
2007-03-30,2878.24,2935.24,2859.73,2926.06,35962417
2007-04-02,2935.21,2993.63,2932.64,2993.63,37673587
2007-04-03,3004.9,3042.46,2993.19,3042.46,46766983
2007-04-04,3049.92,3084.62,3032.49,3078.9,53126352
2007-04-05,3076.76,3137.02,3063.42,3133.14,52801656
2007-04-06,3110.95,3189.11,3097.06,3182.8,56252056
2007-04-09,3201.15,3243.88,3201.15,3240.3,62143752
2007-04-10,3253.67,3261.53,3151.49,3261.53,63556608
2007-04-11,3267.61,3309.98,3231.31,3309.75,67723772
2007-04-12,3316.2,3387.41,3302.36,3387.41,64707446
2007-04-13,3393.96,3419.99,3341.27,3358.63,67535073
2007-04-16,3362.73,3458.07,3362.73,3458.07,60396858
2007-04-17,3482.36,3558.22,3420.31,3558.22,77944237
2007-04-18,3572.7,3652.72,3548.36,3649.71,71614000
2007-04-19,3642.85,3642.85,3356.02,3435.78,78014301
2007-04-20,3456.74,3624.82,3456.74,3614.39,62251145
2007-04-23,3667.55,3784.08,3667.55,3782.26,73720028
2007-04-24,3813.53,3861.57,3753.13,3821.42,81814319
2007-04-25,3802.69,3822.41,3712.04,3805.05,64389272
2007-04-26,3814.82,3854.05,3788.87,3853.27,55433349
2007-04-27,3861.05,3871.4,3801.55,3845.81,58297402
2007-04-30,3831.55,3909.04,3809.97,3903.69,65571150
2007-05-08,3990.71,4093.01,3972.03,4091.13,73123973
2007-05-09,4107.55,4125.42,3918.75,4099.13,83052499
2007-05-10,4103.57,4146.58,4062.48,4128.08,68513921
2007-05-11,4101.65,4130.9,4028.36,4109.4,60242752
2007-05-14,4051.84,4164.81,4014.56,4133.83,58751381
2007-05-15,4140.33,4161.52,3989.36,3998.78,64001794
2007-05-16,3981.82,4118.24,3929.51,4118.14,55559394
2007-05-17,4146.32,4235.05,4135.37,4221.91,62708702
2007-05-18,4219.61,4261.46,4188.32,4235.19,59209700
2007-05-21,4089.85,4364.16,4076.52,4364.16,71621745
2007-05-22,4402.92,4484.53,4402.76,4459.81,80650687
2007-05-23,4486.02,4582.45,4463.27,4582.31,74290000
2007-05-24,4606.15,4625.92,4460.93,4571.71,83135281
2007-05-25,4559.43,4665.98,4525.29,4649.86,71208667
2007-05-28,4707.69,4784.43,4700.62,4761.7,81156435
2007-05-29,4782.41,4853.88,4730.48,4853.64,75634106
2007-05-30,4486.51,4751.04,4430.69,4456.28,80630305
2007-05-31,4329.81,4414.61,4095.4,4267.78,74445307
2007-06-01,4260.77,4317.3,3945.4,3960.44,66043514
2007-06-04,3901.79,3930.34,3615.11,3618.69,45166435
2007-06-05,3430.55,3660.51,3317.87,3659.94,70413230
2007-06-06,3676.69,3786.77,3563.23,3736.93,67135673
2007-06-07,3751.67,3936.83,3736.16,3936.77,64774241
2007-06-08,3970.28,4036.88,3931.38,4002.87,64571339
2007-06-11,4057.17,4117.25,4056.82,4104.55,61730087
2007-06-12,4138.33,4218.61,3945.68,4218.44,73569739
2007-06-13,4263.62,4398.61,4254.63,4372.53,77713292
2007-06-14,4365.98,4399.52,4249.21,4311.98,68961106
2007-06-15,4262.75,4349.16,4232.3,4316.53,52084749
2007-06-18,4400.4,4454.78,4400.4,4439.19,57885770
2007-06-19,4446.69,4529.28,4394.23,4529.03,61844389
2007-06-20,4539.58,4589.22,4371.0,4396.22,67280998
2007-06-21,4372.35,4452.48,4277.04,4374.49,52002466
2007-06-22,4376.38,4386.93,4050.67,4123.21,55689411
2007-06-25,4139.28,4184.33,3824.89,3851.94,47652136
2007-06-26,3739.19,3930.04,3667.82,3928.7,43627271
2007-06-27,3944.36,4031.63,3877.08,4022.31,42012260
2007-06-28,4017.18,4026.09,3756.6,3757.98,39969481
2007-06-29,3636.31,3718.18,3527.32,3585.49,38787818
2007-07-02,3571.72,3658.14,3489.12,3644.79,33504868
2007-07-03,3675.35,3710.08,3587.71,3704.71,30575776
2007-07-04,3711.61,3716.5,3605.45,3622.52,26839808
2007-07-05,3562.28,3570.05,3378.45,3380.18,29414090
2007-07-06,3359.09,3594.42,3309.15,3591.38,37954628
2007-07-09,3627.98,3737.69,3603.51,3711.71,41519753
2007-07-10,3704.88,3704.88,3587.16,3606.19,34736935
2007-07-11,3581.91,3653.31,3564.15,3653.31,24806420
2007-07-12,3659.4,3687.15,3634.48,3671.18,23598616
2007-07-13,3671.46,3672.34,3596.25,3655.84,20163549
2007-07-16,3654.86,3662.36,3532.06,3532.06,20845935
2007-07-17,3514.28,3641.5,3492.26,3610.38,21454454
2007-07-18,3601.29,3673.9,3573.53,3624.34,24959894
2007-07-19,3615.97,3652.53,3593.21,3640.28,18838755
2007-07-20,3642.33,3791.31,3642.33,3788.74,35232854
2007-07-23,3813.98,3984.79,3813.98,3984.79,50433562
2007-07-24,4012.79,4097.47,3977.45,3993.02,51089454
2007-07-25,3991.35,4106.83,3991.18,4106.83,41057606
2007-07-26,4135.06,4212.32,4103.28,4190.88,47620395
2007-07-27,4171.89,4269.85,4111.69,4269.77,48190964
2007-07-30,4279.04,4386.29,4277.83,4353.09,53009654
2007-07-31,4349.61,4403.67,4279.3,4403.58,50712508
2007-08-01,4423.04,4435.24,4155.48,4161.13,59398872
2007-08-02,4181.49,4336.81,4171.86,4336.81,46425759
2007-08-03,4376.96,4424.27,4323.99,4408.05,53896072
2007-08-06,4446.21,4504.66,4418.26,4504.34,54750123
2007-08-07,4510.08,4510.08,4405.6,4470.14,51098863
2007-08-08,4435.79,4465.57,4294.06,4395.43,46105603
2007-08-09,4392.99,4444.96,4392.99,4442.06,38807227
2007-08-10,4443.12,4443.12,4243.74,4348.81,40678678
2007-08-13,4343.73,4350.35,4257.38,4329.77,40502417
2007-08-14,4329.95,4440.76,4324.86,4436.21,37008299
2007-08-15,4448.92,4460.17,4300.56,4412.79,37001028
2007-08-16,4396.9,4462.58,4344.46,4438.96,39367719
2007-08-17,4422.65,4482.73,4384.53,4390.88,38005656
2007-08-20,4475.4,4570.57,4468.85,4570.57,45576502
2007-08-21,4598.38,4636.64,4571.76,4625.28,49591844
2007-08-22,4566.17,4704.88,4543.52,4685.06,55468434
2007-08-23,4708.67,4739.89,4662.03,4733.84,50015585
2007-08-24,4752.3,4765.17,4703.05,4742.95,50881115
2007-08-27,4802.43,4822.02,4680.1,4724.54,52241819
2007-08-28,4706.03,4734.56,4630.42,4729.79,47776479
2007-08-29,4711.04,4762.46,4642.65,4701.44,44907270
2007-08-30,4721.39,4849.63,4721.39,4843.71,51519909
2007-08-31,4872.0,4914.96,4868.46,4897.64,55587884
2007-09-03,4941.98,5023.52,4941.98,5008.83,64639716
2007-09-04,5032.55,5055.61,4957.89,4980.53,57774062
2007-09-05,4985.5,5016.48,4900.54,5010.73,45766789
2007-09-06,5036.06,5080.34,5028.05,5065.52,51029933
2007-09-07,5036.79,5051.54,4937.81,4939.23,57324598
2007-09-10,4881.12,5038.95,4834.32,5038.94,49224554
2007-09-11,5041.23,5054.09,4712.09,4718.31,55784241
2007-09-12,4692.4,4797.42,4590.27,4770.77,47944355
2007-09-13,4788.87,4872.66,4765.23,4872.66,41370635
2007-09-14,4892.23,4948.1,4824.02,4936.69,46901566
2007-09-17,4926.84,5052.76,4919.7,5047.6,52511732
2007-09-18,5068.11,5096.54,5002.23,5096.24,49774866
2007-09-19,5106.86,5114.96,5008.45,5029.1,43110976
2007-09-20,5043.42,5083.29,5020.59,5079.08,41224370
2007-09-21,5093.25,5098.76,4922.33,5028.84,42901057
2007-09-24,5040.3,5080.56,4974.56,5054.73,39626579
2007-09-25,5054.47,5081.85,4977.45,5013.06,33147225
2007-09-26,5010.22,5034.8,4903.29,4932.52,27770924
2007-09-27,4934.37,4972.83,4898.23,4972.72,25245216
2007-09-28,5009.9,5099.06,5009.9,5083.65,35372404
2007-10-08,5169.23,5178.6,5084.66,5088.6,36258309
2007-10-09,5089.64,5142.17,5036.07,5141.89,35443191
2007-10-10,5157.89,5166.09,5074.96,5109.1,37983666
2007-10-11,5110.68,5114.23,4998.6,5005.5,36394377
2007-10-12,5005.56,5006.51,4662.11,4891.39,47244762
2007-10-15,4896.83,4905.59,4774.24,4890.6,34245875
2007-10-16,4898.38,4943.98,4833.92,4943.56,28644935
2007-10-17,4942.83,4955.68,4887.45,4929.54,27959089
2007-10-18,4923.34,4923.34,4812.54,4814.46,27461488
2007-10-19,4831.99,4884.43,4782.51,4813.95,22176601
2007-10-22,4775.68,4812.22,4686.09,4688.29,23355677
2007-10-23,4689.11,4736.03,4551.13,4688.72,22961573
2007-10-24,4700.0,4712.31,4590.87,4596.63,22316589
2007-10-25,4564.34,4564.34,4245.65,4251.5,30098040
2007-10-26,4196.25,4268.31,4126.57,4228.95,21560562
2007-10-29,4251.17,4289.23,4211.15,4288.79,18080846
2007-10-30,4303.7,4388.43,4264.77,4388.33,18713901
2007-10-31,4422.6,4556.79,4414.32,4550.18,26309613
2007-11-01,4557.64,4557.64,4430.27,4431.1,23393038
2007-11-02,4372.87,4404.25,4303.56,4329.63,21624770
2007-11-05,4306.73,4396.04,4279.02,4361.87,17471051
2007-11-06,4365.14,4431.38,4362.22,4395.01,16420338
2007-11-07,4404.77,4432.36,4304.85,4385.86,15667195
2007-11-08,4373.63,4373.63,4203.05,4205.65,17215609
2007-11-09,4174.46,4215.87,4098.3,4153.24,15929249
2007-11-12,4090.91,4119.08,3996.16,4098.56,17257974
2007-11-13,4121.09,4171.25,4061.6,4114.51,16725083
2007-11-14,4149.89,4264.4,4137.99,4264.0,19491376
2007-11-15,4258.37,4275.24,4201.03,4210.7,19245921
2007-11-16,4175.57,4224.41,4146.1,4217.23,15545429
2007-11-19,4228.58,4319.77,4226.95,4313.28,17968551
2007-11-20,4305.54,4389.15,4285.99,4371.68,19062835
2007-11-21,4381.34,4399.81,4303.44,4308.42,17508413
2007-11-22,4254.81,4259.76,4104.08,4113.31,15528087
2007-11-23,4084.58,4194.34,4067.41,4193.98,11425117
2007-11-26,4238.58,4266.98,4148.76,4151.88,14035768
2007-11-27,4130.1,4173.19,4102.01,4108.95,11995548
2007-11-28,4118.45,4155.0,4057.74,4078.04,11482784
2007-11-29,4108.44,4187.23,4059.37,4185.27,16398975
2007-11-30,4189.25,4196.69,4113.42,4122.93,15511798
2007-12-03,4113.21,4186.48,4101.1,4170.26,14052326
2007-12-04,4174.79,4209.04,4174.79,4194.02,13967543
2007-12-05,4190.48,4273.13,4180.06,4273.04,17699605
2007-12-06,4281.9,4292.9,4251.78,4291.07,15894081
2007-12-07,4295.29,4362.22,4291.87,4362.22,19130818
2007-12-10,4304.75,4484.11,4288.5,4483.83,27756959
2007-12-11,4495.5,4535.15,4464.24,4534.94,29101646
2007-12-12,4520.93,4573.52,4497.67,4544.68,25664017
2007-12-13,4533.09,4564.36,4401.13,4402.64,26583767
2007-12-14,4359.81,4499.56,4331.32,4499.53,22307465
2007-12-17,4512.38,4564.25,4498.96,4506.04,28954406
2007-12-18,4489.42,4531.26,4453.77,4467.81,17892083
2007-12-19,4490.77,4575.41,4490.77,4565.62,23556730
2007-12-20,4576.09,4627.69,4567.79,4621.39,23552788
2007-12-21,4603.76,4692.12,4602.1,4691.53,26200857
2007-12-24,4724.17,4810.56,4724.08,4772.64,34845138
2007-12-25,4780.47,4820.43,4755.01,4815.21,28556997
2007-12-26,4829.59,4912.84,4829.59,4912.84,30823799
2007-12-27,4933.73,4987.21,4932.92,4963.45,35701877
2007-12-28,4972.08,4984.21,4927.64,4947.6,29803571
2008-01-02,4963.05,5125.32,4960.35,5123.93,34345911
2008-01-03,5129.05,5241.55,5110.53,5230.75,41987483
2008-01-04,5241.09,5246.11,5171.4,5243.03,33308591
2008-01-07,5237.94,5358.59,5222.2,5347.81,40403713
2008-01-08,5358.81,5367.54,5158.12,5200.55,42472884
2008-01-09,5176.27,5356.48,5167.34,5356.48,34823785
2008-01-10,5372.82,5438.31,5354.86,5382.33,40849678
2008-01-11,5385.9,5392.27,5290.71,5376.8,34948235
2008-01-14,5382.73,5450.89,5368.48,5445.1,33850869
2008-01-15,5451.64,5495.39,5418.12,5487.09,36880404
2008-01-16,5461.88,5463.2,5389.15,5412.91,39059990
2008-01-17,5380.82,5467.13,5106.92,5270.96,42935088
2008-01-18,5268.9,5320.45,5210.36,5317.45,31238228
2008-01-21,5331.67,5343.87,5078.5,5097.23,35462972
2008-01-22,4976.79,4976.79,4639.96,4661.83,40374461
2008-01-23,4662.71,4912.48,4624.94,4912.06,38194757
2008-01-24,4951.38,5116.49,4915.97,5080.93,42780036
2008-01-25,5081.31,5146.86,5054.08,5096.69,38904383
2008-01-28,5073.63,5073.63,4712.61,4740.5,34534567
2008-01-29,4757.19,4888.79,4720.68,4840.64,23744433
2008-01-30,4878.4,4950.18,4725.39,4851.43,24904476
2008-01-31,4839.4,4868.31,4661.59,4663.42,18567935
2008-02-01,4653.54,4686.6,4308.52,4456.93,22513663
2008-02-04,4570.11,4821.08,4570.11,4820.39,21305053
2008-02-05,4818.54,4889.38,4751.23,4839.0,20773921
2008-02-13,4798.57,4884.69,4749.15,4813.58,15587040
2008-02-14,4842.94,4929.77,4842.94,4910.36,16113469
2008-02-15,4884.37,4886.06,4800.64,4886.02,19162780
2008-02-18,4953.03,5072.11,4946.51,5043.14,28922754
2008-02-19,5054.61,5137.84,5026.56,5133.36,28823325
2008-02-20,5152.28,5171.18,5079.77,5089.44,31477151
2008-02-21,5068.03,5184.15,5022.65,5153.6,31554579
2008-02-22,5140.12,5151.29,4938.73,5029.2,31199166
2008-02-25,5038.63,5068.98,4856.48,4869.65,26735589
2008-02-26,4974.71,5021.6,4729.85,4868.81,25287595
2008-02-27,4880.16,4977.33,4854.15,4977.33,23774898
2008-02-28,4986.44,5045.11,4935.3,4989.41,24117614
2008-02-29,4984.4,5058.12,4976.15,5057.62,25394688
2008-03-03,5044.94,5227.79,5014.28,5227.73,37422561
2008-03-04,5246.41,5279.21,5177.74,5192.59,43168115
2008-03-05,5171.78,5218.3,5068.2,5214.24,38579300
2008-03-06,5229.78,5296.26,5220.37,5223.82,44758020
2008-03-07,5194.66,5208.9,5104.92,5115.92,29953784
2008-03-10,5081.11,5084.4,4915.44,4948.35,23857879
2008-03-11,4906.14,5015.93,4841.56,5015.93,20439510
2008-03-12,5095.97,5122.54,4880.7,4881.03,22539381
2008-03-13,4829.24,4844.18,4589.51,4688.68,25924778
2008-03-14,4665.83,4718.18,4598.15,4662.32,16579345
2008-03-17,4641.92,4642.73,4299.56,4302.61,21112847
2008-03-18,4237.3,4327.38,3926.46,3986.32,24330980
2008-03-19,4065.0,4241.94,3989.64,4176.49,25517310
2008-03-20,4112.7,4394.75,3956.03,4347.74,28428386
2008-03-21,4347.27,4448.06,4315.67,4405.86,25717359
2008-03-24,4459.51,4489.46,4312.77,4314.58,25757548
2008-03-25,4233.95,4386.84,4190.54,4367.34,22386574
2008-03-26,4383.73,4446.54,4317.06,4352.05,19459637
2008-03-27,4298.39,4298.39,4115.52,4119.79,21748198
2008-03-28,4072.04,4248.4,3948.85,4241.45,23076199
2008-03-31,4129.93,4200.76,4042.62,4044.1,19053105
2008-04-01,4024.44,4070.11,3695.51,3704.27,22753575
2008-04-02,3725.19,3778.57,3464.41,3500.52,23076090
2008-04-03,3469.78,3631.55,3392.08,3588.76,18938839
2008-04-07,3544.31,3825.85,3506.78,3822.37,21854728
2008-04-08,3832.92,3941.24,3806.29,3908.8,25150057
2008-04-09,3887.99,3960.77,3694.96,3695.31,24320221
2008-04-10,3639.61,3803.65,3614.7,3803.46,20713312
2008-04-11,3831.04,3898.51,3823.67,3862.36,19907941
2008-04-14,3778.69,3779.25,3597.08,3607.22,20826898
2008-04-15,3588.23,3723.27,3529.18,3723.27,18137731
2008-04-16,3717.13,3732.77,3612.59,3633.68,17413194
2008-04-17,3632.82,3695.17,3458.53,3511.91,17224704
2008-04-18,3483.85,3495.03,3333.11,3338.27,16732307
2008-04-21,3578.8,3579.58,3273.58,3314.51,21837805
2008-04-22,3264.66,3281.48,3093.67,3266.38,19059849
2008-04-23,3238.46,3428.55,3210.75,3409.77,22778040
2008-04-24,3692.55,3726.87,3603.96,3723.07,47085731
2008-04-25,3716.51,3873.33,3669.36,3756.33,42792013
2008-04-28,3696.93,3779.58,3667.58,3729.56,30778741
2008-04-29,3714.79,3782.52,3708.58,3759.54,25885782
2008-04-30,3771.19,3910.41,3771.19,3903.18,37790831
2008-05-05,3943.2,4046.68,3895.64,4040.16,39172367
2008-05-06,4015.55,4086.43,3969.97,4024.99,39841700
2008-05-07,4001.59,4049.11,3849.98,3850.23,37470529
2008-05-08,3805.33,3985.2,3796.55,3985.2,31820528
2008-05-09,4014.17,4049.78,3891.49,3986.24,37449272
2008-05-12,3926.05,4110.7,3893.39,4069.15,37697504
2008-05-13,3944.54,4107.59,3932.71,4078.88,46981037
2008-05-14,4076.88,4171.27,4076.88,4168.49,43683682
2008-05-15,4186.75,4230.77,4131.25,4131.25,39735067
2008-05-16,4126.65,4160.4,4005.07,4071.91,30652808
2008-05-19,4059.28,4100.56,4008.57,4070.05,22805929
2008-05-20,4070.79,4098.65,3792.15,3813.94,31286546
2008-05-21,3757.06,3932.3,3663.2,3908.77,34400607
2008-05-22,3866.7,3958.45,3834.54,3871.55,31415975
2008-05-23,3857.22,3890.16,3746.01,3829.65,29245492
2008-05-26,3804.3,3812.31,3726.76,3728.75,28323669
2008-05-27,3712.76,3752.96,3679.0,3743.54,20108659
2008-05-28,3749.6,3864.81,3730.74,3847.26,23523875
2008-05-29,3839.54,3859.85,3749.22,3749.22,24258298
2008-05-30,3744.25,3781.33,3695.29,3755.63,21345458
2008-06-02,3747.59,3804.79,3730.14,3788.15,21008026
2008-06-03,3789.03,3804.56,3741.41,3771.1,22600917
2008-06-04,3759.88,3764.56,3667.26,3704.08,20518031
2008-06-05,3690.86,3705.46,3639.81,3657.49,17225467
2008-06-06,3662.05,3680.27,3607.24,3629.92,15106070
2008-06-10,3487.05,3487.05,3297.91,3312.79,18875808
2008-06-11,3250.44,3270.85,3165.7,3226.92,20126343
2008-06-12,3209.92,3244.57,3125.09,3197.54,20001540
2008-06-13,3202.26,3227.48,3042.5,3045.1,17586874
2008-06-16,3041.7,3076.44,2926.71,2977.82,15780758
2008-06-17,2974.09,3005.79,2776.85,2791.29,18512967
2008-06-18,2767.8,2970.4,2684.67,2951.84,26356834
2008-06-19,2927.16,2936.68,2700.37,2702.8,23981574
2008-06-20,2718.78,2866.61,2596.84,2764.28,27585838
2008-06-23,2726.45,2779.01,2693.06,2717.97,16676657
2008-06-24,2708.78,2818.92,2702.63,2806.77,20244826
2008-06-25,2805.59,2966.9,2797.12,2966.9,28449752
2008-06-26,2965.46,3041.37,2939.86,3003.3,30425738
2008-06-27,2902.01,2920.11,2762.19,2792.71,26066420
2008-06-30,2762.34,2838.18,2737.75,2813.72,16361769
2008-07-01,2819.53,2831.91,2741.11,2765.06,17018353
2008-07-02,2768.72,2848.63,2754.69,2811.23,17255785
2008-07-03,2776.92,2973.38,2742.74,2941.52,30751413
2008-07-04,2931.84,2979.8,2913.2,2941.08,26879750
2008-07-07,2948.69,3096.27,2948.69,3094.84,34492532
2008-07-08,3101.29,3154.27,3044.67,3142.32,36576108
2008-07-09,3148.61,3226.2,3146.74,3226.15,42098142
2008-07-10,3186.59,3264.02,3152.49,3152.49,42047451
2008-07-11,3133.69,3167.82,3074.05,3132.73,30154709
2008-07-14,3111.58,3198.61,3100.04,3198.35,26040784
2008-07-15,3208.55,3231.37,3085.12,3106.33,32645243
2008-07-16,3072.41,3081.41,2893.36,2948.53,27609955
2008-07-17,2991.35,3031.89,2901.94,2918.37,23928851
2008-07-18,2935.65,3026.14,2855.92,3015.8,23682383
2008-07-21,3002.46,3151.03,2982.51,3139.51,28663797
2008-07-22,3138.76,3183.19,3126.17,3150.01,29213112
2008-07-23,3161.21,3180.18,3116.84,3122.69,28395071
2008-07-24,3137.44,3206.38,3134.97,3200.74,30853128
2008-07-25,3167.9,3205.58,3148.5,3172.17,26398364
2008-07-28,3190.28,3229.16,3190.28,3215.85,27742362
2008-07-29,3179.78,3182.22,3126.02,3150.0,27028920
2008-07-30,3184.23,3201.05,3105.96,3132.77,22320518
2008-07-31,3139.78,3147.65,3015.66,3017.22,20879750
2008-08-01,3001.0,3084.1,2958.03,3063.81,20683963
2008-08-04,3044.14,3067.04,2986.35,2990.17,17827895
2008-08-05,2988.34,3005.64,2889.25,2897.73,18506415
2008-08-06,2913.87,2941.4,2857.91,2904.19,18056001
2008-08-07,2899.84,2931.0,2871.18,2923.75,17788436
2008-08-08,2924.93,2924.93,2709.96,2711.96,21309704
2008-08-11,2699.08,2699.08,2497.27,2508.59,19815711
2008-08-12,2467.68,2508.43,2436.94,2473.42,16283799
2008-08-13,2454.89,2496.6,2369.38,2472.3,17795574
2008-08-14,2458.8,2506.47,2443.88,2483.7,14520588
2008-08-15,2478.16,2510.96,2446.03,2473.72,13570525
2008-08-18,2479.39,2483.98,2287.28,2289.3,15336331
2008-08-19,2255.72,2331.35,2235.71,2327.02,13920257
2008-08-20,2316.68,2521.08,2287.69,2520.74,26330757
2008-08-21,2484.82,2535.06,2419.71,2431.1,25329285
2008-08-22,2412.88,2418.89,2326.27,2382.52,17875339
2008-08-25,2379.21,2413.88,2348.96,2374.06,14033218
2008-08-26,2347.81,2347.81,2207.67,2244.99,17692714
2008-08-27,2230.15,2279.55,2180.94,2237.87,16134188
2008-08-28,2232.71,2256.96,2216.06,2236.82,13263577
2008-08-29,2242.16,2334.8,2242.16,2307.16,19417917
2008-09-01,2290.41,2290.41,2219.52,2238.05,15455365
2008-09-02,2224.8,2278.49,2198.64,2253.77,15449478
2008-09-03,2246.73,2268.38,2199.15,2237.28,18866490
2008-09-04,2233.11,2278.51,2220.64,2254.69,15600557
2008-09-05,2193.56,2210.75,2145.66,2148.74,17462008
2008-09-08,2146.75,2160.86,2031.53,2039.89,15894645
2008-09-09,2044.3,2070.47,2021.82,2057.56,12755283
2008-09-10,2044.03,2108.59,2025.67,2072.81,15341723
2008-09-11,2068.18,2089.96,2023.25,2034.25,13175295
2008-09-12,2032.35,2067.59,2031.21,2038.66,10496691
2008-09-16,2036.38,2037.68,1981.22,1993.46,14941077
2008-09-17,1988.78,2013.01,1946.8,1956.04,14183202
2008-09-18,1915.32,1938.82,1797.07,1899.32,21147827
2008-09-19,2072.61,2086.83,2049.02,2086.83,23083755
2008-09-22,2213.53,2276.66,2097.78,2182.79,46244381
2008-09-23,2108.51,2110.06,2041.97,2042.2,27446202
2008-09-24,2006.01,2088.55,1984.23,2088.55,21766416
2008-09-25,2091.39,2158.15,2086.08,2138.06,34836875
2008-09-26,2144.52,2156.96,2094.7,2136.0,26804391
2008-10-06,2092.35,2096.35,2049.36,2054.04,20982550
2008-10-07,1994.02,2070.72,1972.94,2046.19,18706028
2008-10-08,2005.91,2033.22,1975.82,1995.61,16635678
2008-10-09,2034.55,2042.8,1968.9,1969.81,15749337
2008-10-10,1901.03,1901.03,1836.5,1837.4,19147469
2008-10-13,1814.54,1872.95,1751.52,1872.95,17247625
2008-10-14,1932.08,1941.1,1816.32,1816.32,21644382
2008-10-15,1801.39,1823.7,1781.17,1806.79,14004050
2008-10-16,1741.12,1756.36,1703.24,1704.56,17651871
2008-10-17,1717.58,1736.22,1696.72,1726.4,13810887
2008-10-20,1725.56,1787.9,1705.57,1786.56,16738951
2008-10-21,1793.66,1824.38,1776.7,1782.66,20064584
2008-10-22,1765.61,1792.6,1747.46,1748.84,16682010
2008-10-23,1716.3,1766.59,1706.83,1766.59,15466692
2008-10-24,1764.81,1777.69,1723.5,1741.18,15940938
2008-10-27,1711.82,1711.82,1602.52,1604.76,19565598
2008-10-28,1570.99,1650.79,1562.4,1642.06,20157776
2008-10-29,1662.04,1665.73,1576.88,1576.93,18664424
2008-10-30,1585.52,1613.4,1565.72,1590.23,16592959
2008-10-31,1590.45,1599.16,1553.49,1562.02,13754040
2008-11-03,1553.88,1563.69,1532.95,1539.8,12354945
2008-11-04,1533.75,1535.74,1488.65,1513.49,14212153
2008-11-05,1519.8,1573.52,1519.8,1563.37,20628915
2008-11-06,1530.03,1542.76,1514.58,1536.6,16775525
2008-11-07,1512.98,1569.26,1503.63,1561.22,17839227
2008-11-10,1585.29,1677.38,1585.29,1676.28,31892066
2008-11-11,1671.24,1702.18,1651.59,1662.85,34852245
2008-11-12,1648.08,1704.23,1642.4,1704.23,26825960
2008-11-13,1686.07,1802.61,1680.77,1784.5,47507868
2008-11-14,1802.25,1867.48,1781.72,1867.48,55050340
2008-11-17,1864.31,1959.07,1851.87,1959.07,56535913
2008-11-18,1949.21,1971.66,1806.52,1816.29,63976109
2008-11-19,1803.41,1949.46,1803.41,1944.33,53437019
2008-11-20,1916.87,1990.3,1900.52,1948.68,59822600
2008-11-21,1890.98,1973.28,1833.98,1921.04,55083177
2008-11-24,1920.55,1938.47,1839.08,1842.34,37202085
2008-11-25,1869.02,1886.46,1780.91,1827.64,28119453
2008-11-26,1825.34,1857.71,1806.09,1834.77,23963110
2008-11-27,1961.97,1965.65,1860.99,1861.52,47539920
2008-11-28,1845.3,1868.33,1821.17,1841.45,30741424
2008-12-01,1836.42,1919.47,1820.53,1919.47,37176944
2008-12-02,1878.35,1973.1,1868.94,1957.32,50216723
2008-12-03,1972.4,2039.93,1972.17,2039.93,59429076
2008-12-04,2062.64,2110.67,2034.64,2037.72,74284731
2008-12-05,2024.41,2098.66,2020.55,2098.66,51366290
2008-12-08,2128.68,2190.53,2120.54,2190.53,69811089
2008-12-09,2196.03,2196.03,2123.93,2134.58,60845045
2008-12-10,2123.04,2199.78,2113.15,2195.74,52866679
2008-12-11,2195.48,2203.29,2125.85,2127.18,51629822
2008-12-12,2107.48,2118.59,2001.18,2031.99,45509821
2008-12-15,2063.91,2082.77,2021.05,2073.03,36196029
2008-12-16,2058.67,2110.57,2008.41,2110.24,36115418
2008-12-17,2117.65,2164.59,2110.06,2136.31,44330618
2008-12-18,2135.68,2176.46,2118.3,2175.36,41871992
2008-12-19,2175.76,2216.89,2169.87,2194.99,48167946
2008-12-22,2196.39,2213.0,2154.43,2193.48,42559939
2008-12-23,2197.79,2197.79,2052.62,2054.53,45766100
2008-12-24,2020.96,2043.15,1985.82,2010.1,34314086
2008-12-25,2015.96,2035.83,1966.54,2003.49,28189665
2008-12-26,2006.13,2018.14,1976.08,1983.76,21288477
2008-12-29,1977.21,1991.56,1928.07,1984.76,20060068
2008-12-30,1983.46,2004.64,1961.8,1971.47,22269185
2008-12-31,1973.41,1983.13,1938.01,1939.43,19916636
2009-01-05,1969.63,2020.24,1962.62,2020.24,24718227
2009-01-06,2016.87,2093.6,2005.33,2091.89,38325979
2009-01-07,2092.74,2120.21,2082.55,2104.92,40155901
2009-01-08,2069.22,2087.16,2034.4,2052.3,33592609
2009-01-09,2050.32,2107.77,2050.32,2107.77,31585564
2009-01-12,2105.15,2162.35,2100.04,2137.84,38011768
2009-01-13,2116.11,2125.46,2078.06,2081.67,33355966
2009-01-14,2078.45,2160.06,2078.45,2160.06,37642928
2009-01-15,2143.05,2208.34,2135.7,2181.06,50112554
2009-01-16,2192.03,2228.9,2186.16,2195.63,53147018
2009-01-19,2209.13,2221.24,2166.08,2192.81,40780846
2009-01-20,2188.61,2214.84,2170.9,2214.84,32273924
2009-01-21,2187.18,2236.44,2178.54,2217.63,38764397
2009-01-22,2232.81,2260.5,2222.5,2256.37,42052269
2009-01-23,2253.32,2265.42,2233.5,2238.08,37781175
2009-02-02,2258.51,2306.77,2245.26,2306.77,42700513
2009-02-03,2307.89,2369.65,2300.98,2369.65,63882148
2009-02-04,2380.62,2423.92,2370.01,2423.89,69846976
2009-02-05,2421.36,2436.69,2362.23,2384.76,73744119
2009-02-06,2390.24,2496.59,2390.24,2493.74,76563552
2009-02-09,2528.8,2580.75,2500.54,2579.23,90834108
2009-02-10,2564.75,2653.21,2535.65,2653.21,81705152
2009-02-11,2609.01,2723.46,2594.93,2658.05,95073550
2009-02-12,2666.49,2707.92,2587.19,2707.92,80197106
2009-02-13,2714.64,2808.48,2704.66,2805.01,90039523
2009-02-16,2833.29,2854.56,2777.42,2854.44,90691687
2009-02-17,2844.22,2844.22,2734.37,2738.58,85069086
2009-02-18,2676.81,2736.59,2630.71,2632.91,68995989
2009-02-19,2661.6,2696.78,2629.34,2687.49,57010305
2009-02-20,2694.78,2776.96,2671.18,2776.96,60043581
2009-02-23,2769.63,2878.5,2753.85,2871.79,73580422
2009-02-24,2838.24,2884.01,2746.02,2754.24,85993462
2009-02-25,2780.33,2803.51,2677.26,2771.1,68657574
2009-02-26,2769.24,2800.21,2535.53,2571.28,65727755
2009-02-27,2528.6,2542.55,2396.31,2416.95,53180001
2009-03-02,2385.84,2485.02,2382.02,2478.81,37333121
2009-03-03,2416.11,2526.85,2398.8,2499.83,44132147
2009-03-04,2508.27,2654.4,2508.27,2651.41,61254466
2009-03-05,2680.32,2710.02,2608.13,2671.57,70331772
2009-03-06,2621.23,2676.36,2608.56,2653.47,50807742
2009-03-09,2661.95,2692.75,2528.6,2536.01,50605052
2009-03-10,2505.93,2601.5,2498.25,2601.42,35740689
2009-03-11,2646.61,2655.22,2575.0,2587.37,43868976
2009-03-12,2572.39,2604.78,2507.23,2597.23,38265162
2009-03-13,2606.88,2625.61,2564.15,2569.63,36035126
2009-03-16,2563.02,2604.0,2539.91,2603.06,31294853
2009-03-17,2608.23,2708.35,2594.12,2699.59,54249799
2009-03-18,2711.17,2778.15,2707.79,2734.55,68328367
2009-03-19,2737.38,2797.16,2733.7,2797.16,65849600
2009-03-20,2799.79,2802.71,2731.71,2784.11,64333748
2009-03-23,2784.89,2846.63,2779.7,2843.88,70752256
2009-03-24,2871.44,2877.45,2835.2,2865.33,72372151
2009-03-25,2849.92,2873.13,2785.55,2785.66,64925444
2009-03-26,2784.89,2853.51,2746.79,2853.41,57070365
2009-03-27,2871.39,2894.51,2852.93,2877.88,69678993
2009-03-30,2880.53,2904.59,2866.86,2883.21,57376148
2009-03-31,2825.93,2914.2,2808.6,2914.13,59667522
2009-04-01,2924.39,2978.1,2924.31,2962.84,76329270
2009-04-02,2972.74,2996.39,2952.76,2965.74,76376077
2009-04-03,2983.22,2990.07,2909.83,2934.25,66739600
2009-04-07,2941.39,2968.52,2925.74,2968.52,53024734
2009-04-08,2959.81,2969.81,2867.17,2867.17,61578797
2009-04-09,2862.11,2915.07,2838.63,2915.02,49871136
2009-04-10,2932.01,3012.25,2921.61,3009.38,72079940
2009-04-13,3030.7,3055.65,3019.16,3050.37,77994885
2009-04-14,3047.77,3102.78,3031.59,3099.43,76936976
2009-04-15,3084.04,3143.82,3055.25,3143.82,83775471
2009-04-16,3151.0,3182.58,3097.54,3159.26,86665480
2009-04-17,3152.36,3171.86,3083.64,3119.42,76864812
2009-04-20,3111.47,3205.88,3109.9,3205.88,73529071
2009-04-21,3173.53,3225.11,3142.12,3205.08,79868178
2009-04-22,3219.34,3235.45,3021.41,3042.64,86051843
2009-04-23,3013.09,3080.25,2978.65,3059.71,55318761
2009-04-24,3070.35,3082.5,3034.45,3036.76,52483375
2009-04-27,3034.24,3042.8,2903.3,2916.11,53130567
2009-04-28,2900.09,2959.95,2897.8,2959.95,44365085
2009-04-29,2963.21,3043.41,2954.85,3040.04,56199875
2009-04-30,3051.14,3096.76,3040.75,3086.22,62320401
2009-05-04,3096.39,3190.27,3096.39,3190.25,69192010
2009-05-05,3208.27,3234.13,3183.39,3220.61,72957325
2009-05-06,3215.6,3264.58,3204.31,3264.58,72987002
2009-05-07,3278.99,3285.77,3177.95,3242.63,81373899
2009-05-08,3227.22,3274.57,3196.79,3257.59,77862548
2009-05-11,3269.02,3275.12,3134.44,3134.57,79066335
2009-05-12,3105.86,3212.18,3101.32,3212.14,50827090
2009-05-13,3215.97,3247.84,3201.02,3234.15,61448252
2009-05-14,3211.21,3256.53,3200.11,3246.56,59123915
2009-05-15,3255.45,3285.45,3238.68,3270.74,58945698
2009-05-18,3265.0,3297.54,3211.39,3295.65,56313856
2009-05-19,3313.91,3338.25,3302.75,3325.53,71390583
2009-05-20,3328.12,3343.66,3302.74,3306.47,70002826
2009-05-21,3288.24,3309.32,3225.55,3247.48,70062883
2009-05-22,3235.41,3283.5,3227.19,3254.53,49637979
2009-05-25,3176.16,3277.69,3152.54,3271.5,56607342
2009-05-26,3274.63,3319.12,3271.91,3274.85,61079104
2009-05-27,3287.99,3300.22,3241.22,3276.75,50492467
2009-06-01,3302.0,3335.07,3296.12,3332.34,56432387
2009-06-02,3346.07,3366.74,3333.46,3353.92,64421806
2009-06-03,3351.78,3380.36,3346.97,3380.19,65177475
2009-06-04,3373.38,3384.36,3321.27,3375.87,65131059
2009-06-05,3379.92,3393.08,3352.63,3355.78,58164715
2009-06-08,3355.91,3380.71,3321.76,3350.24,52720724
2009-06-09,3347.86,3366.91,3282.0,3366.91,56322994
2009-06-10,3373.03,3403.28,3363.88,3403.21,61203676
2009-06-11,3399.55,3422.13,3363.97,3383.0,60964112
2009-06-12,3376.59,3391.37,3281.25,3309.59,55539307
2009-06-15,3303.74,3356.71,3296.58,3356.71,40944145
2009-06-16,3330.63,3357.44,3317.83,3349.35,40799703
2009-06-17,3346.65,3406.91,3334.17,3403.96,48982567
2009-06-18,3410.63,3432.09,3406.33,3431.28,59630871
2009-06-19,3433.2,3448.84,3415.75,3434.05,64737251
2009-06-22,3451.87,3454.9,3393.32,3405.13,57531259
2009-06-23,3365.24,3421.24,3353.02,3392.11,49053197
2009-06-24,3394.77,3431.44,3384.48,3431.44,49764749
2009-06-25,3435.0,3441.58,3411.53,3427.47,51372645
2009-06-26,3433.73,3453.61,3419.37,3448.46,50124718
2009-06-29,3451.78,3484.23,3444.98,3476.79,59346576
2009-06-30,3483.58,3484.94,3439.77,3452.26,53491816
2009-07-01,3446.45,3503.75,3444.47,3503.75,60848601
2009-07-02,3516.31,3540.64,3500.89,3540.51,71837652
2009-07-03,3519.7,3584.86,3507.18,3584.86,75130463
2009-07-06,3593.62,3601.91,3557.67,3592.64,74514065
2009-07-07,3588.67,3616.17,3563.27,3589.19,71322379
2009-07-08,3567.59,3640.34,3560.11,3633.43,60148041
2009-07-09,3637.39,3701.79,3631.3,3701.79,75239647
2009-07-10,3706.56,3747.12,3697.98,3719.97,77856249
2009-07-13,3711.45,3782.11,3705.43,3754.34,75672516
2009-07-14,3762.32,3813.88,3762.32,3813.88,74369594
2009-07-15,3824.33,3850.96,3820.24,3848.63,84360835
2009-07-16,3860.68,3873.33,3821.24,3829.21,84348618
2009-07-17,3827.25,3862.29,3809.5,3852.86,76085168
2009-07-20,3863.47,3919.45,3855.77,3919.43,90161039
2009-07-21,3922.11,3922.57,3814.92,3824.29,89371035
2009-07-22,3817.86,3894.69,3817.86,3894.56,77173835
2009-07-23,3900.01,3933.11,3892.65,3933.11,76614399
2009-07-24,3945.24,3952.32,3831.4,3907.97,82625756
2009-07-27,3918.27,3972.67,3914.32,3972.64,79283866
2009-07-28,3974.01,4023.01,3936.21,4022.91,88281336
2009-07-29,4013.03,4019.2,3678.89,3764.64,94637684
2009-07-30,3773.15,3830.35,3670.91,3803.12,69836967
2009-07-31,3826.19,3933.37,3816.47,3928.58,75259167
2009-08-03,3944.7,4020.63,3928.93,4020.27,85107280
2009-08-04,4024.68,4071.13,3975.51,4069.35,93650297
2009-08-05,4065.43,4099.53,3993.11,4069.34,88793349
2009-08-06,4040.22,4093.7,3946.59,4015.42,78729672
2009-08-07,4008.23,4036.2,3875.76,3893.13,66695008
2009-08-10,3935.04,3970.18,3857.5,3933.05,53810692
2009-08-11,3946.15,3964.42,3900.06,3953.29,44640435
2009-08-12,3944.34,3944.34,3762.24,3770.14,53833018
2009-08-13,3772.67,3800.53,3705.37,3778.14,42709925
2009-08-14,3780.39,3789.75,3609.66,3609.7,50726464
2009-08-17,3558.32,3571.82,3356.2,3358.1,48213667
2009-08-18,3326.87,3436.48,3310.9,3424.77,38126226
2009-08-19,3427.1,3436.95,3215.55,3247.53,43905918
2009-08-20,3247.21,3378.81,3239.82,3374.35,42960837
2009-08-21,3366.46,3469.07,3344.31,3468.04,51580488
2009-08-24,3472.49,3556.71,3449.22,3541.8,54607549
2009-08-25,3523.81,3523.81,3384.45,3485.92,59825452
2009-08-26,3466.22,3622.67,3444.82,3595.11,59667702
2009-08-27,3585.37,3662.47,3557.77,3629.51,65426057
2009-08-28,3615.07,3627.37,3512.43,3531.41,48276206
2009-08-31,3477.12,3477.12,3276.11,3278.0,47314228
2009-09-01,3242.93,3319.72,3207.27,3245.27,37392876
2009-09-02,3229.02,3279.1,3195.85,3265.07,31058498
2009-09-03,3266.18,3437.16,3262.97,3427.44,47946513
2009-09-04,3422.95,3509.28,3408.08,3489.06,53833605
2009-09-07,3503.0,3564.65,3487.49,3527.25,58320117
2009-09-08,3505.44,3592.81,3473.18,3592.81,55785166
2009-09-09,3598.01,3616.25,3556.31,3613.41,55879161
2009-09-10,3598.27,3624.76,3558.62,3581.68,49193023
2009-09-11,3567.62,3659.44,3565.87,3641.82,53522287
2009-09-14,3653.47,3744.83,3652.58,3736.58,69996412
2009-09-15,3742.45,3791.84,3718.88,3775.21,71362909
2009-09-16,3764.57,3808.9,3706.3,3781.06,72237439
2009-09-17,3785.25,3881.85,3785.25,3868.67,77663275
2009-09-18,3879.1,3892.17,3707.02,3739.73,80515878
2009-09-21,3704.17,3805.04,3637.5,3804.33,61094420
2009-09-22,3793.79,3834.73,3708.2,3708.2,57192977
2009-09-23,3693.03,3733.69,3572.63,3595.71,49935069
2009-09-24,3572.48,3620.39,3477.41,3568.67,44118224
2009-09-25,3555.47,3583.6,3516.36,3536.81,33151502
2009-09-28,3546.34,3581.98,3418.46,3434.66,32287692
2009-09-29,3430.29,3449.17,3306.38,3372.07,32639226
2009-09-30,3396.93,3444.77,3396.56,3400.62,28863895
2009-10-09,3456.08,3576.64,3454.8,3576.44,36436931
2009-10-12,3586.04,3629.58,3555.95,3597.86,39199707
2009-10-13,3591.61,3659.08,3583.85,3659.08,37932288
2009-10-14,3668.37,3729.94,3667.51,3692.65,52256030
2009-10-15,3711.1,3733.28,3677.14,3704.4,44252953
2009-10-16,3712.92,3725.32,3654.7,3716.9,42916352
2009-10-19,3719.53,3808.18,3714.49,3808.18,56594402
2009-10-20,3827.63,3865.83,3811.79,3865.83,67725086
2009-10-21,3859.51,3887.89,3836.88,3839.95,65471956
2009-10-22,3827.18,3880.29,3815.17,3855.77,56752283
2009-10-23,3858.45,3926.19,3858.45,3908.44,69440068
2009-10-26,3914.61,3925.42,3869.15,3911.65,58061835
2009-10-27,3884.56,3887.44,3807.98,3807.98,57622839
2009-10-28,3794.99,3846.42,3763.17,3846.42,50009616
2009-10-29,3786.73,3814.92,3761.78,3777.5,47908871
2009-10-30,3823.8,3872.23,3799.66,3827.68,51748368
2009-11-02,3754.94,3955.78,3738.7,3955.78,65950702
2009-11-03,3970.45,4053.21,3967.0,4053.21,82590018
2009-11-04,4057.02,4091.99,4040.32,4083.48,77912158
2009-11-05,4082.87,4134.85,4068.94,4125.78,70886945
2009-11-06,4147.83,4175.5,4130.69,4145.14,83945695
2009-11-09,4148.43,4176.43,4120.39,4176.19,68324554
2009-11-10,4193.66,4211.15,4176.13,4182.77,69802584
2009-11-11,4172.66,4209.25,4149.29,4199.55,62783803
2009-11-12,4203.62,4251.61,4197.7,4213.25,66825437
2009-11-13,4200.67,4267.01,4166.14,4267.01,63309285
2009-11-16,4295.72,4366.85,4295.72,4364.97,88374848
2009-11-17,4381.99,4400.39,4341.78,4387.55,78861378
2009-11-18,4386.13,4413.62,4363.88,4406.78,77771461
2009-11-19,4412.1,4476.14,4400.75,4476.14,86056225
2009-11-20,4462.58,4541.27,4443.13,4508.29,88271203
2009-11-23,4516.28,4592.01,4513.56,4591.34,82837180
2009-11-24,4607.03,4611.89,4328.44,4347.66,116086824
2009-11-25,4333.7,4512.68,4317.85,4512.08,87596047
2009-11-26,4519.13,4541.94,4304.15,4328.41,103729262
2009-11-27,4262.57,4355.23,4187.58,4215.34,70829628
2009-11-30,4251.96,4405.69,4251.96,4405.33,62939505
2009-12-01,4405.73,4525.65,4386.83,4525.29,76089665
2009-12-02,4547.98,4605.88,4534.45,4591.38,87627876
2009-12-03,4582.26,4625.64,4555.47,4621.94,79041822
2009-12-04,4614.68,4651.15,4403.14,4506.08,93985357
2009-12-07,4508.63,4581.58,4503.49,4581.24,60493098
2009-12-08,4584.16,4598.1,4520.92,4571.76,66403637
2009-12-09,4524.62,4566.24,4474.1,4498.15,55351671
2009-12-10,4517.7,4553.82,4485.82,4536.56,45417818
2009-12-11,4546.61,4576.22,4517.53,4534.76,47113646
2009-12-14,4533.36,4533.8,4417.73,4513.59,46093144
2009-12-15,4507.16,4545.35,4492.24,4523.49,46581034
2009-12-16,4509.82,4543.1,4491.02,4506.04,43417892
2009-12-17,4506.37,4518.94,4362.84,4364.93,44927096
2009-12-18,4318.06,4318.99,4194.96,4203.48,42987152
2009-12-21,4195.12,4257.02,4185.11,4256.39,32099719
2009-12-22,4260.74,4263.34,4124.08,4136.82,36848967
2009-12-23,4132.15,4210.67,4129.89,4210.17,32888848
2009-12-24,4213.82,4350.52,4209.98,4345.3,44360080
2009-12-25,4342.35,4398.46,4324.85,4376.19,42724540
2009-12-28,4388.78,4447.76,4388.27,4447.21,43749736
2009-12-29,4451.93,4465.46,4393.9,4463.6,45272145
2009-12-30,4459.72,4470.31,4408.38,4446.07,48089604
2009-12-31,4444.25,4487.45,4432.29,4485.25,45292800
2010-01-04,4508.93,4542.71,4487.37,4510.53,51256734
2010-01-05,4513.4,4558.21,4480.19,4557.48,57040745
2010-01-06,4553.37,4595.1,4538.72,4550.28,57875979
2010-01-07,4540.01,4554.93,4436.77,4459.15,57873440
2010-01-08,4439.21,4514.72,4426.23,4514.45,46573646
2010-01-11,4549.32,4558.46,4502.99,4542.95,57089732
2010-01-12,4535.3,4640.35,4524.67,4639.63,62061689
2010-01-13,4544.43,4650.06,4526.84,4591.02,67898807
2010-01-14,4598.4,4714.87,4598.4,4714.1,67918483
2010-01-15,4720.22,4753.19,4712.62,4747.65,58513372
2010-01-18,4744.33,4829.36,4738.91,4829.06,63284357
2010-01-19,4835.83,4852.33,4791.99,4830.02,66154944
2010-01-20,4830.42,4831.7,4635.67,4651.07,78086537
2010-01-21,4646.62,4696.16,4611.76,4667.21,50936676
2010-01-22,4613.19,4633.39,4453.69,4537.88,60187183
2010-01-25,4515.13,4542.79,4477.19,4481.16,41395083
2010-01-26,4467.52,4492.65,4254.32,4294.38,41520282
2010-01-27,4290.74,4344.13,4229.52,4267.11,32924152
2010-01-28,4266.06,4340.41,4249.77,4336.38,32127330
2010-01-29,4316.24,4418.4,4298.65,4374.65,39888065
2010-02-01,4366.49,4372.57,4269.33,4331.37,43095029
2010-02-02,4344.04,4388.35,4296.88,4301.77,38532505
2010-02-03,4299.97,4363.67,4160.35,4363.08,48526679
2010-02-04,4342.68,4445.75,4316.81,4408.44,51873782
2010-02-05,4312.55,4382.34,4270.71,4311.29,49670405
2010-02-08,4299.25,4330.2,4279.66,4310.89,31946076
2010-02-09,4300.32,4334.34,4284.52,4311.89,29896579
2010-02-10,4333.85,4366.5,4326.02,4366.25,25897196
2010-02-11,4367.72,4385.2,4352.11,4356.52,24485410
2010-02-12,4365.62,4418.54,4365.48,4416.22,24511379
2010-02-22,4412.55,4457.22,4401.06,4419.55,31469426
2010-02-23,4414.06,4459.73,4352.44,4459.15,38842110
2010-02-24,4438.4,4556.72,4419.45,4556.28,48024568
2010-02-25,4565.74,4632.97,4564.02,4629.96,55519410
2010-02-26,4618.64,4656.93,4602.02,4634.67,49530522
2010-03-01,4635.95,4692.83,4635.95,4686.27,53862437
2010-03-02,4692.61,4705.16,4660.17,4690.29,56628861
2010-03-03,4690.44,4761.58,4680.31,4758.43,63573551
2010-03-04,4763.64,4780.02,4572.07,4586.52,68470706
2010-03-05,4590.89,4632.04,4550.1,4604.59,52371476
2010-03-08,4618.86,4665.06,4612.22,4654.58,45039469
2010-03-09,4653.06,4674.51,4607.86,4660.13,47214429
2010-03-10,4659.5,4674.06,4564.43,4598.99,44799559
2010-03-11,4594.5,4608.64,4519.03,4562.87,37561118
2010-03-12,4561.61,4576.0,4489.53,4492.86,35400212
2010-03-15,4485.88,4498.1,4426.19,4454.76,29928780
2010-03-16,4453.81,4492.04,4426.61,4491.46,27664476
2010-03-17,4500.43,4616.11,4500.25,4616.05,44369453
2010-03-18,4628.0,4653.68,4605.91,4630.95,49791347
2010-03-19,4632.05,4665.91,4609.01,4663.9,46415546
2010-03-22,4669.41,4695.08,4649.53,4690.2,47200320
2010-03-23,4690.27,4697.73,4642.98,4658.63,47048667
2010-03-24,4662.99,4692.32,4662.54,4683.06,47442767
2010-03-25,4675.22,4675.22,4609.17,4620.75,48954116
2010-03-26,4609.75,4693.76,4601.69,4686.93,45219282
2010-03-29,4701.79,4723.75,4682.41,4723.61,50283238
2010-03-30,4720.58,4748.91,4708.43,4744.42,47343723
2010-03-31,4744.34,4757.32,4726.52,4756.16,49108276
2010-04-01,4756.3,4828.1,4755.93,4827.21,61878857
2010-04-02,4833.81,4851.94,4820.06,4843.17,59431946
2010-04-06,4853.33,4862.17,4814.25,4852.9,57397050
2010-04-07,4851.83,4865.75,4829.02,4863.64,53289186
2010-04-08,4856.41,4881.91,4845.6,4864.92,57175510
2010-04-09,4866.52,4939.41,4866.24,4939.18,58419225
2010-04-12,4948.1,4976.83,4932.63,4976.38,72281718
2010-04-13,4977.76,4993.37,4793.28,4919.87,73469443
2010-04-14,4910.7,4978.27,4896.57,4977.51,56202291
2010-04-15,4975.08,4984.36,4879.91,4914.75,54251123
2010-04-16,4900.6,4936.88,4852.41,4898.67,43045737
2010-04-19,4850.86,4880.54,4688.12,4688.84,58277447
2010-04-20,4680.2,4750.49,4607.2,4749.93,52719073
2010-04-21,4753.12,4896.66,4747.39,4893.98,63953385
2010-04-22,4881.25,4950.49,4849.56,4902.4,65995208
2010-04-23,4892.04,4936.73,4840.17,4864.16,55763900
2010-04-26,4868.73,4904.97,4847.91,4866.55,48510450
2010-04-27,4852.19,4852.19,4645.16,4739.27,53715867
2010-04-28,4682.33,4767.8,4652.87,4714.43,44319858
2010-04-29,4730.49,4758.76,4560.13,4561.4,48293400
2010-04-30,4540.65,4547.48,4350.15,4438.68,43819654
2010-05-04,4353.45,4484.46,4324.5,4434.13,31837592
2010-05-05,4388.5,4565.24,4377.38,4564.81,43298498
2010-05-06,4557.45,4583.18,4418.74,4419.78,44983501
2010-05-07,4313.65,4443.53,4285.47,4350.76,42211550
2010-05-10,4346.7,4391.03,4175.67,4269.11,40192159
2010-05-11,4350.77,4366.69,4134.6,4144.35,40025811
2010-05-12,4100.6,4154.48,3979.13,4042.52,36571835
2010-05-13,4042.31,4158.35,3974.1,4157.84,36516862
2010-05-14,4129.89,4217.61,4107.18,4184.84,36942440
2010-05-17,4125.66,4132.38,3915.75,3915.75,37603132
2010-05-18,3894.09,3983.88,3818.29,3972.15,37712984
2010-05-19,3946.15,4037.85,3908.64,3977.38,34960518
2010-05-20,3941.61,4025.8,3890.35,3901.26,33434323
2010-05-21,3787.15,3982.41,3768.1,3982.39,40230813
2010-05-24,4016.35,4170.73,4016.35,4163.48,54419277
2010-05-25,4134.93,4177.79,4087.1,4133.35,47451018
2010-05-26,4117.49,4165.29,4097.24,4144.66,34229709
2010-05-27,4133.33,4228.44,4083.62,4218.64,43652360
2010-05-28,4254.85,4270.17,4203.49,4235.32,45314112
2010-05-31,4214.62,4259.16,4104.36,4104.36,41408221
2010-06-01,4059.42,4091.44,3933.39,4025.79,38746191
2010-06-02,4004.13,4084.05,3960.33,4083.62,32708799
2010-06-03,4099.85,4146.66,4053.55,4053.99,37543527
2010-06-04,4025.28,4095.49,4013.97,4089.03,31415125
2010-06-07,4000.65,4082.38,3985.15,4072.57,34970362
2010-06-08,4064.78,4122.39,4047.82,4109.32,34239596
2010-06-09,4124.81,4212.17,4110.43,4211.88,47558272
2010-06-10,4191.29,4261.16,4176.43,4223.57,41886171
2010-06-11,4239.06,4252.1,4193.08,4198.0,34418006
2010-06-17,4221.6,4237.1,4144.07,4145.24,28998362
2010-06-18,4131.68,4131.68,3945.73,3972.29,35042623
2010-06-21,3960.25,4087.45,3924.42,4087.02,35086242
2010-06-22,4081.64,4136.59,4069.23,4119.72,34616538
2010-06-23,4098.26,4138.78,4039.93,4094.57,31267977
2010-06-24,4090.97,4120.84,4070.49,4095.29,24970787
2010-06-25,4079.19,4080.02,3992.37,4028.43,25801715
2010-06-28,4023.11,4036.43,3944.47,3961.38,21119469
2010-06-29,3960.68,3973.93,3735.12,3736.98,33575643
2010-06-30,3699.18,3701.33,3620.27,3664.46,25537340
2010-07-01,3657.96,3692.9,3604.36,3606.59,22463470
2010-07-02,3600.76,3609.0,3430.36,3585.58,30876868
2010-07-05,3535.74,3586.58,3498.9,3563.88,22484253
2010-07-06,3556.19,3665.38,3554.07,3665.33,29592012
2010-07-07,3672.15,3718.93,3656.3,3718.66,28947693
2010-07-08,3729.24,3736.51,3663.73,3698.34,27792471
2010-07-09,3699.31,3817.67,3677.34,3807.6,40733295
2010-07-12,3809.75,3866.78,3799.43,3849.52,40014436
2010-07-13,3816.46,3816.46,3747.4,3788.75,34445295
2010-07-14,3795.21,3862.39,3795.18,3824.05,35409659
2010-07-15,3817.18,3850.2,3735.28,3735.4,32710612
2010-07-16,3713.66,3764.83,3672.02,3757.43,27987211
2010-07-19,3718.13,3848.63,3701.93,3842.31,35074236
2010-07-20,3849.04,3951.54,3848.74,3951.36,52683504
2010-07-21,3953.77,4001.43,3937.48,3959.43,52042488
2010-07-22,3947.99,4018.06,3940.46,4017.86,46178883
2010-07-23,4020.91,4028.51,3965.7,4015.47,44710462
2010-07-26,4023.06,4071.47,4011.75,4071.09,43857872
2010-07-27,4062.25,4091.31,4041.9,4068.86,41066283
2010-07-28,4061.02,4162.66,4050.19,4162.32,57902007
2010-07-29,4170.76,4196.03,4139.94,4194.04,62749036
2010-07-30,4181.22,4203.64,4137.23,4191.13,47298289
2010-08-02,4192.66,4268.4,4192.52,4267.9,54273135
2010-08-03,4277.27,4289.46,4193.3,4193.64,59405904
2010-08-04,4178.19,4248.23,4137.65,4248.01,54686762
2010-08-05,4247.05,4306.65,4231.47,4267.96,58414578
2010-08-06,4260.63,4356.21,4228.67,4356.01,63696275
2010-08-09,4357.18,4414.53,4352.92,4413.57,59991104
2010-08-10,4412.27,4417.2,4246.46,4246.46,62485512
2010-08-11,4230.35,4309.79,4230.35,4297.9,42638846
2010-08-12,4248.98,4317.95,4228.53,4241.59,45326653
2010-08-13,4240.5,4323.25,4212.21,4323.05,41849585
2010-08-16,4322.02,4429.9,4315.02,4423.31,56252593
2010-08-17,4436.38,4470.46,4414.21,4457.76,56911702
2010-08-18,4462.58,4475.92,4409.59,4457.13,56897208
2010-08-19,4456.27,4491.74,4423.99,4461.49,59312862
2010-08-20,4442.69,4444.85,4350.15,4366.6,58298747
2010-08-23,4363.17,4416.83,4362.72,4404.72,48536656
2010-08-24,4401.52,4476.26,4370.57,4456.5,54699663
2010-08-25,4428.36,4457.84,4364.06,4368.3,54285398
2010-08-26,4376.92,4415.84,4355.03,4399.28,42401538
2010-08-27,4393.99,4437.79,4375.39,4431.44,36949889
2010-08-30,4453.05,4553.4,4453.05,4553.02,55412906
2010-08-31,4541.77,4605.18,4529.73,4589.29,59063491
2010-09-01,4595.21,4613.09,4473.57,4530.23,64648953
2010-09-02,4562.43,4631.0,4545.79,4625.4,65126400
2010-09-03,4632.26,4671.34,4596.12,4662.96,67592641
2010-09-06,4682.26,4692.11,4616.07,4651.96,64243959
2010-09-07,4650.95,4680.33,4613.39,4679.94,54167865
2010-09-08,4660.9,4723.83,4644.35,4720.38,55226504
2010-09-09,4730.86,4746.03,4649.04,4658.01,70247230
2010-09-10,4655.7,4712.56,4593.45,4705.31,62314076
2010-09-13,4713.06,4791.48,4707.36,4789.69,62354602
2010-09-14,4796.46,4821.55,4770.36,4805.42,61049814
2010-09-15,4802.61,4802.61,4712.53,4730.14,60256287
2010-09-16,4721.56,4739.43,4558.4,4610.92,56016231
2010-09-17,4616.57,4646.2,4575.79,4603.49,42085317
2010-09-20,4608.85,4622.51,4531.48,4553.12,38806392
2010-09-21,4561.67,4576.04,4516.61,4546.72,28514132
2010-09-27,4570.61,4673.76,4570.61,4673.6,36480284
2010-09-28,4672.15,4695.04,4643.17,4654.35,41678014
2010-09-29,4648.16,4659.56,4577.4,4590.32,39953484
2010-09-30,4564.81,4660.6,4553.96,4660.6,35289019
2010-10-08,4696.38,4787.45,4691.64,4767.97,51551489
2010-10-11,4784.65,4825.35,4746.54,4789.15,76595412
2010-10-12,4772.91,4808.13,4748.74,4806.03,67833440
2010-10-13,4808.39,4838.86,4765.94,4836.74,77370404
2010-10-14,4842.69,4848.86,4675.38,4679.55,75713462
2010-10-15,4654.27,4719.93,4638.24,4691.45,71827387
2010-10-18,4699.03,4701.16,4545.07,4636.64,83674560
2010-10-19,4637.96,4779.11,4637.05,4778.61,65163143
2010-10-20,4682.65,4828.9,4661.19,4794.19,76638057
2010-10-21,4805.7,4844.54,4771.61,4833.8,67899414
2010-10-22,4837.33,4892.62,4826.83,4877.93,66071922
2010-10-25,4894.85,4998.89,4894.81,4998.5,81029247
2010-10-26,5010.02,5046.65,4983.84,5046.15,89138490
2010-10-27,5046.21,5088.85,4976.71,4994.77,80491678
2010-10-28,4978.54,5020.07,4952.71,4999.59,61781621
2010-10-29,5005.66,5068.7,4992.81,5055.49,65471877
2010-11-01,5072.76,5199.81,5072.76,5199.52,85238377
2010-11-02,5211.47,5272.45,5171.5,5173.07,96864368
2010-11-03,5165.91,5197.96,5096.46,5098.54,76317124
2010-11-04,5104.77,5228.92,5104.77,5228.3,76126009
2010-11-05,5274.57,5313.48,5244.38,5311.77,89504908
2010-11-08,5338.51,5431.39,5330.51,5431.09,95076487
2010-11-09,5435.36,5468.36,5398.7,5467.84,92700581
2010-11-10,5459.4,5504.88,5432.63,5484.74,88592641
2010-11-11,5462.76,5581.35,5440.1,5440.1,98773284
2010-11-12,5411.87,5445.71,5094.8,5111.19,105143255
2010-11-15,5117.16,5255.85,5083.85,5255.27,67850335
2010-11-16,5259.51,5288.97,5017.25,5068.46,78362153
2010-11-17,4989.8,5039.09,4830.51,4855.85,54307890
2010-11-18,4885.91,4941.2,4814.42,4932.4,42024505
2010-11-19,4959.06,5081.03,4919.28,5081.03,54210574
2010-11-22,5049.46,5190.6,5036.32,5150.67,60867651
2010-11-23,5129.37,5129.37,4970.49,5063.24,53772275
2010-11-24,5022.13,5206.42,5017.93,5206.15,54086198
2010-11-25,5228.27,5278.32,5226.98,5259.81,60786557
2010-11-26,5255.25,5256.4,5169.03,5227.65,54072353
2010-11-29,5214.45,5273.79,5180.66,5248.75,50070999
2010-11-30,5238.5,5257.1,4960.71,5110.88,64600123
2010-12-01,5090.4,5139.96,5071.35,5116.84,40821237
2010-12-02,5175.26,5192.63,5135.67,5138.49,47746715
2010-12-03,5135.83,5145.81,5052.43,5100.37,37637974
2010-12-06,5103.86,5114.07,4989.28,5016.53,34135678
2010-12-07,4999.59,5088.75,4931.88,5084.58,33681596
2010-12-08,5077.55,5133.25,5059.58,5069.97,33016178
2010-12-09,5047.04,5047.04,4964.25,4964.9,35036069
2010-12-10,4944.93,5045.95,4935.28,5039.17,30412527
2010-12-13,5063.01,5179.52,5063.01,5179.02,45563549
2010-12-14,5194.94,5244.53,5181.2,5244.04,49363283
2010-12-15,5244.8,5276.14,5211.7,5230.68,46795723
2010-12-16,5219.08,5250.39,5200.88,5216.85,35520439
2010-12-17,5212.14,5230.33,5187.4,5228.34,30412144
2010-12-20,5246.42,5264.21,5043.66,5163.53,45587756
2010-12-21,5166.34,5223.4,5123.27,5222.79,40388406
2010-12-22,5225.77,5226.18,5157.32,5174.54,40779135
2010-12-23,5161.26,5170.18,5060.53,5069.52,34608134
2010-12-24,5046.94,5046.94,4947.22,4991.54,30950786
2010-12-27,4993.38,5048.6,4832.53,4849.63,34155338
2010-12-28,4820.82,4827.35,4700.56,4730.5,29554248
2010-12-29,4730.63,4813.24,4723.29,4812.53,21476837
2010-12-30,4810.44,4846.65,4777.84,4828.49,23532241
2010-12-31,4833.89,4936.72,4833.89,4936.72,27654614
2011-01-04,4964.21,5012.06,4938.94,5011.5,36995644
2011-01-05,4989.1,5038.87,4964.87,5028.77,34752218
2011-01-06,5026.33,5047.26,4992.17,5001.28,31238743
2011-01-07,4990.7,5028.27,4945.78,4975.14,34996233
2011-01-10,4966.56,4970.42,4816.58,4830.56,31137862
2011-01-11,4811.16,4815.5,4747.49,4804.82,27506089
2011-01-12,4813.48,4846.95,4764.47,4833.58,26914398
2011-01-13,4851.68,4859.53,4810.9,4826.76,25443773
2011-01-14,4816.66,4816.66,4719.15,4723.43,27811774
2011-01-17,4690.88,4691.57,4507.57,4519.91,30677510
2011-01-18,4502.06,4550.29,4483.5,4536.96,19442866
2011-01-19,4538.99,4646.09,4530.61,4646.09,24360938
2011-01-20,4637.77,4637.77,4476.56,4477.36,28652463
2011-01-21,4459.99,4549.59,4445.23,4506.32,27095042
2011-01-24,4506.61,4521.13,4397.02,4398.5,25220682
2011-01-25,4390.16,4392.21,4307.91,4341.91,21336169
2011-01-26,4339.86,4426.25,4339.86,4424.89,19743124
2011-01-27,4397.93,4514.43,4369.87,4502.81,27964817
2011-01-28,4497.83,4559.36,4493.84,4548.21,25817665
2011-01-31,4544.33,4611.0,4536.19,4610.86,26406322
2011-02-01,4612.4,4638.61,4604.91,4630.58,23946695
2011-02-09,4597.54,4654.59,4584.9,4609.72,27542085
2011-02-10,4604.84,4734.06,4602.33,4733.97,34578250
2011-02-11,4736.27,4803.1,4729.39,4786.81,39915983
2011-02-14,4792.85,4884.99,4792.85,4872.5,47815133
2011-02-15,4878.68,4932.33,4862.77,4869.69,51557041
2011-02-16,4860.89,4952.95,4855.95,4952.67,44671367
2011-02-17,4962.13,4990.75,4917.95,4987.48,50445327
2011-02-18,4977.22,4984.18,4915.67,4941.43,42906719
2011-02-21,4911.81,5043.25,4905.36,5042.97,47370220
2011-02-22,5052.36,5058.75,4908.25,4909.75,57381961
2011-02-23,4891.25,4983.23,4891.25,4979.06,44830064
2011-02-24,4976.34,5033.1,4963.76,5027.73,50090685
2011-02-25,5019.5,5039.79,4964.35,5032.8,44455450
2011-02-28,5040.22,5095.57,5007.65,5095.21,51242787
2011-03-01,5099.7,5143.77,5082.04,5122.44,57798418
2011-03-02,5099.48,5120.41,5024.86,5108.74,53142790
2011-03-03,5106.39,5124.61,5000.54,5009.05,51710389
2011-03-04,5005.56,5067.92,4989.65,5067.62,42559604
2011-03-07,5085.46,5138.65,5085.46,5138.25,57478588
2011-03-08,5135.35,5166.36,5113.09,5165.73,53140081
2011-03-09,5168.13,5186.03,5147.87,5181.37,51146197
2011-03-10,5174.03,5174.03,5139.78,5143.41,52319886
2011-03-11,5118.07,5200.7,5113.48,5139.75,51719335
2011-03-14,5127.14,5190.73,5111.01,5190.04,53410133
2011-03-15,5178.08,5178.08,5016.88,5131.33,63336064
2011-03-16,5122.27,5200.06,5119.19,5199.36,55561319
2011-03-17,5151.64,5185.42,5080.53,5104.13,56740777
2011-03-18,5133.77,5160.8,5105.06,5126.93,42676833
2011-03-21,5120.67,5130.93,5062.79,5086.11,41919675
2011-03-22,5093.41,5102.43,5020.75,5085.81,39106999
2011-03-23,5084.77,5155.58,5076.72,5155.34,46373560
2011-03-24,5159.2,5185.5,5149.66,5169.26,48996692
2011-03-25,5164.82,5218.06,5164.78,5212.35,58577397
2011-03-28,5223.07,5231.73,5187.45,5199.55,69123030
2011-03-29,5185.68,5191.54,5105.03,5111.15,70333327
2011-03-30,5101.11,5117.22,5036.29,5064.54,53628602
2011-03-31,5065.12,5079.23,4985.02,5000.4,45793403
2011-04-01,4999.76,5065.08,4991.79,5065.08,39117302
2011-04-06,5046.9,5070.34,5019.49,5057.84,45714761
2011-04-07,5056.09,5090.02,5045.19,5089.75,44968886
2011-04-08,5087.31,5149.05,5079.65,5148.8,45371604
2011-04-11,5157.07,5162.49,5102.71,5107.14,52617550
2011-04-12,5096.57,5139.03,5083.39,5114.46,52714365
2011-04-13,5098.64,5165.49,5069.39,5165.21,48871329
2011-04-14,5162.31,5175.24,5140.0,5150.87,48913119
2011-04-15,5143.3,5162.42,5103.09,5162.42,52794112
2011-04-18,5149.34,5179.45,5140.41,5178.89,56460231
2011-04-19,5149.66,5153.56,5095.6,5116.14,64017974
2011-04-20,5116.11,5154.74,5116.11,5152.4,50876715
2011-04-21,5169.62,5191.01,5159.96,5188.11,53830707
2011-04-22,5187.76,5193.21,5150.42,5165.12,54987670
2011-04-25,5152.07,5152.07,5054.77,5054.77,50114044
2011-04-26,5033.79,5047.34,4943.06,4970.57,39257718
2011-04-27,4977.95,5003.86,4872.51,4913.5,41128258
2011-04-28,4920.94,4937.11,4752.41,4755.42,40775602
2011-04-29,4749.53,4837.0,4738.45,4836.87,30110310
2011-05-03,4836.86,4920.71,4816.02,4920.57,35460535
2011-05-04,4900.44,4900.44,4798.41,4814.78,40627915
2011-05-05,4792.13,4842.37,4784.7,4827.21,34700031
2011-05-06,4787.52,4874.98,4764.84,4849.97,36905771
2011-05-09,4855.84,4897.76,4855.84,4889.92,34562508
2011-05-10,4893.95,4918.87,4871.45,4918.67,35224545
2011-05-11,4919.24,4949.02,4880.31,4929.49,42374924
2011-05-12,4896.33,4940.82,4863.12,4863.79,47355573
2011-05-13,4860.03,4903.11,4817.83,4902.56,42464083
2011-05-16,4900.0,4931.13,4892.24,4900.71,40995343
2011-05-17,4892.29,4912.71,4823.06,4873.95,46860595
2011-05-18,4859.32,4907.75,4850.45,4906.19,36080751
2011-05-19,4912.81,4929.21,4875.8,4879.89,34682656
2011-05-20,4875.08,4886.59,4837.98,4863.19,30219964
2011-05-23,4853.9,4853.92,4677.46,4679.53,42852622
2011-05-24,4656.01,4676.83,4590.13,4672.08,32871981
2011-05-25,4667.64,4689.69,4613.68,4618.75,34181692
2011-05-26,4635.95,4662.29,4572.32,4572.94,35701838
2011-05-27,4561.77,4567.23,4425.76,4428.89,33902386
2011-05-30,4403.0,4427.0,4339.08,4345.05,26592575
2011-05-31,4347.99,4444.59,4339.63,4444.28,26472384
2011-06-01,4439.39,4494.0,4424.2,4490.89,27467294
2011-06-02,4434.86,4452.53,4363.9,4430.0,30385988
2011-06-03,4425.49,4514.31,4424.2,4506.2,26719691
2011-06-07,4496.96,4548.22,4490.62,4547.3,25352427
2011-06-08,4542.7,4568.29,4486.65,4562.97,29693704
2011-06-09,4552.07,4553.71,4456.59,4456.73,30127452
2011-06-10,4442.51,4469.58,4383.2,4469.05,27162727
2011-06-13,4439.87,4475.69,4408.06,4468.79,22902974
2011-06-14,4466.99,4546.73,4461.53,4540.94,29955585
2011-06-15,4531.36,4562.04,4498.78,4499.69,29547811
2011-06-16,4461.26,4466.78,4396.21,4402.14,27906069
2011-06-17,4392.98,4415.16,4332.49,4337.37,22826897
2011-06-20,4325.6,4333.57,4251.11,4278.75,21588505
2011-06-21,4286.36,4338.85,4269.92,4338.42,24448657
2011-06-22,4341.36,4350.92,4300.64,4321.22,22280879
2011-06-23,4307.81,4411.86,4276.73,4402.94,29277376
2011-06-24,4390.09,4533.71,4381.8,4509.18,45929284
2011-06-27,4511.76,4578.32,4510.72,4568.19,39164604
2011-06-28,4569.76,4582.62,4529.18,4574.48,32310011
2011-06-29,4570.84,4583.49,4511.28,4511.54,33963702
2011-06-30,4506.75,4585.26,4506.74,4579.33,32737950
2011-07-01,4589.17,4635.25,4582.33,4604.75,38820202
2011-07-04,4617.95,4719.57,4617.95,4719.39,50314794
2011-07-05,4722.33,4758.08,4711.17,4749.42,46068509
2011-07-06,4742.17,4763.24,4705.38,4760.92,43304340
2011-07-07,4757.07,4813.34,4742.37,4761.45,48503158
2011-07-08,4755.75,4769.55,4720.23,4756.61,36410597
2011-07-11,4741.98,4802.44,4728.49,4799.42,37252194
2011-07-12,4762.09,4771.59,4727.67,4731.12,41420804
2011-07-13,4729.2,4825.5,4729.2,4825.42,40235267
2011-07-14,4833.75,4866.24,4813.49,4866.17,46130782
2011-07-15,4853.75,4896.1,4842.79,4896.04,47819304
2011-07-18,4902.22,4919.14,4876.48,4895.26,48436666
2011-07-19,4871.68,4871.93,4822.45,4843.71,41506074
2011-07-20,4864.28,4881.46,4801.61,4849.06,39451114
2011-07-21,4846.34,4850.55,4782.4,4784.39,38798971
2011-07-22,4791.46,4822.81,4781.41,4800.94,33160577
2011-07-25,4784.97,4784.97,4597.74,4613.73,43504131
2011-07-26,4604.99,4634.31,4576.93,4633.37,28412606
2011-07-27,4621.5,4716.3,4596.43,4710.38,32212386
2011-07-28,4670.92,4685.46,4633.67,4680.9,31914051
2011-07-29,4678.78,4694.06,4611.9,4628.32,29398571
2011-08-01,4622.7,4665.18,4607.56,4644.46,24982782
2011-08-02,4627.38,4627.38,4539.43,4610.78,30586290
2011-08-03,4565.75,4638.64,4551.48,4625.17,27439077
2011-08-04,4631.42,4671.0,4631.28,4649.42,25913441
2011-08-05,4504.08,4589.08,4472.62,4559.02,30731410
2011-08-08,4494.38,4514.62,4242.87,4330.77,41717504
2011-08-09,4199.13,4347.31,4113.01,4317.11,38004498
2011-08-10,4389.15,4433.09,4372.64,4378.7,38268544
2011-08-11,4283.24,4454.48,4270.62,4454.39,37546218
2011-08-12,4483.85,4526.5,4480.12,4505.89,40382795
2011-08-15,4514.65,4571.72,4509.63,4571.72,36169185
2011-08-16,4578.35,4587.14,4520.94,4533.32,34803516
2011-08-17,4520.69,4543.88,4499.16,4513.48,28101941
2011-08-18,4510.13,4516.04,4434.99,4436.1,29525608
2011-08-19,4341.19,4395.6,4325.04,4395.02,27429392
2011-08-22,4395.03,4435.3,4348.67,4363.96,24476833
2011-08-23,4376.26,4435.21,4365.84,4434.92,25595153
2011-08-24,4453.43,4474.1,4420.29,4427.98,27783947
2011-08-25,4432.4,4520.17,4421.6,4520.17,34114121
2011-08-26,4506.09,4541.46,4496.18,4530.42,30709253
2011-08-29,4509.89,4512.65,4481.29,4490.16,30220343
2011-08-30,4511.25,4541.56,4450.73,4451.73,31378152
2011-08-31,4449.68,4468.14,4386.63,4430.54,24421284
2011-09-01,4435.33,4457.05,4379.1,4395.07,22801094
2011-09-02,4387.3,4399.85,4317.64,4344.98,20968771
2011-09-05,4305.44,4305.44,4237.44,4238.07,21013431
2011-09-06,4205.09,4238.29,4185.8,4204.91,17285960
2011-09-07,4221.99,4306.46,4219.85,4306.36,23486428
2011-09-08,4320.53,4328.21,4260.14,4260.15,22323366
2011-09-09,4256.48,4295.1,4216.42,4233.75,18182359
2011-09-13,4176.3,4176.88,4136.97,4164.29,18062307
2011-09-14,4176.04,4212.29,4111.12,4212.13,19006269
2011-09-15,4215.37,4249.54,4206.88,4215.5,20381224
2011-09-16,4229.0,4249.17,4212.29,4214.82,17654278
2011-09-19,4200.48,4200.48,4131.31,4131.88,17790251
2011-09-20,4121.04,4168.24,4101.7,4151.85,17712033
2011-09-21,4150.82,4279.12,4140.34,4275.09,30212116
2011-09-22,4241.42,4258.61,4151.12,4151.8,27491613
2011-09-23,4079.06,4134.22,4061.83,4117.73,23245736
2011-09-26,4102.61,4138.35,4039.55,4051.43,19744802
2011-09-27,4077.23,4098.02,4027.71,4068.23,19274127
2011-09-28,4088.78,4099.34,3987.27,3999.78,20292030
2011-09-29,3977.14,3977.14,3868.94,3871.06,22061617
2011-09-30,3875.02,3892.38,3818.25,3856.83,16756974
2011-10-10,3866.85,3882.78,3822.28,3832.58,13753169
2011-10-11,3919.44,3942.05,3778.52,3817.93,20019156
2011-10-12,3803.96,3953.14,3768.11,3950.66,27002030
2011-10-13,3943.16,4009.78,3929.83,4001.85,28752879
2011-10-14,3994.73,4004.93,3948.44,3985.19,22100436
2011-10-17,3993.75,4024.24,3974.38,3997.12,21815065
2011-10-18,3974.46,3974.89,3873.37,3877.02,24453869
2011-10-19,3882.02,3898.81,3837.24,3854.17,19701815
2011-10-20,3841.26,3841.26,3710.95,3740.47,22601144
2011-10-21,3733.7,3743.34,3669.69,3671.7,17210084
2011-10-24,3675.72,3736.76,3605.94,3736.76,23028722
2011-10-25,3735.63,3850.08,3726.25,3842.98,32638637
2011-10-26,3818.24,3921.25,3808.29,3884.39,38890214
2011-10-27,3890.26,3927.44,3872.9,3888.99,33011479
2011-10-28,3932.85,3978.8,3918.36,3978.8,43181068
2011-10-31,3975.07,4004.39,3963.27,3999.36,36182616
2011-11-01,3963.37,4020.46,3950.74,3999.83,33916985
2011-11-02,3937.9,4073.12,3919.69,4072.78,42973877
2011-11-03,4085.5,4150.04,4085.31,4097.62,57586450
2011-11-04,4115.1,4140.63,4093.92,4131.13,42117977
2011-11-07,4125.02,4159.97,4107.56,4114.77,32477514
2011-11-08,4115.77,4125.09,4049.81,4057.55,30570455
2011-11-09,4065.2,4126.0,4025.72,4126.0,32184225
2011-11-10,4080.36,4112.37,4063.75,4064.37,34523680
2011-11-11,4069.4,4096.57,4043.76,4062.14,29188801
2011-11-14,4092.05,4159.7,4092.05,4159.57,35127017
2011-11-15,4159.16,4192.77,4153.33,4192.67,35161439
2011-11-16,4194.38,4195.29,4070.9,4088.32,38356677
2011-11-17,4086.51,4125.85,4066.12,4079.54,29247853
2011-11-18,4054.46,4054.46,3955.06,3963.26,29967177
2011-11-21,3956.39,3966.81,3917.03,3966.64,20483201
2011-11-22,3932.5,3960.55,3902.13,3957.93,20175323
2011-11-23,3964.14,3978.47,3932.44,3942.7,20435817
2011-11-24,3909.39,3957.88,3880.58,3935.27,21109143
2011-11-25,3931.09,3960.85,3899.06,3911.36,19141474
2011-11-28,3916.0,3932.4,3885.69,3915.3,18501073
2011-11-29,3945.36,3980.62,3929.02,3980.62,22752472
2011-11-30,3974.73,3974.73,3776.59,3819.94,30116374
2011-12-01,3923.17,3960.34,3885.87,3897.02,34941884
2011-12-02,3878.01,3878.01,3797.28,3817.04,23210191
2011-12-05,3806.47,3807.05,3682.06,3692.23,20162113
2011-12-06,3679.74,3704.34,3646.07,3691.8,17038892
2011-12-07,3689.05,3718.71,3674.53,3702.1,15326574
2011-12-08,3695.87,3732.22,3635.55,3700.09,19494263
2011-12-09,3672.59,3706.25,3651.7,3663.84,15358366
2011-12-12,3663.56,3675.95,3612.64,3616.09,14094503
2011-12-13,3597.09,3597.09,3482.23,3490.4,20352649
2011-12-14,3477.05,3505.88,3416.71,3423.47,15452334
2011-12-15,3401.5,3401.5,3324.88,3329.57,19868215
2011-12-16,3328.21,3427.34,3324.59,3427.21,19225658
2011-12-19,3408.56,3436.63,3348.26,3434.84,19381265
2011-12-20,3422.76,3474.09,3415.35,3424.45,19955886
2011-12-21,3449.37,3463.32,3340.33,3342.4,17750500
2011-12-22,3315.84,3331.42,3196.84,3298.72,21916270
2011-12-23,3286.45,3357.43,3271.44,3327.39,18996176
2011-12-26,3321.98,3357.36,3307.29,3308.07,15476837
2011-12-27,3297.41,3297.41,3218.54,3224.15,15874097
2011-12-28,3201.31,3208.91,3128.15,3207.4,17440648
2011-12-29,3190.19,3225.0,3180.06,3207.18,15220927
2011-12-30,3214.2,3267.65,3214.2,3266.77,17784265
2012-01-04,3290.82,3300.01,3191.99,3192.23,18342839
2012-01-05,3173.01,3173.01,3070.45,3074.37,19965700
2012-01-06,3060.45,3087.55,3002.98,3087.55,17818123
2012-01-09,3089.45,3213.06,3056.19,3212.9,25616408
2012-01-10,3211.57,3345.42,3202.97,3345.39,39387518
2012-01-11,3342.55,3367.4,3315.67,3346.74,33901708
2012-01-12,3330.9,3388.39,3323.14,3345.81,29069877
2012-01-13,3343.53,3349.68,3210.32,3233.7,28108656
2012-01-16,3201.01,3217.37,3130.32,3130.56,18775466
2012-01-17,3128.51,3305.0,3110.36,3304.88,30148504
2012-01-18,3310.04,3342.37,3223.99,3237.85,30825517
2012-01-19,3230.88,3288.2,3208.05,3270.77,22974026
2012-01-20,3276.48,3323.12,3267.03,3315.6,22067349
2012-01-30,3326.61,3337.06,3290.54,3292.41,18754385
2012-01-31,3284.9,3297.19,3251.42,3294.49,18290721
2012-02-01,3287.22,3318.37,3255.63,3266.23,18236400
2012-02-02,3271.59,3328.25,3266.96,3328.15,21787903
2012-02-03,3324.4,3390.33,3315.69,3383.05,32168313
2012-02-06,3387.22,3420.0,3381.76,3412.41,31249203
2012-02-07,3397.77,3397.77,3333.64,3356.84,26815778
2012-02-08,3351.04,3445.52,3341.7,3445.52,33521948
2012-02-09,3441.79,3501.4,3434.81,3469.85,43898212
2012-02-10,3463.97,3506.34,3459.13,3488.23,39783192
2012-02-13,3458.81,3535.52,3441.33,3519.88,38238075
2012-02-14,3516.61,3529.49,3493.91,3524.63,35904825
2012-02-15,3518.79,3580.28,3505.36,3578.15,43625731
2012-02-16,3572.32,3607.75,3540.85,3577.2,43777966
2012-02-17,3582.51,3596.87,3530.96,3565.31,32808052
2012-02-20,3610.74,3618.68,3573.22,3574.46,40392597
2012-02-21,3569.23,3618.33,3533.11,3618.3,36803776
2012-02-22,3617.18,3689.13,3616.11,3689.0,51791672
2012-02-23,3686.73,3711.12,3662.42,3700.89,46948687
2012-02-24,3698.68,3757.52,3689.36,3756.83,56589427
2012-02-27,3767.6,3822.26,3764.17,3764.33,65749512
2012-02-28,3748.34,3761.73,3696.21,3745.58,49008663
2012-02-29,3733.63,3750.46,3691.98,3696.14,40415160
2012-03-01,3679.04,3737.72,3675.27,3715.67,35636810
2012-03-02,3719.96,3794.58,3719.96,3794.42,46234629
2012-03-05,3805.68,3825.72,3793.69,3798.38,49104517
2012-03-06,3786.16,3786.16,3729.6,3760.59,45639237
2012-03-07,3718.77,3780.48,3707.79,3732.71,42103840
2012-03-08,3741.48,3803.37,3741.48,3791.83,43200054
2012-03-09,3802.09,3848.11,3787.91,3848.11,44003418
2012-03-12,3852.61,3876.17,3839.43,3871.12,47078436
2012-03-13,3867.97,3910.06,3856.41,3910.06,47496369
2012-03-14,3924.49,3945.31,3709.09,3734.32,76590776
2012-03-15,3726.37,3754.73,3635.68,3689.01,50893937
2012-03-16,3693.32,3786.62,3687.81,3786.62,45535227
2012-03-19,3788.39,3830.02,3762.3,3829.7,45400983
2012-03-20,3819.72,3819.72,3744.81,3746.28,41414842
2012-03-21,3757.0,3782.41,3700.49,3760.05,40281832
2012-03-22,3754.87,3769.37,3720.68,3742.39,33653338
2012-03-23,3727.15,3728.62,3652.23,3670.13,32869793
2012-03-26,3661.39,3680.29,3635.67,3666.28,24884816
2012-03-27,3681.74,3699.16,3648.75,3652.88,26109103
2012-03-28,3638.77,3638.77,3483.58,3490.01,36270135
2012-03-29,3471.36,3482.33,3391.79,3425.7,30801466
2012-03-30,3422.81,3445.47,3383.53,3416.86,24826017
2012-04-05,3420.03,3532.08,3412.44,3531.55,29352448
2012-04-06,3530.63,3570.59,3520.89,3554.03,30065466
2012-04-09,3544.01,3563.34,3512.36,3512.91,25820027
2012-04-10,3496.13,3554.22,3432.36,3554.04,28826223
2012-04-11,3513.5,3582.95,3497.94,3566.48,32721451
2012-04-12,3568.82,3640.41,3561.05,3640.41,41797334
2012-04-13,3653.6,3695.13,3643.47,3675.03,48222257
2012-04-16,3644.67,3702.42,3632.85,3685.48,44225815
2012-04-17,3679.92,3702.84,3629.82,3631.56,42854332
2012-04-18,3637.55,3717.54,3632.67,3714.02,44254451
2012-04-19,3712.53,3728.87,3684.86,3704.71,40362022
2012-04-20,3696.66,3743.49,3684.23,3736.37,45830359
2012-04-23,3731.55,3739.15,3673.31,3691.57,53167411
2012-04-24,3658.62,3709.37,3557.78,3666.4,55731814
2012-04-25,3654.75,3728.55,3645.07,3718.91,62910454
2012-04-26,3720.74,3729.91,3683.43,3700.03,53458816
2012-04-27,3690.16,3699.1,3659.11,3664.64,38847015
2012-05-02,3707.82,3735.9,3674.96,3718.26,47656404
2012-05-03,3707.51,3735.33,3701.19,3733.82,41613118
2012-05-04,3730.72,3761.97,3713.99,3758.0,40671451
2012-05-07,3741.66,3784.57,3733.84,3784.56,42312757
2012-05-08,3783.08,3798.05,3752.39,3783.47,40796563
2012-05-09,3759.39,3759.39,3716.13,3717.47,39331106
2012-05-10,3713.4,3744.52,3713.31,3731.13,32391180
2012-05-11,3727.59,3753.82,3715.06,3715.39,32360159
2012-05-14,3745.83,3760.88,3706.16,3710.1,37973676
2012-05-15,3679.34,3705.9,3652.87,3705.88,33110382
2012-05-16,3696.61,3707.81,3660.03,3660.31,32594326
2012-05-17,3656.83,3716.71,3643.79,3714.19,36674870
2012-05-18,3691.64,3710.41,3645.91,3655.86,37751568
2012-05-21,3650.92,3676.97,3616.91,3653.55,31496201
2012-05-22,3666.14,3711.06,3666.14,3711.06,34531190
2012-05-23,3702.81,3723.19,3670.03,3708.92,40013725
2012-05-24,3697.92,3720.44,3668.28,3678.09,37482895
2012-05-25,3675.51,3683.63,3622.1,3635.52,35694436
2012-05-28,3622.13,3687.52,3568.03,3687.46,41965484
2012-05-29,3686.57,3748.44,3683.52,3745.68,47610593
2012-05-30,3739.04,3764.64,3734.25,3752.22,39619720
2012-05-31,3732.47,3775.37,3722.04,3753.59,36784378
2012-06-01,3752.02,3769.52,3725.28,3744.44,34951400
2012-06-04,3684.04,3707.31,3621.81,3621.81,37140064
2012-06-05,3625.14,3646.51,3603.37,3617.61,27792184
2012-06-06,3621.64,3638.56,3585.53,3600.16,25405499
2012-06-07,3635.57,3647.28,3572.49,3581.14,25629537
2012-06-08,3615.11,3618.78,3557.04,3564.16,26182539
2012-06-11,3565.34,3630.96,3554.19,3630.31,26783143
2012-06-12,3611.92,3628.24,3594.61,3608.39,25318875
2012-06-13,3615.71,3674.88,3610.64,3674.88,31709992
2012-06-14,3669.04,3693.9,3650.03,3652.71,30569988
2012-06-15,3657.79,3674.45,3604.09,3648.99,27821018
2012-06-18,3663.14,3691.93,3662.22,3684.73,26203010
2012-06-19,3681.68,3685.93,3652.97,3657.96,30135968
2012-06-20,3663.99,3671.41,3630.18,3636.09,25778043
2012-06-21,3628.22,3628.22,3569.49,3590.84,24672848
2012-06-25,3576.37,3576.37,3491.86,3493.12,24481529
2012-06-26,3474.16,3500.76,3433.56,3489.97,24632381
2012-06-27,3486.52,3518.75,3474.77,3476.4,23233274
2012-06-28,3484.23,3495.85,3427.66,3427.82,24647609
2012-06-29,3413.33,3471.7,3392.75,3470.97,25254318
2012-07-02,3491.75,3528.12,3484.14,3509.5,26187341
2012-07-03,3507.63,3542.51,3498.07,3515.78,28102156
2012-07-04,3519.51,3525.16,3484.84,3497.75,23234780
2012-07-05,3486.81,3486.81,3407.6,3418.2,24976516
2012-07-06,3436.31,3487.67,3397.87,3486.55,29658213
2012-07-09,3464.02,3478.12,3398.52,3398.81,29267498
2012-07-10,3386.63,3400.64,3351.56,3365.67,23223052
2012-07-11,3358.56,3404.59,3352.53,3404.1,21254467
2012-07-12,3398.62,3462.22,3381.83,3450.3,31711097
2012-07-13,3435.17,3463.22,3422.33,3435.08,24312071
2012-07-16,3434.51,3434.6,3308.64,3311.09,29146202
2012-07-17,3297.15,3335.53,3282.23,3334.29,23122360
2012-07-18,3328.12,3352.97,3276.32,3352.85,27706805
2012-07-19,3343.24,3414.23,3335.33,3392.66,33196398
2012-07-20,3382.82,3407.41,3362.38,3369.91,27471152
2012-07-23,3347.87,3357.24,3310.8,3337.86,23173111
2012-07-24,3317.22,3381.35,3310.95,3361.09,21941704
2012-07-25,3350.9,3365.21,3324.54,3332.09,22803551
2012-07-26,3329.01,3357.79,3301.66,3302.34,23368152
2012-07-27,3312.38,3323.0,3269.23,3283.59,20566795
2012-07-30,3280.1,3294.65,3205.76,3217.45,21270690
2012-07-31,3211.1,3214.17,3152.42,3159.19,20378412
2012-08-01,3152.73,3232.97,3152.31,3216.18,19890893
2012-08-02,3212.05,3231.83,3179.0,3195.86,20529310
2012-08-03,3203.11,3259.86,3193.68,3259.86,21856891
2012-08-06,3250.79,3338.62,3244.98,3337.27,30051288
2012-08-07,3336.22,3368.53,3331.5,3368.25,34012319
2012-08-08,3363.76,3374.08,3335.97,3356.49,30300694
2012-08-09,3351.45,3405.25,3335.13,3405.06,33631782
2012-08-10,3400.93,3405.05,3378.54,3395.85,31124782
2012-08-13,3386.03,3386.03,3317.04,3318.1,27737143
2012-08-14,3312.81,3349.82,3263.5,3349.59,27085197
2012-08-15,3340.88,3344.1,3308.49,3310.84,21160138
2012-08-16,3301.74,3316.96,3278.54,3286.83,17659890
2012-08-17,3283.26,3293.25,3252.79,3286.78,16691881
2012-08-20,3270.99,3296.36,3247.58,3289.44,16860188
2012-08-21,3287.73,3347.28,3284.06,3335.75,22797592
2012-08-22,3338.08,3338.74,3292.43,3306.11,21917303
2012-08-23,3303.7,3329.98,3289.55,3327.99,22042945
2012-08-24,3318.85,3321.92,3265.6,3265.75,23637201
2012-08-27,3250.69,3250.69,3184.1,3184.33,21990361
2012-08-28,3179.78,3221.88,3173.75,3200.99,20486334
2012-08-29,3197.34,3221.23,3179.54,3179.54,20895031
2012-08-30,3174.31,3188.76,3083.37,3129.5,26069892
2012-08-31,3122.53,3148.51,3115.62,3139.5,17767183
2012-09-03,3135.23,3203.85,3131.16,3200.31,22583408
2012-09-04,3202.49,3209.88,3160.7,3164.83,21103124
2012-09-05,3158.01,3193.77,3150.79,3181.8,20951681
2012-09-06,3187.11,3218.28,3187.11,3217.94,21776796
2012-09-07,3240.65,3365.66,3240.65,3334.66,50349686
2012-09-10,3343.81,3376.77,3330.94,3363.61,42717618
2012-09-11,3352.62,3352.62,3324.49,3350.09,33453739
2012-09-12,3360.26,3376.33,3339.71,3376.12,33796211
2012-09-13,3374.79,3385.72,3329.3,3329.3,33938242
2012-09-14,3356.24,3369.77,3308.01,3338.04,34915455
2012-09-17,3334.71,3334.99,3237.7,3237.7,29401639
2012-09-18,3222.98,3247.67,3210.09,3224.26,20639932
2012-09-19,3227.36,3257.02,3224.07,3255.87,19631772
2012-09-20,3253.53,3253.53,3160.68,3161.76,26794149
2012-09-21,3153.61,3181.27,3137.39,3143.71,23752365
2012-09-24,3129.54,3177.33,3107.37,3167.16,22123560
2012-09-25,3159.13,3179.37,3137.84,3144.41,19735875
2012-09-26,3138.8,3149.03,3067.38,3071.99,20860436
2012-09-27,3065.58,3159.07,3062.7,3141.08,26945622
2012-09-28,3129.77,3200.08,3121.58,3199.75,26692404
2012-10-08,3198.88,3214.15,3167.68,3183.37,19485326
2012-10-09,3185.21,3265.64,3185.21,3265.62,29878196
2012-10-10,3257.45,3296.92,3248.83,3296.92,33291788
2012-10-11,3288.05,3296.72,3247.6,3248.05,29191820
2012-10-12,3256.97,3282.91,3210.6,3240.4,28213827
2012-10-15,3237.29,3238.42,3193.99,3223.19,23539877
2012-10-16,3219.42,3256.48,3211.3,3233.23,22489721
2012-10-17,3237.64,3249.39,3205.53,3240.78,22499429
2012-10-18,3241.27,3301.14,3241.14,3294.84,34601123
2012-10-19,3292.95,3305.53,3279.25,3285.45,27975908
2012-10-22,3269.04,3301.37,3260.16,3298.49,24527343
2012-10-23,3298.45,3303.24,3255.49,3259.07,28952346
2012-10-24,3242.88,3273.38,3237.74,3257.92,29639668
2012-10-25,3257.73,3282.09,3222.48,3226.17,33361963
2012-10-26,3221.07,3225.4,3142.28,3163.3,29717478
2012-10-29,3158.11,3172.54,3141.35,3158.94,20727660
2012-10-30,3156.74,3189.53,3154.17,3160.69,22608737
2012-10-31,3159.22,3168.28,3141.14,3168.1,20977676
2012-11-01,3169.8,3235.01,3169.79,3228.19,33136396
2012-11-02,3229.96,3251.77,3217.08,3249.55,33139025
2012-11-05,3244.3,3258.99,3226.5,3235.35,29117417
2012-11-06,3233.42,3234.98,3170.62,3213.26,29707414
2012-11-07,3210.85,3223.59,3192.66,3209.14,24474336
2012-11-08,3183.08,3189.47,3129.39,3129.57,27608878
2012-11-09,3123.09,3139.68,3103.84,3116.98,20290199
2012-11-12,3118.11,3139.38,3108.55,3136.31,21407500
2012-11-13,3136.95,3136.95,3066.63,3072.12,22946754
2012-11-14,3069.38,3084.38,3048.24,3081.25,19657788
2012-11-15,3066.89,3080.69,3025.3,3026.84,20262092
2012-11-16,3021.3,3021.79,2987.7,3009.15,18923873
2012-11-19,3007.68,3016.48,2974.14,3016.16,16723783
2012-11-20,3023.08,3031.29,3003.13,3004.18,16332550
2012-11-21,3000.94,3035.28,2963.86,3035.28,20669915
2012-11-22,3021.31,3021.31,2989.38,2995.09,17125288
2012-11-23,2993.17,3019.79,2990.06,3005.46,17107809
2012-11-26,3004.17,3006.79,2966.87,2970.32,14775891
2012-11-27,2960.61,2960.61,2862.47,2864.17,20739078
2012-11-28,2854.08,2854.08,2791.29,2800.54,18301148
2012-11-29,2799.96,2822.33,2768.35,2774.18,17544787
2012-11-30,2773.23,2818.04,2765.79,2816.62,18980357
2012-12-03,2816.3,2829.84,2746.49,2749.13,21115016
2012-12-04,2739.5,2786.13,2704.37,2783.41,22740395
2012-12-05,2775.41,2904.65,2767.05,2886.19,37987933
2012-12-06,2884.81,2902.07,2866.88,2884.35,28387031
2012-12-07,2883.16,2954.69,2875.84,2950.19,39193630
2012-12-10,2951.0,3004.54,2942.49,3002.23,40450531
2012-12-11,2993.38,3014.07,2978.74,2982.03,35119469
2012-12-12,2978.72,2997.92,2952.39,2982.89,27388007
2012-12-13,2976.58,2989.15,2941.55,2943.28,26777078
2012-12-14,2939.31,3069.06,2939.15,3066.23,52540337
2012-12-17,3073.92,3098.61,3063.49,3091.88,52606392
2012-12-18,3087.32,3124.56,3067.86,3086.58,46993057
2012-12-19,3082.38,3109.94,3074.95,3099.09,36876183
2012-12-20,3092.93,3111.2,3063.32,3108.86,36911367
2012-12-21,3110.82,3144.26,3089.09,3101.07,39141260
2012-12-24,3093.97,3120.73,3090.42,3117.7,29083885
2012-12-25,3110.97,3197.72,3102.61,3189.09,52862853
2012-12-26,3187.2,3228.8,3183.95,3228.68,46800003
2012-12-27,3232.79,3244.94,3198.91,3199.48,47223724
2012-12-28,3195.2,3235.59,3187.09,3235.2,41316230
2012-12-31,3242.96,3275.86,3236.63,3275.86,47415846
2013-01-04,3297.04,3304.76,3226.95,3258.25,46170854
2013-01-07,3253.67,3288.65,3245.46,3288.37,42731122
2013-01-08,3288.13,3331.67,3270.77,3327.04,51963827
2013-01-09,3321.77,3359.08,3303.8,3334.99,50927396
2013-01-10,3335.09,3368.01,3329.93,3356.35,47901957
2013-01-11,3357.47,3360.41,3262.83,3271.18,51300534
2013-01-14,3264.15,3387.5,3262.58,3384.75,56753231
2013-01-15,3390.33,3463.26,3389.78,3450.68,69368970
2013-01-16,3448.28,3462.59,3393.71,3450.56,62908483
2013-01-17,3444.47,3452.37,3399.66,3408.02,47415542
2013-01-18,3416.45,3466.53,3406.6,3464.65,51118610
2013-01-21,3475.2,3492.22,3458.87,3491.12,53789532
2013-01-22,3487.57,3487.57,3409.84,3435.43,53474122
2013-01-23,3422.77,3451.26,3393.05,3441.75,43357373
2013-01-24,3442.62,3473.98,3344.98,3369.73,57174971
2013-01-25,3363.43,3382.77,3346.24,3364.06,37099186
2013-01-28,3362.47,3449.95,3362.22,3449.79,45422121
2013-01-29,3451.66,3489.86,3447.82,3482.52,49280376
2013-01-30,3482.57,3502.72,3462.37,3500.58,54218931
2013-01-31,3497.28,3499.15,3463.2,3479.64,48591252
2013-02-01,3471.27,3507.83,3462.68,3507.71,47925486
2013-02-04,3517.46,3524.04,3467.02,3484.36,55937446
2013-02-05,3466.59,3520.99,3457.43,3520.65,47711132
2013-02-06,3521.66,3555.94,3521.64,3544.39,42308705
2013-02-07,3539.48,3565.38,3526.03,3557.67,38704834
2013-02-08,3554.15,3618.84,3553.8,3608.59,37928303
2013-02-18,3625.03,3639.36,3604.01,3627.78,45099279
2013-02-19,3624.94,3630.65,3546.72,3561.36,48420992
2013-02-20,3555.59,3635.38,3553.49,3635.38,44252308
2013-02-21,3612.72,3612.72,3531.13,3560.32,54411625
2013-02-22,3552.67,3587.71,3543.02,3548.36,41585438
2013-02-25,3551.6,3595.6,3551.37,3587.59,37677102
2013-02-26,3573.95,3600.46,3532.27,3533.2,43386757
2013-02-27,3538.94,3568.69,3506.76,3535.9,38234974
2013-02-28,3544.06,3608.2,3531.89,3608.2,46062090
2013-03-01,3608.62,3648.69,3603.98,3648.42,50173281
2013-03-04,3614.56,3614.56,3496.05,3518.72,64588091
2013-03-05,3516.53,3598.01,3507.03,3597.92,50380216
2013-03-06,3605.36,3654.11,3605.36,3653.93,58246380
2013-03-07,3648.28,3651.74,3575.98,3609.64,54941455
2013-03-08,3608.9,3626.92,3564.23,3570.38,39649238
2013-03-11,3568.62,3588.71,3543.77,3571.11,32733665
2013-03-12,3570.47,3589.72,3438.19,3481.18,44069284
2013-03-13,3473.27,3477.1,3413.18,3449.35,31415511
2013-03-14,3443.78,3482.37,3440.02,3464.85,27756631
2013-03-15,3466.89,3525.53,3431.57,3471.21,38003057
2013-03-18,3461.87,3477.93,3423.52,3427.12,36157365
2013-03-19,3421.74,3442.06,3378.91,3438.07,34632034
2013-03-20,3436.85,3527.83,3432.58,3527.77,45308618
2013-03-21,3527.76,3575.84,3522.14,3565.02,48504440
2013-03-22,3561.12,3586.09,3549.07,3579.92,42811368
2013-03-25,3581.31,3590.82,3550.19,3568.52,39784826
2013-03-26,3556.3,3557.79,3504.57,3543.81,38135551
2013-03-27,3541.38,3579.39,3528.31,3552.26,36894002
2013-03-28,3526.54,3526.54,3448.67,3448.98,41252741
2013-03-29,3449.28,3470.48,3434.57,3447.29,31555518
2013-04-01,3449.54,3489.14,3448.29,3470.96,32953823
2013-04-02,3471.69,3504.28,3419.74,3428.5,37863676
2013-04-03,3429.89,3438.59,3382.23,3397.23,36721020
2013-04-08,3354.44,3411.38,3315.33,3411.13,36220828
2013-04-09,3411.4,3449.92,3411.4,3444.37,34183396
2013-04-10,3444.46,3455.69,3410.03,3437.27,35551708
2013-04-11,3442.93,3453.53,3420.76,3423.22,31925568
2013-04-12,3418.3,3434.67,3391.01,3394.52,29294988
2013-04-15,3382.0,3382.0,3336.42,3346.85,29308107
2013-04-16,3313.51,3383.31,3302.24,3383.08,29893889
2013-04-17,3381.61,3412.52,3373.03,3412.42,28793458
2013-04-18,3396.01,3434.05,3383.97,3423.01,32346727
2013-04-19,3423.44,3498.57,3422.97,3495.24,43337892
2013-04-22,3478.04,3511.72,3475.86,3511.62,43809695
2013-04-23,3509.2,3509.74,3412.21,3416.45,43616451
2013-04-24,3417.4,3489.52,3411.82,3484.57,42449212
2013-04-25,3473.02,3494.54,3431.15,3431.4,48836444
2013-04-26,3427.15,3438.32,3360.75,3367.77,37402911
2013-05-02,3354.47,3386.28,3345.44,3383.4,29438535
2013-05-03,3391.22,3459.98,3391.22,3448.64,37244338
2013-05-06,3456.28,3516.87,3456.28,3514.46,44249313
2013-05-07,3511.21,3531.55,3495.8,3521.48,41201396
2013-05-08,3524.79,3554.15,3517.94,3553.85,42307295
2013-05-09,3551.9,3557.02,3517.59,3555.77,49301724
2013-05-10,3550.03,3577.33,3536.17,3577.33,44666708
2013-05-13,3577.29,3591.09,3565.49,3590.76,39465780
2013-05-14,3586.32,3586.32,3524.58,3549.3,38083658
2013-05-15,3549.75,3597.24,3548.55,3597.11,36487418
2013-05-16,3594.3,3647.49,3578.09,3635.76,52393567
2013-05-17,3632.61,3695.24,3631.26,3691.4,59398505
2013-05-20,3700.09,3740.58,3686.76,3737.75,66798825
2013-05-21,3733.67,3787.1,3727.67,3787.06,67690117
2013-05-22,3782.97,3795.17,3740.22,3755.87,65313272
2013-05-23,3740.44,3783.97,3716.29,3724.23,57813097
2013-05-24,3723.62,3782.17,3723.62,3782.07,50238938
2013-05-27,3784.47,3820.59,3782.27,3820.43,55529357
2013-05-28,3820.24,3829.97,3770.65,3827.78,60071567
2013-05-29,3830.22,3858.92,3828.29,3856.32,58319096
2013-05-30,3843.16,3872.26,3835.22,3865.13,54454810
2013-05-31,3867.59,3884.68,3840.7,3841.22,55067935
2013-06-03,3836.77,3855.79,3803.36,3814.51,48387753
2013-06-04,3809.56,3811.65,3707.56,3739.72,49249705
2013-06-05,3733.95,3759.52,3718.12,3755.15,36616173
2013-06-06,3742.5,3742.5,3686.25,3688.74,38813764
2013-06-07,3690.96,3701.22,3593.97,3616.21,40708652
2013-06-13,3573.9,3573.9,3446.25,3515.05,37241682
2013-06-14,3519.37,3591.25,3519.33,3584.98,34643840
2013-06-17,3593.51,3620.95,3565.28,3593.37,35645970
2013-06-18,3594.9,3613.03,3557.46,3605.76,31332908
2013-06-19,3588.77,3588.77,3525.45,3583.3,32895417
2013-06-20,3562.13,3566.36,3463.13,3465.0,33024026
2013-06-21,3401.47,3464.59,3347.76,3446.48,32289840
2013-06-24,3439.87,3439.87,3200.67,3232.96,40536541
2013-06-25,3202.66,3243.4,2981.69,3219.13,51554391
2013-06-26,3222.68,3285.82,3200.16,3285.82,39900589
2013-06-27,3293.08,3339.86,3231.15,3233.22,44968691
2013-06-28,3212.25,3292.91,3176.24,3235.98,38640596
2013-07-01,3226.62,3304.59,3210.66,3304.59,35326629
2013-07-02,3304.99,3359.12,3295.33,3359.05,40385074
2013-07-03,3346.11,3372.63,3288.02,3364.18,44310656
2013-07-04,3342.01,3427.38,3325.27,3390.49,46938954
2013-07-05,3392.58,3427.98,3371.32,3371.53,43952832
2013-07-08,3322.14,3322.14,3240.11,3240.48,39952470
2013-07-09,3231.7,3263.39,3210.73,3259.91,30094635
2013-07-10,3259.85,3361.4,3257.9,3361.4,41864126
2013-07-11,3364.84,3484.79,3364.23,3455.88,63323520
2013-07-12,3453.44,3490.5,3424.28,3425.14,51808212
2013-07-15,3432.26,3493.72,3431.5,3493.44,46585887
2013-07-16,3496.73,3536.31,3474.36,3536.31,49314724
2013-07-17,3529.71,3552.37,3474.36,3485.07,50046779
2013-07-18,3476.18,3505.19,3445.33,3481.2,45983437
2013-07-19,3479.53,3510.11,3394.31,3394.31,50986596
2013-07-22,3374.57,3461.7,3359.39,3461.28,41992972
2013-07-23,3470.6,3545.05,3470.6,3544.97,53543834
2013-07-24,3536.16,3575.0,3500.08,3566.28,56549742
2013-07-25,3561.51,3572.55,3496.31,3498.24,50866790
2013-07-26,3486.96,3520.49,3449.61,3494.16,39358432
2013-07-29,3477.26,3484.64,3423.77,3426.59,39191054
2013-07-30,3426.96,3449.54,3349.55,3411.22,36592728
2013-07-31,3428.14,3462.1,3418.72,3430.74,35825661
2013-08-01,3435.08,3521.16,3429.72,3521.15,44225964
2013-08-02,3535.89,3563.19,3528.64,3533.61,47264020
2013-08-05,3531.65,3592.87,3528.85,3592.54,41721850
2013-08-06,3589.52,3638.71,3581.53,3631.49,49796070
2013-08-07,3628.0,3644.21,3589.34,3596.32,52616517
2013-08-08,3589.16,3627.25,3577.58,3605.85,42449968
2013-08-09,3611.78,3637.91,3570.78,3618.74,44357691
2013-08-12,3629.51,3676.2,3628.95,3676.2,56492687
2013-08-13,3677.12,3695.56,3669.49,3695.55,52649482
2013-08-14,3694.68,3706.77,3662.04,3681.08,52983291
2013-08-15,3674.65,3686.26,3629.34,3631.32,43739735
2013-08-16,3611.28,3688.69,3550.82,3554.35,53635602
2013-08-19,3528.91,3609.17,3522.15,3609.03,38469594
2013-08-20,3606.61,3634.05,3580.19,3599.64,43159818
2013-08-21,3596.93,3627.91,3577.82,3627.5,42619884
2013-08-22,3621.89,3650.11,3615.71,3636.47,46132536
2013-08-23,3644.68,3654.73,3560.13,3627.97,54837230
2013-08-26,3629.36,3703.79,3627.31,3703.59,53522588
2013-08-27,3702.58,3732.22,3691.16,3732.1,57467907
2013-08-28,3707.53,3740.13,3680.5,3703.92,70205929
2013-08-29,3703.05,3715.85,3679.08,3701.08,62936686
2013-08-30,3702.85,3727.3,3645.36,3664.15,77069197
2013-09-02,3674.68,3695.09,3633.46,3689.96,62860943
2013-09-03,3685.34,3745.24,3680.15,3744.87,59626647
2013-09-04,3747.23,3766.41,3734.78,3755.24,62363848
2013-09-05,3749.94,3776.0,3741.46,3762.57,60681106
2013-09-06,3758.91,3799.07,3754.64,3792.83,60603118
2013-09-09,3799.45,3835.48,3793.11,3831.93,72932219
2013-09-10,3836.47,3871.19,3832.32,3870.92,81063452
2013-09-11,3876.59,3876.77,3814.28,3834.26,88026266
2013-09-12,3824.75,3857.52,3815.74,3845.07,67273439
2013-09-13,3846.45,3858.43,3825.18,3849.82,64865344
2013-09-16,3852.36,3870.73,3836.41,3854.21,55682312
2013-09-17,3851.66,3851.66,3785.23,3786.29,57558554
2013-09-18,3780.7,3823.01,3776.7,3822.12,44464410
2013-09-23,3830.95,3899.86,3830.95,3899.63,56527140
2013-09-24,3897.41,3915.98,3864.44,3903.52,65079754
2013-09-25,3899.61,3930.6,3881.6,3889.22,70191621
2013-09-26,3879.48,3883.39,3806.64,3808.22,59027574
2013-09-27,3805.5,3841.54,3802.9,3822.76,43549266
2013-09-30,3834.17,3873.49,3834.01,3872.89,39454582
2013-10-08,3875.52,3938.07,3866.68,3938.07,55134380
2013-10-09,3928.4,3981.45,3915.73,3981.06,60214011
2013-10-10,3990.78,4000.49,3947.84,3959.63,69807455
2013-10-11,3975.11,4027.32,3975.11,4026.92,72015583
2013-10-14,4034.19,4069.78,4024.59,4068.32,74692288
2013-10-15,4074.83,4080.11,4043.79,4074.08,75671782
2013-10-16,4063.82,4063.82,3941.59,3963.21,77837952
2013-10-17,3980.47,4010.62,3944.97,3956.97,66319178
2013-10-18,3954.59,3978.34,3937.24,3970.64,50779602
2013-10-21,3977.26,4069.22,3968.39,4069.03,66057290
2013-10-22,4070.67,4089.1,4014.27,4026.52,73645944
2013-10-23,4026.56,4039.43,3906.51,3924.22,67708421
2013-10-24,3914.24,3933.73,3889.34,3898.16,44942282
2013-10-25,3902.23,3916.92,3796.07,3821.78,49905236
2013-10-28,3820.67,3828.72,3785.91,3808.7,39569843
2013-10-29,3801.93,3827.12,3600.43,3703.86,55739763
2013-10-30,3694.31,3764.6,3688.39,3764.45,41549282
2013-10-31,3757.81,3757.81,3710.69,3713.83,41787544
2013-11-01,3698.47,3720.44,3661.74,3702.45,33387357
2013-11-04,3705.45,3744.59,3705.43,3728.19,32852152
2013-11-05,3719.94,3777.63,3688.21,3777.4,39498165
2013-11-06,3768.73,3799.83,3737.11,3737.11,45097252
2013-11-07,3722.24,3734.86,3677.53,3685.04,34814963
2013-11-08,3670.35,3678.23,3618.93,3629.94,34946730
2013-11-11,3626.19,3659.66,3600.09,3645.84,27357500
2013-11-12,3645.37,3681.07,3634.87,3680.54,30054981
2013-11-13,3677.35,3677.35,3611.76,3611.76,32957286
2013-11-14,3602.85,3660.04,3575.84,3659.83,33107759
2013-11-15,3661.28,3766.36,3661.28,3736.45,48826911
2013-11-18,3759.12,3828.02,3755.5,3827.88,56264005
2013-11-19,3830.45,3851.57,3814.52,3840.37,50882611
2013-11-20,3842.25,3878.7,3827.38,3878.58,48582894
2013-11-21,3865.57,3878.24,3838.54,3865.41,53986872
2013-11-22,3868.5,3880.72,3835.92,3842.76,49023980
2013-11-25,3834.81,3874.1,3824.65,3839.6,46434888
2013-11-26,3837.87,3855.97,3822.13,3845.68,42954414
2013-11-27,3843.65,3890.05,3837.14,3889.76,47221059
2013-11-28,3897.26,3945.53,3895.11,3922.67,55447964
2013-11-29,3924.42,3947.91,3919.73,3946.38,48473247
2013-12-02,3870.03,3905.68,3737.32,3770.87,66783091
2013-12-03,3755.19,3861.16,3750.96,3859.96,46942057
2013-12-04,3856.35,3959.11,3852.48,3933.0,64141883
2013-12-05,3931.14,3944.7,3911.27,3928.72,49524275
2013-12-06,3924.64,3941.54,3906.8,3918.78,42822790
2013-12-09,3928.16,3948.06,3924.81,3947.7,40104738
2013-12-10,3948.57,3965.16,3930.0,3950.49,45884255
2013-12-11,3941.9,3941.9,3878.33,3906.78,46188047
2013-12-12,3903.45,3943.03,3900.95,3916.96,39090674
2013-12-13,3901.99,3932.89,3886.97,3925.43,35894549
2013-12-16,3929.38,3932.6,3854.47,3857.72,41047676
2013-12-17,3854.79,3867.78,3824.97,3834.03,31875311
2013-12-18,3836.02,3855.36,3819.07,3834.05,26983216
2013-12-19,3840.28,3859.22,3793.4,3795.02,28183488
2013-12-20,3792.68,3807.55,3736.4,3747.0,29200456
2013-12-23,3745.94,3757.39,3687.4,3742.74,26690131
2013-12-24,3746.65,3799.77,3738.77,3768.7,28610148
2013-12-25,3766.2,3808.46,3756.71,3808.45,26951988
2013-12-26,3809.5,3809.5,3741.61,3743.13,33116048
2013-12-27,3737.65,3809.47,3734.65,3800.77,32215142
2013-12-30,3815.68,3828.97,3803.79,3813.0,31654040
2013-12-31,3805.7,3829.8,3789.82,3829.1,29276062
2014-01-02,3823.32,3848.25,3813.81,3847.88,30800260
2014-01-03,3841.22,3843.36,3802.99,3816.32,34817561
2014-01-06,3806.59,3806.59,3709.91,3710.9,34511866
2014-01-07,3699.9,3740.72,3688.42,3733.66,27208621
2014-01-08,3735.5,3768.5,3726.11,3738.21,31943441
2014-01-09,3732.86,3768.62,3693.64,3696.02,33354135
2014-01-10,3685.02,3689.19,3619.68,3628.63,31393303
2014-01-13,3628.53,3657.69,3588.74,3612.02,27842415
2014-01-14,3610.64,3683.53,3601.99,3683.53,28565104
2014-01-15,3681.04,3708.54,3675.64,3708.14,29479193
2014-01-16,3709.38,3738.08,3703.19,3714.31,29583312
2014-01-17,3704.36,3704.96,3669.59,3671.92,25325293
2014-01-20,3666.3,3680.01,3627.65,3644.13,23805747
2014-01-21,3645.34,3700.59,3645.34,3700.11,28497804
2014-01-22,3707.08,3799.06,3707.03,3799.04,41849047
2014-01-23,3801.75,3841.03,3795.48,3825.49,40705802
2014-01-24,3817.08,3890.53,3811.14,3882.67,45790748
2014-01-27,3867.57,3916.67,3854.87,3881.95,42636805
2014-01-28,3882.01,3906.57,3847.03,3873.81,31946533
2014-01-29,3878.31,3913.12,3878.31,3908.45,33008381
2014-01-30,3900.01,3908.61,3877.57,3885.42,28549940
2014-02-07,3864.89,3957.93,3854.98,3957.67,34036566
2014-02-10,3972.86,4074.63,3972.86,4074.63,57754949
2014-02-11,4081.54,4099.78,4031.95,4080.38,61876820
2014-02-12,4083.82,4125.71,4064.35,4125.41,59039265
2014-02-13,4123.22,4137.59,4064.42,4064.42,61051500
2014-02-14,4063.79,4134.23,4060.09,4134.16,50631158
2014-02-17,4152.04,4213.14,4152.04,4212.75,62469417
2014-02-18,4216.61,4219.03,4188.07,4207.7,63913295
2014-02-19,4206.02,4232.88,4180.91,4207.99,61217761
2014-02-20,4211.7,4221.63,4139.2,4149.07,62564477
2014-02-21,4142.3,4156.79,4085.82,4121.92,48017884
2014-02-24,4102.56,4105.79,4043.51,4105.79,51238733
2014-02-25,4109.49,4141.26,3937.17,3961.44,65665272
2014-02-26,3941.12,3988.06,3883.96,3987.48,48856737
2014-02-27,3992.72,4053.85,3932.31,3934.73,54510922
2014-02-28,3926.77,3976.13,3874.72,3975.93,46601198
2014-03-03,3975.54,4059.19,3969.3,4058.8,51290258
2014-03-04,4045.2,4067.43,4016.03,4059.57,53655608
2014-03-05,4064.96,4075.75,4031.92,4037.78,53143631
2014-03-06,4030.65,4042.21,3980.28,4032.76,48189903
2014-03-07,4032.14,4051.03,3992.94,4012.45,45686321
2014-03-10,3981.51,3981.51,3856.1,3860.24,49665554
2014-03-11,3848.17,3889.24,3826.93,3864.26,39939678
2014-03-12,3857.58,3894.06,3803.73,3865.66,41221160
2014-03-13,3865.92,3907.85,3861.71,3907.15,37064658
2014-03-14,3891.2,3913.5,3860.32,3888.98,35140833
2014-03-17,3889.9,3967.85,3889.9,3967.15,39288171
2014-03-18,3970.66,4009.35,3968.89,3989.2,44270843
2014-03-19,3979.25,3980.74,3944.09,3980.67,42668958
2014-03-20,3973.15,4000.37,3876.43,3876.58,49863055
2014-03-21,3857.82,3954.26,3828.92,3952.39,52362721
2014-03-24,3954.05,3995.87,3944.69,3985.86,54202977
2014-03-25,3977.88,4007.94,3967.62,3991.14,53667026
2014-03-26,3997.17,4009.88,3987.19,4001.5,46277501
2014-03-27,3994.82,3996.25,3943.79,3944.04,49459873
2014-03-28,3935.2,3951.73,3855.48,3865.3,53458266
2014-03-31,3865.0,3878.0,3815.74,3840.54,38337778
2014-04-01,3836.5,3899.66,3835.23,3899.49,34655220
2014-04-02,3901.19,3922.08,3891.55,3902.04,43981944
2014-04-03,3902.07,3919.17,3880.4,3896.28,42342712
2014-04-04,3888.73,3939.61,3881.96,3939.23,38203218
2014-04-08,3927.51,3981.63,3918.98,3981.63,42618208
2014-04-09,3987.43,4019.09,3987.43,4018.55,43685036
2014-04-10,4022.05,4052.84,4012.66,4038.84,51174180
2014-04-11,4021.96,4031.21,4001.8,4021.19,43247393
2014-04-14,4019.51,4051.49,4018.74,4051.33,41571742
2014-04-15,4050.33,4050.33,4015.09,4021.91,45456868
2014-04-16,4010.36,4026.76,3992.5,4019.88,38105115
2014-04-17,4025.38,4035.37,4012.71,4014.94,38718390
2014-04-18,4006.88,4029.76,3995.55,4029.26,34736479
2014-04-21,4004.61,4032.85,3962.29,3965.34,40253951
2014-04-22,3957.22,3974.63,3889.78,3947.17,41934820
2014-04-23,3942.5,3956.41,3913.18,3929.17,30741912
2014-04-24,3924.45,3931.51,3884.59,3884.81,32345720
2014-04-25,3879.45,3886.76,3797.47,3800.68,36000619
2014-04-28,3785.96,3785.96,3679.96,3684.59,36670330
2014-04-29,3678.62,3739.25,3678.01,3738.93,28297418
2014-04-30,3734.8,3770.73,3728.41,3766.17,26592828
2014-05-05,3761.23,3798.36,3746.19,3798.29,28615421
2014-05-06,3795.36,3831.41,3790.51,3817.98,30600384
2014-05-07,3806.84,3806.84,3747.79,3749.97,29363631
2014-05-08,3740.25,3798.22,3733.75,3754.01,30515953
2014-05-09,3748.49,3752.46,3688.05,3716.02,29488834
2014-05-12,3738.67,3812.83,3730.95,3812.76,42454809
2014-05-13,3810.49,3819.75,3788.46,3806.89,35814980
2014-05-14,3805.15,3816.41,3796.11,3803.8,28307555
2014-05-15,3797.12,3799.08,3728.32,3732.34,30771182
2014-05-16,3722.56,3733.28,3685.07,3726.66,26713346
2014-05-19,3722.39,3722.39,3679.64,3705.36,24203591
2014-05-20,3720.23,3748.75,3708.14,3715.71,24846022
2014-05-21,3708.12,3747.55,3680.89,3747.33,24046891
2014-05-22,3748.93,3788.06,3744.6,3746.14,30960985
2014-05-23,3742.99,3786.56,3742.98,3786.56,28877233
2014-05-26,3798.73,3827.59,3798.73,3827.49,33396372
2014-05-27,3825.37,3834.42,3812.89,3818.32,32742760
2014-05-28,3818.35,3862.1,3813.0,3861.59,36774765
2014-05-29,3862.3,3874.1,3821.42,3821.87,37364674
2014-05-30,3818.47,3840.86,3798.81,3829.24,34479814
2014-06-03,3833.12,3845.48,3821.43,3822.72,30154991
2014-06-04,3820.5,3820.76,3760.29,3789.29,30240407
2014-06-05,3783.88,3832.38,3779.99,3832.06,29580727
2014-06-06,3833.38,3837.4,3800.09,3818.33,29926322
2014-06-09,3809.59,3830.6,3795.17,3797.43,26819523
2014-06-10,3801.51,3840.24,3784.05,3840.02,30297387
2014-06-11,3838.67,3859.03,3832.53,3858.05,31915295
2014-06-12,3851.23,3857.91,3832.94,3850.11,35134918
2014-06-13,3846.62,3894.54,3843.62,3891.56,39840797
2014-06-16,3893.92,3915.22,3893.17,3914.98,39294758
2014-06-17,3909.62,3909.62,3876.23,3879.34,39860754
2014-06-18,3878.69,3881.39,3855.23,3858.1,40688671
2014-06-19,3853.59,3860.3,3739.41,3755.69,43351491
2014-06-20,3751.18,3789.41,3751.08,3789.34,29331630
2014-06-23,3790.84,3827.83,3790.84,3815.88,32200351
2014-06-24,3814.53,3839.59,3812.75,3839.2,34149694
2014-06-25,3835.59,3835.59,3803.29,3814.03,30419894
2014-06-26,3812.91,3863.1,3812.91,3861.95,40550701
2014-06-27,3861.1,3905.54,3853.75,3889.32,48476119
2014-06-30,3895.15,3925.44,3889.65,3924.9,49209664
2014-07-01,3927.48,3951.92,3917.53,3951.73,48813985
2014-07-02,3950.47,3979.37,3937.24,3979.31,52966356
2014-07-03,3978.82,4026.07,3972.12,4019.65,61184095
2014-07-04,4018.39,4022.22,3997.76,4004.56,55166390
2014-07-07,4004.1,4024.37,3992.28,4014.49,51197153
2014-07-08,4012.55,4039.92,3982.33,4039.71,50180744
2014-07-09,4033.82,4047.38,3981.25,3982.4,56944645
2014-07-10,3980.5,4008.13,3975.7,3982.2,48708485
2014-07-11,3979.73,4033.89,3978.1,4029.75,53074688
2014-07-14,4033.71,4090.8,4033.7,4090.8,60592481
2014-07-15,4089.35,4098.28,4063.6,4093.11,66833999
2014-07-16,4089.65,4105.02,4046.55,4062.12,59414418
2014-07-17,4055.91,4055.91,4006.28,4031.44,49988357
2014-07-18,4018.36,4066.18,4012.51,4042.52,49582587
2014-07-21,4038.74,4048.94,4017.45,4030.24,44186094
2014-07-22,4024.42,4086.11,4023.02,4083.29,54673016
2014-07-23,4083.08,4094.65,4042.04,4057.11,58518277
2014-07-24,4055.15,4073.86,4013.56,4054.22,62738286
2014-07-25,4052.03,4089.8,4047.87,4089.8,55043407
2014-07-28,4106.99,4168.39,4106.99,4168.37,79528351
2014-07-29,4173.17,4221.58,4167.27,4207.86,80760832
2014-07-30,4198.41,4220.21,4184.35,4214.84,69146675
2014-07-31,4211.07,4257.41,4208.57,4257.05,65711040
2014-08-01,4242.3,4268.43,4201.92,4210.22,78171894
2014-08-04,4213.11,4278.85,4213.11,4278.85,66083149
2014-08-05,4284.15,4300.51,4262.76,4300.12,74379617
2014-08-06,4291.63,4336.76,4276.68,4328.6,74507249
2014-08-07,4329.3,4348.19,4284.22,4286.09,71135739
2014-08-08,4287.94,4317.93,4283.61,4311.7,57397716
2014-08-11,4317.35,4377.24,4317.35,4377.02,64798592
2014-08-12,4378.25,4400.0,4370.23,4399.81,67262930
2014-08-13,4399.4,4410.46,4347.37,4401.81,73110600
2014-08-14,4397.21,4426.47,4368.71,4373.5,74617879
2014-08-15,4372.77,4428.97,4368.34,4423.64,64972288
2014-08-18,4434.18,4483.57,4434.18,4483.54,71526262
2014-08-19,4491.17,4500.8,4461.98,4496.94,77521490
2014-08-20,4495.82,4521.25,4481.92,4497.4,76368691
2014-08-21,4498.49,4501.66,4442.64,4495.44,72257055
2014-08-22,4491.63,4526.24,4478.79,4521.75,72034760
2014-08-25,4521.81,4522.7,4476.2,4487.14,67975470
2014-08-26,4474.45,4490.9,4390.11,4407.59,69606912
2014-08-27,4401.88,4432.15,4401.67,4421.21,54359739
2014-08-28,4423.76,4431.58,4368.67,4381.49,54355983
2014-08-29,4378.62,4427.88,4370.85,4427.88,43722811
2014-09-01,4436.55,4507.49,4436.11,4507.44,57685417
2014-09-02,4519.24,4576.12,4514.73,4576.12,84153838
2014-09-03,4582.48,4612.33,4571.95,4608.56,87927135
2014-09-04,4611.56,4648.22,4598.86,4647.89,94318100
2014-09-05,4654.52,4666.92,4629.18,4666.47,90826616
2014-09-09,4672.11,4701.94,4643.38,4701.7,89284306
2014-09-10,4686.12,4713.96,4662.18,4709.91,86187343
2014-09-11,4707.05,4762.13,4670.64,4704.94,97669706
2014-09-12,4698.11,4757.04,4689.63,4756.95,78550026
2014-09-15,4759.77,4810.07,4752.85,4807.56,92873065
2014-09-16,4809.44,4816.32,4643.86,4645.55,117310228
2014-09-17,4649.61,4686.39,4604.67,4686.05,86276129
2014-09-18,4679.11,4719.58,4663.15,4719.01,77913057
2014-09-19,4718.78,4762.17,4705.09,4758.73,73891425
2014-09-22,4753.8,4753.8,4682.62,4694.23,77667072
2014-09-23,4693.37,4754.47,4692.9,4754.47,71679127
2014-09-24,4746.62,4816.18,4733.56,4815.71,84890143
2014-09-25,4826.99,4861.8,4797.27,4814.74,92339397
2014-09-26,4803.44,4833.8,4787.31,4829.94,72968522
2014-09-29,4847.82,4880.16,4847.82,4877.44,80918090
2014-09-30,4886.56,4921.08,4877.88,4916.12,81755046
2014-10-08,4935.05,4993.61,4913.68,4993.53,90358513
2014-10-09,4996.66,5010.83,4936.73,5004.0,104303283
2014-10-10,4987.04,5007.13,4952.19,4981.85,96123927
2014-10-13,4964.23,4982.68,4906.16,4982.68,83134546
2014-10-14,4978.9,5013.95,4933.6,4966.08,82292188
2014-10-15,4967.23,4988.18,4922.48,4987.71,81985748
2014-10-16,4962.58,5007.28,4906.24,4906.24,95753175
2014-10-17,4894.59,4914.66,4771.77,4860.73,85229816
2014-10-20,4873.46,4929.47,4869.88,4929.16,64596603
2014-10-21,4929.23,4942.46,4878.18,4884.02,67813184
2014-10-22,4881.51,4902.78,4821.19,4825.61,61360809
2014-10-23,4815.12,4832.43,4732.76,4755.23,65012401
2014-10-24,4757.09,4800.36,4754.89,4774.67,56333896
2014-10-27,4762.52,4809.94,4739.33,4809.52,56003587
2014-10-28,4819.55,4925.09,4819.55,4924.96,75113014
2014-10-29,4938.72,4999.96,4923.52,4991.76,105608671
2014-10-30,4988.97,5021.19,4975.79,4992.63,99168604
2014-10-31,4999.0,5012.26,4945.29,4986.42,91669059
2014-11-03,4993.17,5028.76,4992.53,5028.7,92197435
2014-11-04,5028.54,5036.1,4983.05,5003.47,93807652
2014-11-05,5004.89,5013.61,4976.13,4995.44,84678572
2014-11-06,4992.72,5025.23,4959.73,5024.85,79650742
2014-11-07,5029.8,5049.28,4956.87,4977.26,96201285
2014-11-10,4989.44,5031.2,4973.32,5031.0,85242918
2014-11-11,5038.68,5041.33,4842.5,4881.48,106506601
2014-11-12,4866.43,4965.38,4855.63,4965.38,72860728
2014-11-13,4963.73,4967.21,4889.37,4921.67,87063498
2014-11-14,4901.14,4920.09,4862.39,4909.61,65753810
2014-11-17,4925.47,4982.52,4894.65,4958.47,68439222
2014-11-18,4951.59,4973.86,4947.02,4967.65,63490501
2014-11-19,4967.64,5002.44,4959.5,4985.1,68164716
2014-11-20,4972.74,4990.94,4961.6,4974.63,59676754
2014-11-21,4975.54,5029.78,4975.44,5029.77,72866762
2014-11-24,5088.23,5130.03,5065.19,5112.12,118515607
2014-11-25,5118.69,5189.43,5106.52,5189.0,107770017
2014-11-26,5198.13,5215.64,5168.18,5214.21,109880097
2014-11-27,5229.4,5251.7,5202.76,5251.39,120587366
2014-11-28,5249.67,5261.16,5193.35,5245.27,125361751
2014-12-01,5246.43,5247.01,5181.1,5208.14,115923389
2014-12-02,5201.37,5278.65,5196.09,5277.66,109407004
2014-12-03,5284.57,5339.25,5245.36,5339.01,152946990
2014-12-04,5345.01,5452.34,5343.13,5451.96,152121976
2014-12-05,5462.76,5464.23,5185.36,5333.89,172436982
2014-12-08,5310.57,5435.79,5266.02,5412.67,152402002
2014-12-09,5392.95,5465.09,5181.52,5195.41,197608666
2014-12-10,5184.02,5374.23,5151.0,5374.1,131311672
2014-12-11,5366.21,5454.92,5341.86,5454.44,139869627
2014-12-12,5457.23,5498.95,5437.66,5493.2,116562829
2014-12-15,5485.13,5588.85,5466.79,5583.6,129681032
2014-12-16,5590.27,5609.68,5548.96,5606.69,125116823
2014-12-17,5597.88,5597.88,5488.8,5557.29,133134510
2014-12-18,5551.04,5598.99,5543.4,5558.05,107138998
2014-12-19,5554.67,5558.18,5423.75,5524.12,133387146
2014-12-22,5523.66,5523.96,5279.96,5305.21,151327539
2014-12-23,5273.99,5316.72,5187.63,5193.72,95282588
2014-12-24,5212.07,5263.2,5197.72,5262.37,86145746
2014-12-25,5279.3,5365.07,5272.32,5364.56,89766625
2014-12-26,5370.33,5423.35,5359.53,5422.75,105786714
2014-12-29,5436.49,5436.49,5330.33,5367.64,120696241
2014-12-30,5357.39,5366.16,5261.62,5275.09,98910328
2014-12-31,5274.65,5322.71,5241.36,5322.71,93682898
2015-01-05,5338.75,5427.23,5314.34,5417.02,128787602
2015-01-06,5389.9,5482.12,5354.34,5479.86,123754496
2015-01-07,5471.4,5492.83,5436.92,5488.24,96050493
2015-01-08,5482.39,5497.74,5418.01,5444.04,95634616
2015-01-09,5424.5,5497.69,5409.06,5409.06,90640809
2015-01-12,5386.58,5386.58,5303.73,5332.22,78026429
2015-01-13,5333.97,5407.63,5333.97,5405.09,68693765
2015-01-14,5404.37,5417.8,5350.17,5379.74,67086497
2015-01-15,5380.45,5449.26,5380.34,5449.04,67885514
2015-01-16,5459.19,5520.79,5454.24,5520.12,84506844
2015-01-19,5359.47,5475.66,5222.04,5281.9,105336271
2015-01-20,5303.18,5472.74,5303.18,5472.51,91937953
2015-01-21,5490.84,5611.98,5490.53,5611.69,110167429
2015-01-22,5617.61,5690.43,5610.09,5690.16,105412621
2015-01-23,5697.84,5699.73,5611.07,5633.29,99440338
2015-01-26,5644.03,5759.37,5636.2,5758.98,101298793
2015-01-27,5767.74,5783.99,5670.43,5773.82,114317988
2015-01-28,5756.68,5798.57,5722.49,5739.92,102386414
2015-01-29,5692.39,5739.49,5670.51,5701.21,84538580
2015-01-30,5708.28,5735.93,5631.57,5632.73,80593272
2015-02-02,5568.44,5652.67,5539.52,5609.39,71871864
2015-02-03,5627.4,5708.28,5627.4,5707.48,75432558
2015-02-04,5720.98,5734.33,5680.83,5683.52,80926715
2015-02-05,5741.19,5745.14,5654.22,5654.22,88324355
2015-02-06,5640.03,5657.66,5510.76,5534.79,76277609
2015-02-09,5526.14,5551.9,5492.55,5504.97,55873439
2015-02-10,5502.73,5581.34,5500.54,5580.7,54973770
2015-02-11,5587.64,5642.3,5587.44,5641.79,58059566
2015-02-12,5647.55,5689.74,5640.86,5681.34,62691773
2015-02-13,5709.16,5789.38,5709.16,5769.27,82306368
2015-02-16,5786.15,5870.08,5786.04,5869.71,82305574
2015-02-17,5888.87,5914.29,5877.95,5911.1,80938872
2015-02-25,5926.23,5952.71,5887.37,5906.54,83550615
2015-02-26,5903.26,5970.06,5897.72,5969.56,90920745
2015-02-27,5974.36,6025.12,5970.68,6018.46,96560681
2015-03-02,6064.82,6139.79,6039.25,6139.79,127235331
2015-03-03,6124.28,6199.5,6099.13,6118.66,146953262
2015-03-04,6114.69,6211.09,6114.21,6210.42,119226335
2015-03-05,6212.66,6217.79,6161.38,6208.99,120959089
2015-03-06,6214.33,6234.11,6129.62,6133.03,109313725
2015-03-09,6113.58,6212.57,6080.54,6212.24,98702216
2015-03-10,6214.52,6299.28,6205.92,6276.49,102915059
2015-03-11,6275.17,6281.19,6236.79,6262.89,99462454
2015-03-12,6273.69,6288.52,6220.63,6260.14,101821473
2015-03-13,6271.82,6329.7,6271.82,6329.58,95229829
2015-03-16,6369.2,6517.03,6369.2,6516.77,137058319
2015-03-17,6547.39,6635.1,6525.83,6618.05,172583337
2015-03-18,6624.39,6728.51,6612.46,6728.07,164616348
2015-03-19,6733.12,6783.14,6687.44,6782.46,166872988
2015-03-20,6789.06,6862.38,6786.34,6850.9,152162319
2015-03-23,6891.92,7017.48,6891.92,7017.15,171778130
2015-03-24,7042.93,7055.1,6801.55,7046.12,197066880
2015-03-25,7051.82,7170.83,7001.51,7124.87,169575447
2015-03-26,7104.04,7171.62,6995.65,7074.44,163926380
2015-03-27,7076.49,7167.37,7060.43,7155.95,126460982
2015-03-30,7180.06,7259.54,7180.06,7245.5,163219546
2015-03-31,7280.15,7328.85,7214.48,7253.1,169906002
2015-04-01,7258.83,7430.95,7258.74,7425.73,154918807
2015-04-02,7463.91,7561.2,7447.12,7560.65,167650949
2015-04-03,7532.15,7682.72,7494.36,7679.01,170123561
2015-04-07,7728.91,7863.6,7728.8,7863.28,180904835
2015-04-08,7908.77,7920.98,7674.07,7808.0,189495726
2015-04-09,7818.2,7818.2,7483.28,7746.15,182754749
2015-04-10,7727.01,7971.62,7683.8,7952.19,161502966
2015-04-13,7994.25,8143.38,7977.0,8122.89,178484987
2015-04-14,8129.73,8192.24,8039.95,8119.96,183190497
2015-04-15,8093.13,8093.13,7786.93,7802.75,167211023
2015-04-16,7705.46,7976.12,7607.4,7912.09,143246060
2015-04-17,7979.35,8032.08,7925.74,7980.76,191109824
2015-04-20,7967.03,8051.47,7801.03,7839.9,214596065
2015-04-21,7852.52,8113.02,7846.61,8112.69,169810409
2015-04-22,8180.12,8333.82,8179.3,8323.43,199156923
2015-04-23,8371.85,8447.93,8275.13,8410.7,197994962
2015-04-24,8321.33,8453.34,8256.2,8419.1,183527675
2015-04-27,8503.57,8576.48,8413.23,8513.02,185685532
2015-04-28,8533.67,8543.33,8187.16,8266.48,184257626
2015-04-29,8248.31,8449.7,8204.73,8428.25,145074726
2015-04-30,8460.39,8551.47,8458.6,8469.67,146653891
2015-05-04,8493.96,8532.65,8381.37,8510.48,136204600
2015-05-05,8501.12,8501.12,8160.66,8199.34,144224274
2015-05-06,8220.6,8359.3,8012.48,8083.0,129313935
2015-05-07,8043.01,8076.23,7886.36,7903.48,112570941
2015-05-08,7989.34,8201.8,7983.83,8201.29,118887575
2015-05-11,8292.63,8558.8,8242.1,8558.22,148572311
2015-05-12,8595.08,8746.21,8564.66,8745.68,165849062
2015-05-13,8719.58,8909.58,8643.43,8824.93,174986442
2015-05-14,8829.83,8878.47,8725.3,8813.39,149017853
2015-05-15,8790.01,8828.11,8626.23,8742.89,143713577
2015-05-18,8725.41,8929.94,8698.9,8903.6,140445391
2015-05-19,8927.39,9125.52,8904.19,9124.83,151754593
2015-05-20,9176.03,9429.22,9173.4,9277.33,190955968
2015-05-21,9320.84,9620.1,9320.23,9619.22,187177992
2015-05-22,9756.53,9821.81,9547.42,9778.17,222507873
2015-05-25,9717.51,10040.71,9659.32,10040.09,228463954
2015-05-26,10117.73,10373.84,10046.24,10373.58,238514276
2015-05-27,10421.3,10539.75,10192.18,10497.34,232612180
2015-05-28,10501.36,10637.92,9860.55,9868.43,258094075
2015-05-29,9846.39,10140.1,9433.09,9966.85,198772639
2015-06-01,10067.53,10488.89,10067.53,10488.31,186016136
2015-06-02,10592.75,10887.88,10541.28,10886.4,213234225
2015-06-03,10973.96,11055.21,10674.07,10979.99,209059571
2015-06-04,10986.42,11023.34,10269.04,10965.41,211460188
2015-06-05,11117.36,11236.15,10887.17,11144.52,248874601
2015-06-08,11157.18,11157.18,10860.39,11030.92,235630582
2015-06-09,11009.88,11089.2,10861.58,11013.74,185184468
2015-06-10,10947.49,11319.91,10830.33,11208.06,184590364
2015-06-11,11220.07,11367.63,11155.95,11366.29,190367982
2015-06-12,11424.34,11616.39,11400.65,11545.89,210655588
2015-06-15,11589.95,11616.35,11304.04,11332.89,205877379
2015-06-16,11205.75,11205.75,10768.62,10879.84,179503841
2015-06-17,10865.4,11133.11,10497.69,11100.55,160039588
2015-06-18,11093.3,11178.32,10714.33,10731.38,154351939
2015-06-19,10475.92,10601.04,9968.99,9987.41,137848612
2015-06-23,9951.78,10074.83,9333.91,10046.89,141045839
2015-06-24,10136.25,10271.23,9950.62,10267.63,158209439
2015-06-25,10298.56,10343.06,9771.89,9906.1,164073382
2015-06-26,9571.56,9603.13,9059.36,9078.06,145076585
2015-06-29,9267.03,9281.17,8339.33,8484.64,181652777
2015-06-30,8302.18,8912.4,7882.33,8906.02,195568535
2015-07-01,8808.52,9103.09,8385.43,8411.91,171297426
2015-07-02,8369.49,8433.52,7787.1,7835.1,156973834
2015-07-03,7530.27,7930.15,7249.31,7355.49,156105994
2015-07-06,7842.43,7842.43,6883.61,7236.0,230754386
2015-07-07,6977.55,7030.98,6763.12,6763.53,114115960
2015-07-08,6444.67,6702.28,6444.25,6602.37,275340759
2015-07-09,6525.12,6896.49,6525.12,6896.35,95815747
2015-07-10,7101.82,7245.33,7081.35,7244.78,72141194
2015-07-13,7563.38,7695.67,7502.55,7695.64,124577679
2015-07-14,7854.0,8076.19,7772.39,7859.06,167383703
2015-07-15,7836.08,7837.84,7391.96,7405.29,164267658
2015-07-16,7342.83,7729.7,7078.71,7578.76,142013079
2015-07-17,7629.78,8050.73,7620.16,7994.7,139377370
2015-07-20,8025.1,8250.4,7931.65,8116.5,162131840
2015-07-21,8011.9,8291.93,7937.63,8220.46,143097592
2015-07-22,8207.17,8354.39,8075.6,8320.24,161165847
2015-07-23,8330.47,8585.8,8288.84,8551.99,177494966
2015-07-24,8580.65,8706.25,8348.42,8425.07,196947876
2015-07-27,8240.68,8493.35,7791.6,7794.18,171740042
2015-07-28,7514.15,7893.94,7261.61,7649.82,180294331
2015-07-29,7765.95,8024.58,7472.63,8022.8,132745244
2015-07-30,7979.57,8174.7,7766.46,7800.58,141928699
2015-07-31,7692.48,7876.65,7634.54,7727.06,107834135
2015-08-03,7605.9,7658.17,7370.04,7540.21,112364590
2015-08-04,7548.03,7942.27,7532.83,7942.1,117180321
2015-08-05,7933.32,8047.7,7773.92,7839.34,119999767
2015-08-06,7660.58,7891.56,7633.29,7792.03,90058281
2015-08-07,7874.42,8015.37,7855.68,8013.32,109469663
2015-08-10,8106.12,8437.92,8079.88,8394.09,145317371
2015-08-11,8402.32,8551.53,8356.52,8435.33,162434826
2015-08-12,8342.61,8490.27,8320.05,8336.34,132680645
2015-08-13,8287.77,8535.37,8237.89,8534.43,133650284
2015-08-14,8599.77,8717.07,8548.34,8625.24,160713073
2015-08-17,8613.29,8820.98,8582.83,8820.46,162013281
2015-08-18,8842.16,8858.33,8140.91,8161.27,184395699
2015-08-19,7865.63,8404.94,7667.32,8340.98,162622249
2015-08-20,8255.93,8376.67,8049.51,8049.51,138314468
2015-08-21,7884.31,8006.29,7583.7,7612.9,134561093
2015-08-24,7255.3,7292.77,7003.66,7006.19,92192223
2015-08-25,6496.11,6666.81,6467.81,6481.41,104162291
2015-08-26,6470.0,6687.53,6165.11,6238.53,149197210
2015-08-27,6344.96,6457.86,6099.17,6456.06,124932339
2015-08-28,6554.76,6844.45,6512.7,6842.89,142758515
2015-08-31,6791.42,6791.42,6578.35,6581.31,116258552
2015-09-01,6507.88,6507.88,6161.03,6169.21,98667930
2015-09-02,5878.21,6314.29,5866.67,6122.55,115032722
2015-09-07,6187.69,6379.2,6094.49,6143.56,102447071
2015-09-08,6096.01,6387.36,6014.57,6374.86,85509837
2015-09-09,6408.67,6609.94,6380.25,6551.01,150097825
2015-09-10,6434.53,6565.16,6407.12,6440.31,106415178
2015-09-11,6423.52,6523.19,6385.31,6493.32,92572027
2015-09-14,6535.26,6554.38,6018.44,6049.79,119113664
2015-09-15,5886.27,5996.22,5689.97,5708.03,93427425
2015-09-16,5722.53,6107.37,5704.12,6084.84,104952922
2015-09-17,6057.87,6242.25,5965.41,5965.41,127835730
2015-09-18,6007.46,6073.55,5934.1,6036.88,83652111
2015-09-21,5966.29,6251.62,5943.59,6250.44,105433930
2015-09-22,6264.06,6362.05,6215.57,6295.93,118689626
2015-09-23,6192.33,6302.64,6162.97,6224.6,101247324
2015-09-24,6250.09,6324.31,6227.39,6315.11,93290191
2015-09-25,6294.2,6336.43,6064.72,6108.38,98942031
2015-09-28,6118.23,6221.01,6020.46,6219.69,67737157
2015-09-29,6114.48,6183.83,6065.85,6103.61,68579494
2015-09-30,6139.14,6165.75,6066.83,6123.73,56497672
2015-10-08,6322.54,6409.74,6281.53,6372.49,94907320
2015-10-09,6369.75,6495.29,6353.04,6470.05,99711665
2015-10-12,6505.91,6788.4,6501.76,6718.72,153619876
2015-10-13,6672.66,6816.78,6650.62,6802.08,132977523
2015-10-14,6772.46,6842.87,6709.35,6724.5,125882450
2015-10-15,6694.07,6929.48,6694.07,6929.24,131795067
2015-10-16,6979.68,7052.14,6883.2,7047.56,164509970
2015-10-19,7072.36,7113.66,6951.8,7047.37,156007931
2015-10-20,7033.21,7163.26,6996.56,7162.08,138062792
2015-10-21,7159.13,7186.54,6689.27,6712.74,178169180
2015-10-22,6708.21,6970.68,6700.62,6964.3,135470899
2015-10-23,7015.62,7169.37,6988.55,7138.23,158898962
2015-10-26,7223.15,7233.36,7088.57,7186.76,163304714
2015-10-27,7123.08,7266.78,6900.44,7231.44,147441283
2015-10-28,7179.99,7270.79,7019.61,7048.9,132724219
2015-10-29,7097.19,7185.21,7011.86,7108.98,110741268
2015-10-30,7088.81,7185.53,6984.5,7084.97,110069553
2015-11-02,6936.37,7137.05,6914.15,6936.43,107204324
2015-11-03,6956.89,6998.05,6860.44,6920.1,89105339
2015-11-04,6953.87,7268.4,6953.87,7267.99,139208397
2015-11-05,7277.1,7364.51,7225.65,7276.45,185191772
2015-11-06,7284.87,7456.24,7284.71,7446.85,152693271
2015-11-09,7415.76,7593.17,7350.86,7543.8,177520097
2015-11-10,7517.41,7633.01,7486.85,7575.01,165737541
2015-11-11,7589.66,7686.3,7556.37,7684.67,152086170
2015-11-12,7712.64,7739.65,7579.67,7682.45,162280292
2015-11-13,7601.15,7665.14,7478.41,7567.11,147559260
2015-11-16,7438.41,7719.7,7431.74,7718.86,116919959
2015-11-17,7787.08,7820.02,7635.92,7650.38,162750881
2015-11-18,7655.33,7699.61,7504.99,7526.94,125690007
2015-11-19,7553.0,7719.52,7538.28,7718.62,110520026
2015-11-20,7741.68,7844.06,7720.16,7806.27,146076178
2015-11-23,7816.85,7876.48,7710.05,7744.18,142383455
2015-11-24,7739.09,7799.01,7635.78,7798.5,110258557
2015-11-25,7803.29,7925.54,7795.16,7922.38,124435502
2015-11-26,7962.17,7974.74,7859.63,7874.08,140404616
2015-11-27,7839.31,7852.0,7317.65,7376.12,152970488
2015-11-30,7388.28,7467.47,7035.55,7408.4,129234022
2015-12-01,7403.94,7519.94,7358.37,7443.95,113008678
2015-12-02,7423.5,7444.22,7201.66,7405.86,102647475
2015-12-03,7413.22,7571.45,7412.66,7570.51,95329413
2015-12-04,7533.61,7600.34,7464.28,7511.68,101362534
2015-12-07,7526.22,7602.77,7476.19,7602.23,92881295
2015-12-08,7555.46,7555.46,7398.56,7404.14,94938824
2015-12-09,7369.11,7431.04,7322.87,7374.27,83299991
2015-12-10,7374.36,7437.71,7332.98,7350.21,78990423
2015-12-11,7320.16,7347.36,7253.84,7290.7,72132288
2015-12-14,7224.81,7441.76,7210.41,7441.03,79957289
2015-12-15,7448.71,7534.22,7447.11,7498.18,86021491
2015-12-16,7522.73,7574.65,7503.09,7529.4,85351168
2015-12-17,7570.67,7716.48,7570.67,7716.25,130054766
2015-12-18,7708.34,7746.51,7650.56,7699.37,114416909
2015-12-21,7698.44,7798.09,7692.1,7788.56,115015004
2015-12-22,7811.0,7856.95,7752.7,7856.61,111592507
2015-12-23,7859.13,7881.3,7756.33,7773.28,118166308
2015-12-24,7760.38,7778.94,7635.78,7753.04,91509340
2015-12-25,7759.84,7805.05,7738.87,7792.12,81253519
2015-12-28,7815.38,7837.63,7603.36,7603.36,109813514
2015-12-29,7591.71,7675.31,7545.35,7674.39,77292531
2015-12-30,7693.02,7747.35,7664.28,7741.05,85533233
2015-12-31,7745.64,7763.3,7617.39,7617.69,79781522
2016-01-04,7615.51,7624.1,6983.29,6983.4,78014999
2016-01-05,6663.73,7020.54,6627.64,6889.74,113428224
2016-01-06,6916.53,7066.09,6878.65,7065.61,100930427
2016-01-07,6937.42,6937.42,6454.97,6462.24,28426742
2016-01-08,6618.08,6689.14,6222.59,6570.43,111129605
2016-01-11,6435.89,6529.88,6128.22,6128.66,115600737
2016-01-12,6126.67,6205.59,5994.64,6136.66,91905221
2016-01-13,6168.99,6226.54,5924.04,5924.04,86123402
2016-01-14,5734.61,6137.51,5726.88,6124.82,92251446
2016-01-15,6078.62,6135.27,5852.24,5893.68,88630538
2016-01-18,5768.76,6051.18,5765.15,5978.91,72469788
2016-01-19,5965.36,6203.4,5956.23,6197.1,87981015
2016-01-20,6161.23,6244.96,6095.72,6138.5,91947517
2016-01-21,6031.17,6191.32,5886.88,5886.88,81882765
2016-01-22,5954.36,6013.97,5799.71,5980.61,69830710
2016-01-25,6034.08,6093.27,5976.34,6041.33,65308513
2016-01-26,5966.71,5982.5,5573.83,5589.31,85443917
2016-01-27,5604.17,5628.19,5240.65,5514.19,87924119
2016-01-28,5441.74,5511.32,5257.08,5271.23,67338076
2016-01-29,5262.46,5515.49,5248.22,5469.13,72359091
2016-02-01,5458.61,5493.98,5319.7,5399.48,64716114
2016-02-02,5407.71,5594.36,5407.67,5586.63,66571963
2016-02-03,5520.64,5634.92,5482.23,5610.17,63280727
2016-02-04,5631.32,5744.02,5631.32,5721.49,71083983
2016-02-05,5734.48,5747.98,5662.44,5664.2,56075546
2016-02-15,5485.72,5700.52,5482.8,5668.04,53631252
2016-02-16,5694.75,5918.59,5694.75,5902.53,82877143
2016-02-17,5889.5,5979.41,5854.22,5971.41,90582520
2016-02-18,6009.75,6034.85,5945.2,5957.13,93714798
2016-02-19,5939.7,6009.72,5919.68,5979.52,70380498
2016-02-22,6055.68,6111.69,6029.46,6103.72,94320520
2016-02-23,6102.51,6118.65,5982.21,6070.5,87874875
2016-02-24,6041.75,6116.26,5975.14,6111.04,89819579
2016-02-25,6097.42,6097.54,5604.1,5626.05,110668654
2016-02-26,5668.33,5701.05,5517.63,5648.94,79857894
2016-02-29,5618.51,5618.51,5286.35,5350.43,86703153
2016-03-01,5361.79,5504.75,5294.54,5473.64,80803571
2016-03-02,5464.73,5763.8,5462.74,5753.15,110671951
2016-03-03,5757.36,5872.92,5745.62,5776.98,128527360
2016-03-04,5755.12,5805.41,5542.98,5621.56,108829947
2016-03-07,5686.69,5788.47,5681.85,5752.55,87170580
2016-03-08,5751.39,5764.33,5538.15,5764.33,98149655
2016-03-09,5627.14,5709.52,5583.07,5617.04,72615324
2016-03-10,5617.42,5657.26,5517.02,5521.95,59559411
2016-03-11,5460.54,5545.34,5433.32,5508.98,49800023
2016-03-14,5568.46,5748.33,5568.46,5690.59,79997417
2016-03-15,5672.75,5701.57,5609.0,5639.8,66268900
2016-03-16,5662.44,5689.28,5531.33,5562.8,57487332
2016-03-17,5589.22,5759.54,5579.73,5745.98,84575759
2016-03-18,5774.3,5967.46,5768.91,5949.26,125160340
2016-03-21,6016.69,6100.03,6001.32,6099.48,131825513
2016-03-22,6045.84,6130.27,6013.05,6075.49,107721654
2016-03-23,6054.22,6119.31,6031.27,6118.97,89661325
2016-03-24,6062.76,6127.51,6008.54,6018.42,101439744
2016-03-25,6006.67,6081.09,5996.54,6077.43,78231311
2016-03-28,6114.77,6167.24,6017.49,6037.78,93782331
2016-03-29,6029.94,6041.38,5875.07,5921.87,79003976
2016-03-30,5981.42,6137.79,5981.42,6137.5,88061292
2016-03-31,6164.28,6211.14,6133.6,6155.81,94915722
2016-04-01,6129.72,6157.74,6022.97,6124.53,85219533
2016-04-05,6136.69,6293.47,6117.18,6286.58,105543050
2016-04-06,6262.6,6324.21,6243.11,6323.43,104674578
2016-04-07,6344.37,6355.33,6228.97,6228.97,109927150
2016-04-08,6176.86,6199.15,6087.1,6168.74,88670172
2016-04-11,6226.38,6334.54,6226.38,6304.3,102199977
2016-04-12,6299.47,6316.25,6182.82,6252.77,87061768
2016-04-13,6292.57,6421.73,6292.57,6344.23,132989985
2016-04-14,6375.49,6402.51,6324.46,6401.86,99088177
2016-04-15,6403.25,6414.79,6345.55,6384.35,82798054
2016-04-18,6343.7,6343.7,6241.98,6281.2,80400471
2016-04-19,6314.58,6334.9,6262.61,6308.23,69438666
2016-04-20,6331.87,6344.78,5923.43,6022.21,117325386
2016-04-21,6000.31,6085.94,5960.5,5970.68,84808591
2016-04-22,5930.53,6011.46,5915.31,6011.32,62323812
2016-04-25,5997.21,5997.22,5897.74,5978.08,57034332
2016-04-26,5971.81,6047.06,5958.4,6046.77,56055306
2016-04-27,6051.44,6086.36,6005.16,6016.7,60731581
2016-04-28,6014.13,6027.2,5888.06,5990.33,60430702
2016-04-29,5963.91,6018.27,5953.13,5985.59,49704187
2016-05-03,5991.83,6167.8,5960.94,6167.45,75831058
2016-05-04,6144.57,6213.19,6136.3,6169.78,74555740
2016-05-05,6159.73,6206.53,6133.38,6203.82,64558968
2016-05-06,6208.44,6226.88,5961.46,5961.49,98056919
2016-05-09,5910.12,5910.12,5714.12,5743.65,78233380
2016-05-10,5728.11,5766.16,5697.09,5738.9,52657746
2016-05-11,5770.35,5806.47,5700.1,5723.41,58011126
2016-05-12,5647.07,5727.58,5559.69,5726.46,58215813
2016-05-13,5708.63,5779.89,5677.94,5714.31,53076736
2016-05-16,5692.61,5813.04,5665.21,5812.54,57960899
2016-05-17,5814.1,5853.61,5763.51,5790.34,65260137
2016-05-18,5743.03,5743.03,5563.06,5631.19,63704855
2016-05-19,5628.73,5729.4,5628.65,5666.73,56438940
2016-05-20,5619.94,5733.25,5600.49,5732.9,55936077
2016-05-23,5752.15,5811.68,5752.08,5809.48,62777792
2016-05-24,5800.0,5800.17,5701.66,5743.18,57956416
2016-05-25,5780.27,5803.99,5691.61,5715.18,53302956
2016-05-26,5705.07,5744.86,5598.66,5744.39,59665728
2016-05-27,5728.9,5780.07,5712.48,5739.59,59984704
2016-05-30,5706.0,5764.76,5655.64,5711.32,48888003
2016-05-31,5721.83,5947.43,5721.83,5947.32,95238072
2016-06-01,5957.18,6013.9,5949.64,5973.78,94513987
2016-06-02,5961.72,6014.61,5955.35,6013.89,81245307
2016-06-03,6016.95,6062.14,5992.32,6032.6,84843515
2016-06-06,6051.95,6067.47,6008.93,6051.86,73552819
2016-06-07,6048.32,6052.05,6010.35,6045.36,69598259
2016-06-08,6037.41,6058.18,5972.74,6023.88,73498163
2016-06-13,5943.73,5992.34,5746.0,5746.44,87139858
2016-06-14,5723.99,5778.85,5700.52,5762.76,62032704
2016-06-15,5701.39,5972.85,5692.82,5952.85,90878605
2016-06-16,5945.49,5979.12,5909.69,5930.55,96031460
2016-06-17,5937.32,6002.62,5918.19,5964.27,89066842
2016-06-20,5965.83,5995.0,5908.48,5985.57,74530145
2016-06-21,6023.92,6053.41,5888.36,5916.8,88140687
2016-06-22,5901.15,6009.06,5895.91,6008.89,72417144
2016-06-23,5998.67,6015.18,5933.68,5978.17,77979556
2016-06-24,5967.52,6011.37,5748.84,5903.62,98419868
2016-06-27,5864.73,6044.32,5864.61,6044.22,84047908
2016-06-28,6018.91,6111.07,6012.05,6107.51,94952722
2016-06-29,6130.58,6145.0,6100.08,6120.2,93055219
2016-06-30,6127.99,6143.23,6090.9,6123.49,77299661
2016-07-01,6133.72,6163.43,6095.85,6111.54,73814433
2016-07-04,6079.58,6240.6,6078.63,6231.88,100078190
2016-07-05,6244.39,6276.82,6226.3,6269.51,107928801
2016-07-06,6250.49,6299.73,6231.54,6297.4,95069622
2016-07-07,6291.06,6342.44,6256.27,6319.79,112453596
2016-07-08,6308.06,6337.07,6276.83,6299.85,88064740
2016-07-11,6320.06,6387.07,6306.13,6312.5,103662866
2016-07-12,6309.82,6395.44,6248.93,6395.15,116873787
2016-07-13,6413.81,6456.77,6392.4,6446.56,112122081
2016-07-14,6437.28,6458.29,6410.4,6455.58,95271580
2016-07-15,6459.63,6469.05,6409.8,6441.02,93192904
2016-07-18,6426.86,6455.46,6379.07,6412.07,89330629
2016-07-19,6407.03,6431.94,6355.48,6431.94,80961871
2016-07-20,6429.69,6454.18,6404.15,6417.92,74820308
2016-07-21,6414.8,6487.02,6405.6,6442.71,87437926
2016-07-22,6437.88,6448.37,6385.25,6390.93,86445494
2016-07-25,6383.56,6441.32,6374.26,6408.78,81090040
2016-07-26,6410.82,6494.74,6410.82,6494.47,81556557
2016-07-27,6499.34,6515.88,6154.46,6229.29,138527892
2016-07-28,6220.92,6273.38,6148.86,6243.29,91318712
2016-07-29,6239.85,6259.2,6183.16,6202.89,72681331
2016-08-01,6179.2,6179.2,6046.4,6109.28,72910221
2016-08-02,6100.75,6168.68,6099.25,6168.51,55805056
2016-08-03,6154.47,6203.61,6140.83,6198.39,68686950
2016-08-04,6194.2,6245.3,6174.24,6238.23,70556393
2016-08-05,6231.53,6251.4,6202.86,6203.29,67543355
2016-08-08,6191.65,6290.9,6152.58,6290.76,77047880
2016-08-09,6283.29,6341.72,6281.07,6341.55,78165123
2016-08-10,6336.54,6366.09,6314.51,6318.27,77197425
2016-08-11,6304.78,6318.98,6226.31,6226.31,70684526
2016-08-12,6218.35,6299.09,6204.96,6299.09,68635479
2016-08-15,6309.41,6451.93,6289.72,6442.53,117981468
2016-08-16,6449.91,6488.7,6446.24,6468.89,109712840
2016-08-17,6462.05,6502.14,6437.26,6488.36,95788508
2016-08-18,6485.93,6527.2,6466.4,6490.41,110415534
2016-08-19,6485.72,6516.98,6451.61,6499.55,91827100
2016-08-22,6499.75,6508.8,6419.56,6420.35,92369152
2016-08-23,6414.98,6448.54,6380.92,6428.7,80572964
2016-08-24,6432.88,6466.63,6415.7,6435.06,73862344
2016-08-25,6398.56,6398.56,6312.65,6382.57,79722432
2016-08-26,6395.77,6460.87,6395.73,6410.73,74785795
2016-08-29,6409.12,6442.4,6398.78,6427.53,68956570
2016-08-30,6428.97,6459.71,6413.71,6425.75,61588352
2016-08-31,6422.8,6441.11,6390.7,6434.21,65277005
2016-09-01,6434.26,6445.43,6380.9,6381.48,71886108
2016-09-02,6371.49,6403.57,6320.48,6356.95,67506962
2016-09-05,6372.62,6419.75,6372.62,6391.79,65434639
2016-09-06,6392.61,6493.35,6345.69,6492.97,86826086
2016-09-07,6490.33,6529.81,6483.09,6494.32,93190208
2016-09-08,6489.62,6518.33,6478.65,6517.98,72464136
2016-09-09,6518.68,6539.35,6470.9,6471.05,78672463
2016-09-12,6362.77,6383.84,6283.82,6291.64,90041756
2016-09-13,6324.74,6340.87,6284.04,6320.03,68636659
2016-09-14,6286.62,6318.27,6260.65,6278.16,58319693
2016-09-19,6292.81,6344.45,6292.81,6344.18,54978765
2016-09-20,6344.71,6346.93,6319.76,6342.03,54505613
2016-09-21,6342.0,6363.0,6335.39,6343.75,50290342
2016-09-22,6381.16,6410.57,6377.17,6385.64,62971599
2016-09-23,6397.33,6402.64,6369.22,6370.58,62578307
2016-09-26,6363.93,6364.21,6239.87,6241.52,72106660
2016-09-27,6229.82,6287.34,6200.57,6286.91,56400532
2016-09-28,6300.85,6300.85,6266.75,6281.28,49163261
2016-09-29,6288.92,6323.42,6288.92,6298.79,50691558
2016-09-30,6292.08,6338.3,6289.47,6328.09,44965130
2016-10-10,6364.52,6447.94,6345.33,6447.69,72724035
2016-10-11,6451.04,6486.65,6443.75,6486.43,78850888
2016-10-12,6463.81,6484.0,6452.41,6482.74,67718487
2016-10-13,6480.93,6501.56,6468.13,6484.83,68471652
2016-10-14,6476.26,6477.85,6423.58,6469.49,65860096
2016-10-17,6478.51,6487.67,6394.49,6413.15,71704796
2016-10-18,6409.74,6509.28,6409.74,6509.28,73698509
2016-10-19,6518.74,6531.16,6476.56,6495.26,75048806
2016-10-20,6495.83,6506.58,6474.78,6498.24,65574912
2016-10-21,6498.99,6506.61,6424.44,6475.28,73195126
2016-10-24,6479.55,6546.79,6472.94,6539.47,86076746
2016-10-25,6543.47,6563.52,6536.94,6563.35,83923231
2016-10-26,6561.16,6561.25,6511.66,6530.39,80859244
2016-10-27,6522.89,6529.47,6488.36,6517.36,67102996
2016-10-28,6512.04,6536.83,6455.15,6455.83,70697096
2016-10-31,6441.43,6460.77,6408.27,6452.21,60253688
2016-11-01,6457.0,6508.36,6450.02,6507.95,62539901
2016-11-02,6494.98,6506.78,6450.05,6455.13,72299067
2016-11-03,6442.35,6521.0,6436.91,6483.73,77549844
2016-11-04,6482.6,6502.74,6449.56,6462.59,70635407
2016-11-07,6461.0,6487.06,6437.74,6468.82,68812127
2016-11-08,6487.65,6518.19,6476.44,6503.18,72444879
2016-11-09,6504.41,6507.86,6380.57,6453.57,88060101
2016-11-10,6501.64,6538.74,6501.64,6536.97,90625239
2016-11-11,6539.36,6584.41,6527.45,6583.89,110371594
2016-11-14,6568.66,6624.21,6566.05,6615.01,126669343
2016-11-15,6622.88,6641.04,6602.28,6640.46,105110912
2016-11-16,6647.53,6658.43,6630.12,6644.19,95468677
2016-11-17,6633.31,6646.31,6596.9,6636.47,84535311
2016-11-18,6632.63,6643.94,6592.84,6602.33,81278551
2016-11-21,6597.17,6635.89,6591.98,6611.54,78751844
2016-11-22,6619.85,6661.54,6617.07,6661.25,92177810
2016-11-23,6668.25,6676.67,6617.78,6631.17,93963241
2016-11-24,6635.22,6656.97,6607.03,6623.05,93586299
2016-11-25,6620.22,6652.92,6531.37,6652.82,88934636
2016-11-28,6667.27,6692.14,6650.92,6670.8,95741366
2016-11-29,6658.36,6681.88,6619.04,6620.79,101446907
2016-11-30,6605.36,6615.92,6568.8,6585.58,81526812
2016-12-01,6593.59,6624.85,6593.07,6624.47,77818509
2016-12-02,6617.87,6623.79,6520.97,6520.97,81097526
2016-12-05,6462.26,6522.6,6451.08,6486.02,66821821
2016-12-06,6496.16,6514.03,6484.98,6490.89,52009198
2016-12-07,6493.0,6558.24,6481.92,6558.02,59406415
2016-12-08,6561.72,6562.66,6522.96,6527.43,56989763
2016-12-09,6519.39,6534.9,6500.21,6513.92,59218291
2016-12-12,6512.96,6519.63,6241.61,6249.08,94736778
2016-12-13,6235.56,6292.8,6190.39,6278.18,65206728
2016-12-14,6269.08,6299.04,6216.95,6239.5,68977585
2016-12-15,6216.14,6310.74,6211.27,6280.4,64732974
2016-12-16,6279.28,6329.19,6273.0,6318.52,62204175
2016-12-19,6319.86,6330.38,6297.37,6320.73,62579159
2016-12-20,6314.61,6315.54,6275.31,6300.64,60920658
2016-12-21,6311.06,6348.38,6311.06,6347.61,63632870
2016-12-22,6341.2,6350.27,6313.86,6341.79,59617208
2016-12-23,6339.35,6343.85,6277.66,6282.0,57182482
2016-12-26,6260.34,6295.24,6194.27,6294.75,54444357
2016-12-27,6291.65,6311.04,6284.04,6288.86,49275525
2016-12-28,6288.73,6295.89,6257.1,6270.24,48574164
2016-12-29,6261.87,6286.74,6242.98,6252.61,45028142
2016-12-30,6255.62,6275.55,6241.72,6263.63,46924938
2017-01-03,6273.82,6320.95,6273.75,6320.76,48577792
2017-01-04,6321.75,6395.0,6314.13,6394.67,66739423
2017-01-05,6391.58,6412.87,6385.12,6399.28,61445202
2017-01-06,6398.86,6401.74,6364.89,6371.62,64902474
2017-01-09,6365.39,6415.47,6357.36,6415.42,63979031
2017-01-10,6412.76,6428.83,6388.92,6393.93,68210683
2017-01-11,6381.7,6402.9,6331.51,6331.96,62843359
2017-01-12,6325.62,6339.32,6269.2,6272.85,53433633
2017-01-13,6272.79,6282.72,6182.1,6194.66,53611484
2017-01-16,6184.13,6184.34,5872.4,6031.24,78958349
2017-01-17,6006.08,6082.2,5957.04,6082.07,50540897
2017-01-18,6067.17,6098.78,6049.97,6068.59,46142180
2017-01-19,6054.73,6074.46,6029.64,6043.68,44419617
2017-01-20,6037.56,6129.58,6034.97,6122.0,45717353
2017-01-23,6130.44,6189.17,6130.2,6172.17,50389737
2017-01-24,6167.84,6177.21,6154.07,6165.26,50127803
2017-01-25,6156.78,6187.43,6152.14,6179.57,42974287
2017-01-26,6183.16,6224.19,6183.16,6223.71,40542477
2017-02-03,6227.46,6231.6,6190.83,6207.09,35541491
2017-02-06,6206.54,6259.41,6195.5,6259.25,45755656
2017-02-07,6254.2,6269.46,6223.54,6255.93,50928233
2017-02-08,6248.47,6291.77,6219.02,6291.6,53885120
2017-02-09,6288.88,6331.33,6285.73,6331.18,72722330
2017-02-10,6329.68,6350.34,6320.25,6337.11,89377139
2017-02-13,6341.73,6370.21,6331.96,6369.65,83765053
2017-02-14,6366.94,6378.06,6346.59,6374.89,76068628
2017-02-15,6367.64,6379.79,6301.01,6311.7,84076608
2017-02-16,6308.32,6363.87,6306.51,6359.34,75074580
2017-02-17,6356.09,6365.7,6300.51,6307.16,79079951
2017-02-20,6307.23,6385.06,6307.23,6385.06,74126636
2017-02-21,6390.51,6434.53,6386.9,6434.44,78896901
2017-02-22,6432.75,6474.49,6431.41,6474.23,87525642
2017-02-23,6470.62,6482.25,6435.75,6473.99,89366679
2017-02-24,6466.18,6477.42,6445.07,6476.17,76258127
2017-02-27,6476.38,6480.19,6417.78,6424.25,72245010
2017-02-28,6425.0,6451.29,6414.78,6450.97,63031127
2017-03-01,6446.44,6488.82,6440.81,6467.64,72479672
2017-03-02,6476.11,6484.12,6431.44,6434.63,72064172
2017-03-03,6417.39,6457.23,6398.88,6452.84,65253253
2017-03-06,6457.59,6518.04,6457.59,6517.32,67277673
2017-03-07,6517.85,6523.36,6491.26,6523.19,68534915
2017-03-08,6519.97,6525.19,6478.55,6497.09,63067369
2017-03-09,6484.58,6484.83,6425.0,6439.38,64238981
2017-03-10,6436.76,6464.6,6436.64,6447.92,56359928
2017-03-13,6444.56,6508.07,6412.71,6507.9,64912430
2017-03-14,6508.37,6518.78,6480.08,6493.48,60271995
2017-03-15,6486.3,6499.54,6471.72,6486.06,55750085
2017-03-16,6499.83,6543.34,6499.83,6543.34,68654620
2017-03-17,6543.56,6555.58,6480.29,6483.25,73063706
2017-03-20,6484.54,6498.57,6451.35,6498.34,61644782
2017-03-21,6494.77,6516.01,6484.69,6515.95,58995041
2017-03-22,6486.3,6514.63,6459.98,6499.79,72273367
2017-03-23,6502.13,6533.65,6445.81,6512.19,76911148
2017-03-24,6509.23,6552.75,6500.07,6546.62,83547822
2017-03-27,6545.45,6555.79,6510.44,6516.03,77482737
2017-03-28,6509.04,6519.09,6483.64,6498.69,61262113
2017-03-29,6504.25,6522.51,6461.54,6480.54,85614049
2017-03-30,6467.06,6471.94,6369.12,6375.74,96512724
2017-03-31,6374.57,6402.22,6365.45,6401.65,72082772
2017-04-05,6450.9,6539.97,6450.9,6539.97,97014979
2017-04-06,6554.75,6569.7,6535.04,6559.65,97471135
2017-04-07,6554.26,6593.95,6544.24,6578.73,100596672
2017-04-10,6575.46,6595.2,6556.08,6566.54,102529324
2017-04-11,6566.84,6632.0,6531.53,6629.17,127738048
2017-04-12,6625.88,6626.76,6571.48,6576.48,114173028
2017-04-13,6569.24,6627.7,6562.76,6615.7,87711439
2017-04-14,6623.45,6623.8,6522.79,6528.16,97511150
2017-04-17,6500.95,6502.04,6426.28,6456.6,87532206
2017-04-18,6452.92,6491.81,6416.17,6418.21,80185641
2017-04-19,6390.33,6401.41,6285.99,6350.65,87000448
2017-04-20,6349.41,6377.8,6299.89,6347.77,79174157
2017-04-21,6345.77,6364.67,6296.81,6300.71,60871101
2017-04-24,6282.33,6282.74,6137.92,6138.5,70771369
2017-04-25,6139.48,6203.68,6131.95,6160.46,64657728
2017-04-26,6159.89,6195.32,6157.4,6176.4,69746030
2017-04-27,6157.52,6205.23,6052.88,6192.3,89357788
2017-04-28,6174.14,6214.16,6166.8,6211.86,66769167
2017-05-02,6205.1,6216.49,6186.17,6216.12,70289004
2017-05-03,6205.68,6225.63,6174.69,6197.48,72475448
2017-05-04,6180.03,6236.89,6151.81,6176.31,77413514
2017-05-05,6155.2,6164.25,6089.09,6089.68,71551995
2017-05-08,6076.46,6083.36,5975.22,5975.54,67182556
2017-05-09,5953.84,6012.44,5919.6,6012.0,54726994
2017-05-10,6010.73,6038.97,5885.52,5885.84,62645660
2017-05-11,5856.41,5873.91,5731.48,5872.64,73054313
2017-05-12,5859.34,5889.93,5820.29,5863.78,56685627
2017-05-15,5880.7,5912.27,5880.7,5893.51,49725934
2017-05-16,5882.33,6014.88,5839.22,6014.73,73426616
2017-05-17,6006.47,6055.92,6001.04,6027.65,73146908
2017-05-18,5983.35,6030.11,5965.35,5976.3,60062126
2017-05-19,5973.77,5990.44,5942.61,5974.98,55068152
2017-05-22,5962.29,5987.31,5873.04,5888.81,60894139
2017-05-23,5879.56,5893.82,5760.32,5764.88,64918648
2017-05-24,5740.44,5799.68,5668.72,5799.25,58130847
2017-05-25,5788.56,5859.5,5740.8,5850.8,70683958
2017-05-26,5843.52,5871.21,5833.09,5836.93,59256200
2017-05-31,5887.94,5913.18,5820.21,5824.1,58477770
2017-06-01,5810.42,5810.6,5709.69,5710.0,60278904
2017-06-02,5696.83,5780.5,5655.76,5772.52,58868846
2017-06-05,5778.19,5830.05,5777.95,5815.8,54333292
2017-06-06,5808.97,5841.88,5793.44,5841.52,48781499
2017-06-07,5838.88,5955.02,5836.44,5955.02,74666058
2017-06-08,5947.98,5972.73,5940.72,5958.98,66506547
2017-06-09,5952.41,5971.53,5922.73,5969.27,62109875
2017-06-12,5943.64,5950.04,5896.4,5902.86,60359675
2017-06-13,5895.47,5986.87,5894.23,5980.06,60424169
2017-06-14,5976.01,5992.78,5958.2,5966.43,60926963
2017-06-15,5959.47,6024.38,5959.19,6021.17,64991109
2017-06-16,6016.97,6027.4,6003.26,6013.0,56912596
2017-06-19,6010.94,6057.41,6009.22,6057.41,59231585
2017-06-20,6061.11,6089.81,6058.69,6066.9,66122409
2017-06-21,6074.61,6080.53,6035.27,6078.19,56730429
2017-06-22,6074.37,6094.55,5992.34,5992.34,69225641
2017-06-23,5978.24,6010.31,5923.55,6010.31,63505124
2017-06-26,6013.48,6111.71,6011.86,6111.64,69846177
2017-06-27,6109.37,6128.38,6089.68,6113.17,62316849
2017-06-28,6102.23,6110.35,6075.14,6086.21,60479483
2017-06-29,6089.92,6132.25,6089.92,6116.99,58035290
2017-06-30,6101.36,6139.07,6090.25,6138.16,53521224
2017-07-03,6142.17,6177.4,6129.84,6177.4,63825321
2017-07-04,6169.03,6170.85,6134.88,6146.85,63114196
2017-07-05,6135.71,6193.96,6127.51,6193.96,68621637
2017-07-06,6187.43,6211.97,6149.93,6201.65,82871813
2017-07-07,6182.45,6229.83,6176.74,6226.01,79328307
2017-07-10,6221.53,6236.29,6189.0,6206.56,90371000
2017-07-11,6194.62,6202.2,6128.99,6128.99,76982331
2017-07-12,6124.96,6143.8,6050.65,6132.99,75579502
2017-07-13,6134.75,6172.68,6124.36,6149.93,79136010
2017-07-14,6143.33,6143.46,6107.91,6128.74,66386360
2017-07-17,6108.45,6108.45,5860.78,5876.46,101536169
2017-07-18,5854.07,5938.43,5842.96,5938.43,76564324
2017-07-19,5928.01,6059.53,5917.67,6059.36,102901914
2017-07-20,6052.51,6120.19,6046.41,6099.28,93828769
2017-07-21,6089.66,6136.97,6080.56,6126.11,83132654
2017-07-24,6121.33,6171.82,6117.3,6167.13,97299924
2017-07-25,6159.41,6170.65,6113.56,6153.6,89224305
2017-07-26,6151.85,6162.88,6111.04,6146.7,88753495
2017-07-27,6136.96,6192.94,6105.96,6184.02,104005537
2017-07-28,6170.66,6229.06,6165.99,6215.46,86467878
2017-07-31,6214.66,6299.8,6208.46,6298.0,113331067
2017-08-01,6293.06,6299.16,6261.28,6286.54,101081556
2017-08-02,6289.25,6313.51,6248.36,6251.86,114012012
2017-08-03,6240.15,6288.44,6236.66,6261.97,100159939
2017-08-04,6258.85,6297.12,6224.2,6225.12,125888387
2017-08-07,6227.52,6304.27,6217.29,6303.42,108572316
2017-08-08,6302.03,6322.47,6281.62,6303.72,120380436
2017-08-09,6296.12,6340.38,6285.02,6340.02,115347648
2017-08-10,6322.83,6341.48,6246.66,6289.22,112699471
2017-08-11,6242.49,6275.89,6153.6,6161.19,117860616
2017-08-14,6165.13,6293.35,6165.13,6292.64,89845023
2017-08-15,6291.18,6316.2,6283.54,6314.76,82603663
2017-08-16,6307.17,6323.56,6268.19,6318.8,89617697
2017-08-17,6327.03,6366.25,6312.89,6366.03,98724887
2017-08-18,6324.9,6361.97,6313.15,6347.76,91174554
2017-08-21,6354.1,6404.05,6354.01,6403.78,86521795
2017-08-22,6396.93,6398.56,6362.41,6375.98,89100165
2017-08-23,6359.78,6371.3,6310.01,6322.78,75609851
2017-08-24,6322.63,6329.03,6267.23,6278.59,67567585
2017-08-25,6274.35,6358.89,6274.35,6346.53,75549727
2017-08-28,6348.87,6442.4,6348.87,6424.58,94893402
2017-08-29,6420.57,6439.08,6393.48,6408.16,87704097
2017-08-30,6405.9,6462.76,6405.9,6453.46,95559662
2017-08-31,6451.52,6470.94,6429.74,6470.43,91029169
2017-09-01,6472.95,6530.9,6466.13,6526.5,121117192
2017-09-04,6530.51,6566.1,6519.79,6564.68,119984026
2017-09-05,6561.67,6576.56,6528.11,6571.86,95232077
2017-09-06,6550.06,6610.75,6540.83,6607.12,105478234
2017-09-07,6601.34,6614.1,6553.7,6558.6,107061806
2017-09-08,6554.6,6599.13,6537.04,6574.18,93851594
2017-09-11,6579.89,6650.12,6566.28,6649.63,102547400
2017-09-12,6659.8,6715.39,6628.88,6644.01,141880274
2017-09-13,6635.17,6684.86,6630.5,6684.38,104722437
2017-09-14,6683.47,6701.69,6643.59,6672.18,113966781
2017-09-15,6661.52,6663.51,6603.73,6622.04,109384233
2017-09-18,6616.13,6669.45,6616.13,6669.45,88850596
2017-09-19,6670.97,6681.25,6611.75,6636.02,93518720
2017-09-20,6627.69,6692.71,6613.66,6692.47,101972485
2017-09-21,6684.65,6687.12,6612.05,6612.05,98937492
2017-09-22,6591.15,6592.88,6547.28,6572.01,85236470
2017-09-25,6560.14,6568.0,6484.21,6489.84,77829251
2017-09-26,6484.34,6520.72,6482.29,6520.72,67765944
2017-09-27,6523.5,6589.74,6522.2,6583.14,75171272
2017-09-28,6577.43,6599.13,6565.88,6567.79,74625892
2017-09-29,6572.45,6611.65,6572.45,6603.26,70936294
2017-10-09,6682.58,6696.67,6657.53,6678.37,86419668
2017-10-10,6677.37,6705.72,6658.86,6705.48,87005187
2017-10-11,6702.69,6703.58,6661.09,6666.47,90746053
2017-10-12,6658.13,6674.38,6611.97,6659.1,77960963
2017-10-13,6660.03,6711.93,6659.88,6709.82,72925622
2017-10-16,6709.87,6709.87,6609.62,6619.21,85871048
2017-10-17,6604.33,6644.75,6589.54,6612.94,59419246
2017-10-18,6612.49,6630.67,6557.66,6563.44,73370967
2017-10-19,6553.87,6562.35,6494.73,6501.4,72615790
2017-10-20,6489.79,6571.44,6485.81,6571.42,60479316
2017-10-23,6569.79,6613.03,6562.91,6612.76,60481953
2017-10-24,6605.52,6605.9,6556.34,6603.0,59171315
2017-10-25,6596.79,6648.39,6593.07,6647.89,58646902
2017-10-26,6639.89,6686.12,6630.97,6671.93,74905894
2017-10-27,6664.43,6673.47,6622.12,6630.81,67921142
2017-10-30,6621.78,6629.3,6460.05,6511.76,83764175
2017-10-31,6496.69,6560.25,6496.69,6560.21,62261435
2017-11-01,6559.52,6586.13,6547.85,6552.95,64632776
2017-11-02,6541.61,6541.61,6476.37,6484.93,67552348
2017-11-03,6477.82,6491.05,6395.46,6426.98,68257103
2017-11-06,6432.07,6512.13,6408.36,6511.1,66717601
2017-11-07,6508.21,6552.26,6498.39,6551.94,72377674
2017-11-08,6544.59,6601.47,6534.16,6561.69,73806799
2017-11-09,6562.36,6611.39,6558.49,6611.35,68818465
2017-11-10,6599.65,6647.23,6593.03,6641.22,80012498
2017-11-13,6644.69,6671.26,6624.67,6671.21,84596713
2017-11-14,6664.61,6673.75,6588.25,6614.51,84749061
2017-11-15,6592.76,6603.51,6505.99,6537.66,73949181
2017-11-16,6529.31,6570.28,6511.9,6558.31,67940160
2017-11-17,6549.22,6555.75,6359.52,6361.94,89018972
2017-11-20,6330.9,6433.78,6239.32,6433.17,70066706
2017-11-21,6420.39,6473.7,6397.36,6456.35,67754580
2017-11-22,6456.32,6483.63,6391.46,6439.44,70895923
2017-11-23,6427.58,6427.58,6274.51,6274.51,75009733
2017-11-24,6250.06,6307.89,6243.96,6278.03,59049057
2017-11-27,6269.23,6279.59,6186.03,6194.55,59407491
2017-11-28,6188.09,6299.31,6188.09,6299.31,56478234
2017-11-29,6293.25,6329.18,6245.06,6318.37,76563914
2017-11-30,6303.92,6322.04,6248.18,6263.42,60883356
2017-12-01,6259.96,6323.84,6256.23,6316.41,54746281
2017-12-04,6311.22,6334.87,6272.67,6279.62,60188170
2017-12-05,6265.79,6279.39,6099.41,6132.91,69690232
2017-12-06,6116.16,6173.35,6053.24,6172.8,60267213
2017-12-07,6156.35,6182.75,6130.83,6135.47,53097971
2017-12-08,6128.12,6217.57,6126.38,6203.14,55579244
2017-12-11,6214.64,6286.5,6214.64,6286.17,61112906
2017-12-12,6281.14,6290.85,6233.21,6233.21,56614397
2017-12-13,6224.78,6277.73,6217.79,6277.44,50352000
2017-12-14,6273.61,6288.5,6247.68,6284.08,55759240
2017-12-15,6274.1,6278.93,6214.65,6235.76,61938112
2017-12-18,6229.74,6247.59,6179.03,6199.99,53772191
2017-12-19,6200.93,6251.49,6200.71,6251.24,52639309
2017-12-20,6244.06,6246.91,6188.32,6199.36,57814533
2017-12-21,6191.78,6255.84,6148.82,6238.5,59245860
2017-12-22,6236.23,6269.31,6235.23,6242.88,55010644
2017-12-25,6244.86,6257.02,6170.68,6185.59,61264712
2017-12-26,6179.56,6220.5,6148.1,6220.15,57671657
2017-12-27,6213.24,6228.88,6168.13,6173.15,64197530
2017-12-28,6163.96,6219.54,6157.11,6204.27,65877542
2017-12-29,6201.46,6250.82,6201.46,6250.82,57165632
2018-01-02,6263.15,6332.61,6258.16,6332.23,73032236
2018-01-03,6331.72,6391.98,6324.26,6388.25,83936745
2018-01-04,6380.27,6418.26,6375.51,6417.54,80543690
2018-01-05,6414.77,6435.85,6397.29,6417.25,81581018
2018-01-08,6413.87,6446.79,6393.88,6446.18,89476928
2018-01-09,6441.68,6449.03,6425.03,6445.75,75573217
2018-01-10,6443.46,6444.31,6361.09,6405.94,80966973
2018-01-11,6391.9,6432.44,6371.54,6425.94,78770071
2018-01-12,6418.83,6435.19,6387.78,6399.37,77834557
2018-01-15,6391.37,6392.52,6236.56,6253.38,91474033
2018-01-16,6245.15,6301.4,6245.11,6301.13,79169733
2018-01-17,6288.02,6288.14,6202.32,6267.46,84195502
2018-01-18,6253.06,6295.78,6253.06,6286.8,65015293
2018-01-19,6284.6,6317.0,6261.24,6272.38,71806743
2018-01-22,6264.76,6347.81,6248.31,6347.64,72761170
2018-01-23,6342.69,6362.58,6330.46,6355.0,66753887
2018-01-24,6353.3,6395.57,6322.92,6394.3,77347727
2018-01-25,6386.8,6424.35,6380.84,6382.72,81082936
2018-01-26,6374.1,6401.48,6368.9,6383.63,69004549
2018-01-29,6385.04,6398.97,6295.9,6309.88,84031160
2018-01-30,6301.35,6330.54,6300.46,6313.44,70699689
2018-01-31,6277.74,6277.74,6170.16,6189.34,80733496
2018-02-01,6181.0,6196.71,5984.28,5984.74,94968525
2018-02-02,5937.62,6006.47,5844.46,6004.85,83747561
2018-02-05,5927.74,6016.16,5907.47,5998.22,74046520
2018-02-06,5886.35,5920.74,5702.85,5704.26,92340708
2018-02-07,5805.97,5831.81,5630.09,5711.33,85235996
2018-02-08,5695.67,5786.79,5691.29,5766.48,62444797
2018-02-09,5631.96,5663.1,5490.62,5554.9,84318843
2018-02-12,5581.71,5714.82,5581.71,5699.1,57246495
2018-02-13,5731.15,5789.7,5727.75,5736.95,57208635
2018-02-14,5741.88,5761.77,5712.88,5754.83,41398222
2018-02-22,5800.95,5875.76,5797.91,5875.73,59636106
2018-02-23,5877.72,5902.94,5848.52,5897.68,62147850
2018-02-26,5926.42,6032.14,5917.62,6029.68,83073987
2018-02-27,6025.88,6042.39,6000.88,6010.56,77022159
2018-02-28,5967.9,6044.07,5939.64,6023.68,70986916
2018-03-01,5987.36,6091.0,5974.12,6090.22,73101773
2018-03-02,6053.48,6094.8,6044.26,6056.34,73434829
2018-03-05,6066.68,6080.97,6031.98,6064.1,67324692
2018-03-06,6077.37,6145.85,6070.72,6145.58,83495767
2018-03-07,6133.95,6149.1,6082.58,6086.49,74594130
2018-03-08,6073.67,6131.7,6073.67,6131.51,67889912
2018-03-09,6131.12,6211.28,6131.01,6206.98,85928340
2018-03-12,6230.81,6295.78,6230.39,6295.78,97662277
2018-03-13,6285.8,6297.43,6251.4,6254.15,84804759
2018-03-14,6234.24,6253.17,6185.18,6189.32,75466634
2018-03-15,6172.85,6203.24,6117.6,6180.11,72173921
2018-03-16,6181.38,6205.87,6146.31,6146.31,65073533
2018-03-19,6142.52,6186.61,6118.3,6153.83,67233213
2018-03-20,6109.61,6176.5,6091.5,6173.7,67475663
2018-03-21,6182.11,6224.56,6125.14,6129.2,79487160
2018-03-22,6130.05,6161.37,6074.66,6101.23,67407442
2018-03-23,5913.37,5978.42,5722.77,5787.15,121367060
2018-03-26,5715.35,5902.96,5675.37,5902.96,84772913
2018-03-27,5956.24,6043.05,5956.24,6034.78,89199270
2018-03-28,5962.56,6036.16,5949.1,5973.34,75299095
2018-03-29,5993.97,6040.86,5967.63,6034.86,68813734
2018-03-30,6052.18,6115.27,6051.02,6114.74,73046490
2018-04-02,6127.23,6169.3,6113.34,6121.96,85433833
2018-04-03,6039.07,6066.44,6008.51,6059.71,71749883
2018-04-04,6077.65,6098.84,6011.15,6017.69,67260198
2018-04-09,5994.35,6053.97,5954.54,6025.65,64851820
2018-04-10,6032.49,6064.39,5993.0,6063.74,69420989
2018-04-11,6082.03,6110.18,6073.22,6086.61,66248860
2018-04-12,6073.77,6091.98,6039.56,6051.33,60524239
2018-04-13,6073.84,6093.35,6018.01,6027.19,54157637
2018-04-16,6018.17,6053.99,5966.2,6012.41,70985861
2018-04-17,6024.55,6038.25,5886.02,5890.86,71920259
2018-04-18,5925.84,5981.34,5826.65,5970.66,76201713
2018-04-19,5965.24,6041.99,5962.71,6004.73,75998556
2018-04-20,5984.06,5999.01,5872.5,5880.84,72391388
2018-04-23,5885.61,5913.57,5761.97,5823.92,63952399
2018-04-24,5825.45,5957.83,5825.45,5957.19,67954117
2018-04-25,5929.41,5968.88,5919.52,5959.42,60382789
2018-04-26,5951.19,5955.26,5846.08,5847.98,62638395
2018-04-27,5865.44,5886.0,5808.78,5860.98,55997821
2018-05-02,5861.84,5894.46,5817.39,5855.32,63147026
2018-05-03,5843.09,5911.09,5779.73,5910.61,67604490
2018-05-04,5891.12,5939.95,5883.7,5909.29,55464046
2018-05-07,5921.31,6023.19,5918.38,6019.14,64033359
2018-05-08,6023.58,6042.07,6012.13,6041.81,62194665
2018-05-09,6034.46,6042.91,6002.39,6029.23,54124152
2018-05-10,6036.01,6052.71,5999.95,6040.57,58310666
2018-05-11,6044.98,6052.54,5989.43,5991.34,63847252
2018-05-14,5982.47,6008.89,5951.67,5967.55,59798193
2018-05-15,5972.16,6021.02,5947.46,6020.57,54721546
2018-05-16,6002.75,6045.03,5991.38,6004.07,58338639
2018-05-17,6000.74,6010.3,5959.73,5973.78,52997274
2018-05-18,5968.56,6000.95,5932.13,5995.15,57868275
2018-05-21,6034.43,6080.82,6034.06,6072.2,70722450
2018-05-22,6066.25,6092.91,6052.09,6092.91,62266852
2018-05-23,6080.73,6081.53,6012.42,6013.85,67845868
2018-05-24,6014.02,6028.5,5986.72,5992.62,53711808
2018-05-25,5983.94,5992.48,5909.04,5917.8,57793810
2018-05-28,5910.48,5938.07,5858.27,5891.26,57810122
2018-05-29,5884.59,5921.72,5832.55,5835.45,56179930
2018-05-30,5759.45,5778.04,5675.91,5682.59,68527885
2018-05-31,5722.95,5760.2,5672.18,5754.47,56008855
2018-06-01,5729.92,5759.5,5654.84,5685.12,53833572
2018-06-04,5692.97,5707.49,5652.14,5683.15,46750282
2018-06-05,5681.22,5779.86,5680.49,5779.08,47410470
2018-06-06,5770.71,5784.61,5748.7,5774.26,48182508
2018-06-07,5786.46,5798.33,5734.63,5738.02,47376192
2018-06-08,5731.84,5731.84,5630.66,5669.3,52925555
2018-06-11,5657.65,5672.63,5612.87,5632.36,43109691
2018-06-12,5638.35,5693.61,5594.92,5693.35,46645358
2018-06-13,5678.81,5679.67,5605.55,5607.02,49234214
2018-06-14,5590.57,5645.19,5570.83,5586.93,44419709
2018-06-15,5582.84,5593.69,5448.07,5483.94,56448573
2018-06-19,5396.68,5409.41,5070.22,5141.71,82986353
2018-06-20,5114.06,5222.88,5090.22,5198.39,60329418
2018-06-21,5196.13,5244.65,5086.93,5089.25,63240479
2018-06-22,5052.44,5165.04,5017.51,5160.12,51689206
2018-06-25,5196.65,5211.76,5121.21,5125.03,47860810
2018-06-26,5059.38,5170.17,5044.24,5160.28,51066588
2018-06-27,5159.62,5188.2,5089.71,5109.5,49857841
2018-06-28,5097.51,5150.66,5050.32,5055.11,47767519
2018-06-29,5061.09,5218.91,5054.05,5217.76,57234936
2018-07-02,5216.85,5238.64,5100.87,5138.78,55248929
2018-07-03,5138.55,5203.36,5054.66,5197.13,61424233
2018-07-04,5171.19,5180.27,5102.78,5121.34,53859950
2018-07-05,5109.14,5126.47,4981.78,4982.76,52927414
2018-07-06,4981.98,5061.04,4897.26,4996.63,61340255
2018-07-09,5007.21,5107.87,5007.21,5107.55,52937160
2018-07-10,5114.12,5141.71,5094.29,5136.53,52227668
2018-07-11,5060.07,5070.49,4973.99,5036.16,58915261
2018-07-12,5029.29,5184.02,5029.29,5172.5,68089567
2018-07-13,5174.51,5207.36,5167.16,5204.19,56354209
2018-07-16,5201.53,5216.56,5170.22,5195.2,51667372
2018-07-17,5189.15,5196.2,5132.21,5196.2,48243323
2018-07-18,5198.89,5220.18,5156.64,5156.64,55257134
2018-07-19,5153.38,5179.73,5088.12,5111.33,50483935
2018-07-20,5105.65,5184.87,5072.16,5175.25,57868513
2018-07-23,5146.62,5214.38,5132.38,5214.0,68484316
2018-07-24,5213.39,5315.67,5211.94,5304.64,88201815
2018-07-25,5308.02,5332.62,5294.42,5308.66,74850860
2018-07-26,5307.3,5318.88,5262.31,5273.48,75120241
2018-07-27,5270.23,5281.35,5230.1,5249.29,61715886
2018-07-30,5244.77,5255.19,5167.4,5185.15,60836024
2018-07-31,5182.83,5208.38,5163.66,5188.72,49496356
2018-08-01,5198.46,5233.5,5105.37,5105.37,60369485
2018-08-02,5094.34,5094.34,4887.5,4996.01,74390326
2018-08-03,4982.89,5008.24,4929.75,4929.75,50735798
2018-08-06,4919.5,4941.18,4798.85,4825.25,52455219
2018-08-07,4836.31,4956.87,4797.45,4956.87,59145779
2018-08-08,4940.78,4952.42,4877.66,4880.57,58083052
2018-08-09,4862.15,5030.16,4856.48,5004.77,68264832
2018-08-10,5000.05,5037.49,4990.83,5030.51,53185011
2018-08-13,4981.34,5064.02,4958.89,5055.28,55722652
2018-08-14,5043.89,5061.41,5016.32,5037.88,46375913
2018-08-15,5035.57,5038.77,4929.2,4932.81,53349985
2018-08-16,4876.69,4943.2,4836.05,4888.37,52393843
2018-08-17,4923.44,4941.1,4793.77,4803.03,51707973
2018-08-20,4794.24,4832.91,4736.56,4832.65,51631112
2018-08-21,4831.21,4901.12,4816.85,4891.98,49737905
2018-08-22,4877.01,4878.82,4829.61,4837.02,43922268
2018-08-23,4832.01,4885.81,4821.11,4863.67,47263811
2018-08-24,4853.86,4880.89,4831.89,4852.29,43898099
2018-08-27,4859.12,4964.45,4859.12,4960.07,58545800
2018-08-28,4964.73,4983.94,4954.17,4974.21,53465441
2018-08-29,4972.08,4974.16,4929.46,4941.96,53272212
2018-08-30,4937.65,4952.61,4861.06,4867.12,54158461
2018-08-31,4854.96,4862.44,4805.21,4814.82,48012055
2018-09-03,4808.38,4840.15,4754.81,4838.87,52902602
2018-09-04,4833.88,4905.02,4828.52,4890.28,61024914
2018-09-05,4877.11,4886.27,4814.96,4815.03,58403543
2018-09-06,4800.94,4849.18,4773.88,4793.35,45868495
2018-09-07,4796.84,4867.53,4759.49,4791.78,53600072
2018-09-10,4792.6,4794.01,4701.29,4704.88,51326474
2018-09-11,4702.83,4738.26,4669.42,4702.9,49968008
2018-09-12,4700.9,4733.58,4681.13,4693.97,42540882
2018-09-13,4727.43,4752.9,4655.21,4721.21,55692101
2018-09-14,4720.78,4724.0,4669.94,4670.08,56447931
2018-09-17,4649.95,4649.95,4586.32,4602.39,49338947
2018-09-18,4588.23,4684.29,4584.43,4683.51,54432325
2018-09-19,4673.95,4772.95,4664.13,4736.89,67055857
2018-09-20,4734.48,4761.41,4723.3,4733.48,56398973
2018-09-21,4743.81,4813.29,4721.69,4805.22,65895196
2018-09-25,4774.79,4810.34,4763.21,4792.55,52654241
2018-09-26,4794.07,4841.7,4782.39,4815.63,64719557
2018-09-27,4812.64,4817.62,4754.28,4755.38,61437673
2018-09-28,4762.33,4802.16,4746.18,4800.73,57268641
2018-10-08,4722.42,4737.29,4639.4,4646.49,63275663
2018-10-09,4652.49,4685.22,4612.64,4634.89,50437455
2018-10-10,4634.64,4655.55,4586.89,4629.89,51339638
2018-10-11,4483.27,4503.2,4274.7,4307.42,90563602
2018-10-12,4267.36,4300.01,4136.63,4278.04,81525148
2018-10-15,4283.36,4317.71,4195.83,4199.15,62291848
2018-10-16,4193.38,4221.34,4076.87,4099.68,61076659
2018-10-17,4147.35,4167.76,4038.42,4133.38,69523881
2018-10-18,4104.33,4104.33,4013.65,4018.46,59783910
2018-10-19,3958.45,4130.93,3948.56,4127.99,69561577
2018-10-22,4165.76,4375.6,4165.76,4333.14,92958318
2018-10-23,4336.45,4350.73,4228.33,4253.56,74668065
2018-10-24,4233.84,4297.37,4207.16,4245.49,62823483
2018-10-25,4124.19,4240.58,4103.56,4234.42,69687206
2018-10-26,4260.91,4294.56,4217.79,4233.96,67983621
2018-10-29,4220.64,4227.64,4144.81,4162.53,57451571
2018-10-30,4145.4,4233.79,4096.14,4204.54,72834650
2018-10-31,4207.76,4298.24,4204.36,4272.55,74687764
2018-11-01,4299.46,4367.73,4294.87,4298.98,86059141
2018-11-02,4366.73,4437.98,4360.87,4437.95,96892168
2018-11-05,4427.63,4466.14,4375.04,4440.83,87777277
2018-11-06,4427.36,4440.11,4385.33,4438.1,69803049
2018-11-07,4437.72,4479.69,4414.07,4415.14,78086369
2018-11-08,4442.66,4450.98,4379.88,4382.33,72145354
2018-11-09,4363.21,4396.39,4348.81,4368.61,67424960
2018-11-12,4360.63,4481.77,4354.47,4481.69,86990536
2018-11-13,4430.95,4588.5,4422.95,4563.54,128710364
2018-11-14,4551.8,4600.13,4534.52,4545.51,112598830
2018-11-15,4540.88,4619.81,4539.96,4619.81,98305201
2018-11-16,4625.0,4691.56,4609.83,4659.1,110671823
2018-11-19,4660.48,4677.97,4612.48,4670.74,111015107
2018-11-20,4629.13,4645.9,4535.87,4537.45,103124224
2018-11-21,4483.38,4564.53,4476.42,4554.67,90156626
2018-11-22,4562.64,4583.37,4528.24,4551.33,75274993
2018-11-23,4542.11,4547.51,4365.35,4374.76,92074829
2018-11-26,4371.42,4408.11,4347.75,4367.46,68584699
2018-11-27,4393.29,4416.36,4361.02,4387.65,62352709
2018-11-28,4389.83,4441.86,4333.06,4441.86,72507932
2018-11-29,4462.79,4473.31,4344.9,4345.7,77102482
2018-11-30,4334.04,4385.0,4291.81,4376.65,63848788
2018-12-03,4483.66,4536.83,4460.39,4515.17,96265751
2018-12-04,4506.25,4538.42,4492.06,4536.21,76280212
2018-12-05,4456.2,4532.28,4445.97,4502.7,74275973
2018-12-06,4476.81,4483.32,4405.84,4411.09,66047596
2018-12-07,4419.61,4432.33,4397.42,4410.96,51755054
2018-12-10,4381.38,4396.4,4350.23,4359.31,53940347
2018-12-11,4373.03,4398.06,4365.12,4395.57,50430781
2018-12-12,4408.91,4417.6,4381.32,4393.32,48093612
2018-12-13,4405.09,4471.26,4378.46,4443.16,63613911
2018-12-14,4436.0,4439.05,4331.38,4337.1,65786547
2018-12-17,4322.59,4341.2,4285.21,4330.65,51502815
2018-12-18,4308.05,4339.4,4266.45,4307.27,51303478
2018-12-19,4311.28,4315.11,4245.15,4247.9,46260175
2018-12-20,4240.37,4274.01,4225.13,4259.76,46967852
2018-12-21,4246.43,4260.29,4204.49,4231.14,47110426
2018-12-24,4227.35,4276.97,4215.02,4274.72,41841941
2018-12-25,4233.54,4244.95,4132.76,4225.51,60383672
2018-12-26,4218.66,4241.35,4194.31,4208.41,45032932
2018-12-27,4263.33,4272.81,4159.77,4161.27,54219392
2018-12-28,4168.94,4192.7,4138.93,4168.04,49964186
2019-01-02,4176.11,4179.72,4125.94,4131.96,47494449
2019-01-03,4131.69,4182.2,4110.53,4112.81,55491244
2019-01-04,4075.62,4210.88,4071.69,4210.88,73448737
2019-01-07,4235.03,4297.02,4223.46,4288.32,81153449
2019-01-08,4278.28,4289.63,4264.6,4277.3,69556938
2019-01-09,4286.23,4354.2,4280.66,4288.77,85153595
2019-01-10,4289.56,4319.49,4274.2,4281.86,68910889
2019-01-11,4282.39,4316.54,4267.29,4314.88,68355085
2019-01-14,4317.52,4325.95,4278.76,4286.55,67679613
2019-01-15,4282.99,4350.93,4271.64,4347.36,72005181
2019-01-16,4347.08,4364.1,4330.74,4336.88,69274744
2019-01-17,4334.63,4347.18,4297.67,4303.73,74562112
2019-01-18,4307.14,4351.44,4297.48,4347.81,83371612
2019-01-21,4354.7,4395.06,4352.81,4373.63,72781532
2019-01-22,4370.86,4370.86,4291.96,4308.25,69496673
2019-01-23,4298.94,4322.89,4292.09,4315.68,58485734
2019-01-24,4318.71,4363.22,4292.83,4338.17,70630305
2019-01-25,4341.41,4359.46,4315.95,4318.44,71657477
2019-01-28,4341.49,4370.9,4297.96,4307.22,67279936
2019-01-29,4301.47,4301.47,4188.59,4254.29,77753728
2019-01-30,4235.27,4266.88,4211.19,4211.62,58513769
2019-01-31,4203.98,4240.72,4151.41,4176.47,71511204
2019-02-01,4189.11,4295.04,4189.11,4294.27,66099676
2019-02-11,4306.2,4403.73,4306.2,4402.87,75297357
2019-02-12,4398.44,4452.5,4394.83,4439.49,85271155
2019-02-13,4442.73,4526.27,4433.03,4512.41,113218903
2019-02-14,4507.84,4555.23,4494.55,4532.17,94828534
2019-02-15,4523.94,4544.39,4497.39,4502.73,93511608
2019-02-18,4527.97,4661.0,4527.97,4661.0,124124004
2019-02-19,4683.33,4706.53,4614.28,4667.28,143874767
2019-02-20,4667.35,4677.98,4619.46,4667.62,120213130
2019-02-21,4666.28,4750.42,4643.11,4659.14,145951114
2019-02-22,4651.54,4777.3,4649.22,4777.3,146166141
2019-02-25,4840.54,5045.08,4835.48,5044.35,241783580
2019-02-26,5059.28,5149.62,5004.55,5038.54,262833265
2019-02-27,5027.39,5093.8,4964.62,5017.88,208854088
2019-02-28,5017.44,5072.67,4994.05,5025.29,156042877
2019-03-01,5047.23,5067.31,4984.99,5067.23,149828329
2019-03-04,5112.95,5253.39,5108.28,5158.25,232446863
2019-03-05,5146.62,5295.29,5125.15,5295.29,206891261
2019-03-06,5328.13,5395.55,5256.79,5390.03,264964319
2019-03-07,5381.23,5512.64,5353.57,5458.62,266967219
2019-03-08,5340.11,5480.17,5245.53,5245.7,285680248
2019-03-11,5279.75,5456.42,5272.19,5456.38,214252214
2019-03-12,5500.94,5591.69,5458.76,5551.0,249333993
2019-03-13,5557.16,5557.16,5388.25,5424.86,224349235
2019-03-14,5381.11,5432.52,5236.75,5298.5,178608678
2019-03-15,5328.81,5418.33,5308.06,5359.01,152846464
2019-03-18,5387.38,5501.18,5333.26,5501.18,172655255
2019-03-19,5505.7,5555.12,5486.8,5522.18,166713930
2019-03-20,5518.31,5533.05,5415.75,5515.79,176820736
2019-03-21,5525.99,5634.66,5513.39,5589.48,207150044
2019-03-22,5591.04,5625.1,5505.81,5622.14,181954824
2019-03-25,5521.25,5629.23,5507.36,5549.67,178432937
2019-03-26,5571.53,5589.41,5380.85,5394.88,176164731
2019-03-27,5431.98,5447.88,5333.78,5447.88,144956608
2019-03-28,5432.94,5487.77,5370.12,5370.12,149261082
2019-03-29,5370.42,5550.76,5346.21,5547.66,178333018
2019-04-01,5591.67,5763.58,5591.67,5757.84,221181632
2019-04-02,5794.79,5833.02,5750.33,5775.55,228750285
2019-04-03,5744.22,5843.47,5724.13,5836.04,199104763
2019-04-04,5868.39,5894.99,5813.46,5871.56,208834860
2019-04-08,5921.21,5939.5,5765.91,5847.63,238317466
2019-04-09,5834.29,5877.84,5798.37,5858.05,179363502
2019-04-10,5826.03,5906.43,5782.37,5850.76,178753608
2019-04-11,5852.64,5866.92,5720.55,5727.17,165876073
2019-04-12,5720.05,5749.34,5673.74,5714.37,140078341
2019-04-15,5795.5,5815.39,5654.34,5655.98,157754135
2019-04-16,5625.12,5777.01,5583.61,5777.01,156029632
2019-04-17,5776.64,5840.62,5758.0,5807.73,169800156
2019-04-18,5804.3,5826.67,5762.57,5775.17,151322506
2019-04-19,5762.5,5810.18,5710.8,5810.18,148724288
2019-04-22,5821.02,5824.52,5704.98,5723.04,158161027
2019-04-23,5710.73,5710.73,5610.74,5628.06,149871460
2019-04-24,5636.4,5682.48,5568.41,5679.73,134784412
2019-04-25,5652.01,5662.79,5457.83,5458.42,151401718
2019-04-26,5427.62,5496.04,5407.19,5408.03,124279880
2019-04-29,5405.16,5421.66,5252.05,5265.6,138672387
2019-04-30,5244.04,5349.94,5244.04,5307.56,102190341
2019-05-06,5122.47,5125.16,4874.64,4908.8,143386232
2019-05-07,4933.04,4990.19,4886.06,4973.4,116573688
2019-05-08,4865.79,5028.53,4842.56,4947.74,107738122
2019-05-09,4897.98,4955.78,4879.69,4888.41,90934656
2019-05-10,4940.48,5064.32,4842.61,5064.32,122177482
2019-05-13,5009.47,5040.5,4985.19,5005.9,91736394
2019-05-14,4942.39,5018.41,4941.93,4965.61,87540969
2019-05-15,5002.61,5086.73,4999.34,5076.56,97463859
2019-05-16,5071.11,5118.44,5059.21,5108.36,104422167
2019-05-17,5112.24,5116.99,4923.67,4942.58,119071214
2019-05-20,4937.18,4947.75,4835.81,4923.56,95686497
2019-05-21,4917.34,5026.28,4904.82,5009.87,100837074
2019-05-22,5002.16,5018.11,4941.01,4976.39,94092708
2019-05-23,4955.25,4957.99,4860.19,4872.92,90563681
2019-05-24,4848.58,4892.46,4831.34,4841.76,77933435
2019-05-27,4848.64,4974.27,4824.14,4962.95,93076413
2019-05-28,4965.59,5002.25,4933.9,4955.49,90263990
2019-05-29,4943.57,4992.99,4930.43,4956.86,85876851
2019-05-30,4933.5,4933.85,4865.78,4926.4,94779602
2019-05-31,4923.92,4969.05,4902.74,4912.0,86716728
2019-06-03,4921.71,4942.07,4838.35,4853.82,98540831
2019-06-04,4847.66,4853.81,4768.04,4795.41,86751652
2019-06-05,4837.9,4850.8,4777.98,4783.82,81300165
2019-06-06,4776.49,4776.69,4668.54,4678.78,83416932
2019-06-10,4693.76,4750.54,4662.78,4725.26,73361380
2019-06-11,4730.81,4903.87,4728.48,4901.47,116811446
2019-06-12,4889.36,4917.09,4852.98,4863.49,107847562
2019-06-13,4855.54,4892.58,4831.52,4877.65,96172539
2019-06-14,4880.23,4893.93,4786.2,4795.53,102803894
2019-06-17,4796.12,4826.6,4779.64,4802.82,73361139
2019-06-18,4804.3,4825.63,4773.55,4797.15,66523896
2019-06-19,4902.96,4931.11,4856.9,4858.92,98274376
2019-06-20,4853.21,4987.6,4837.18,4954.73,119695962
2019-06-21,4973.59,5045.71,4973.59,5021.31,122814213
2019-06-24,5032.37,5038.48,4996.17,5024.2,99620157
2019-06-25,5020.2,5020.2,4910.2,4974.99,99202181
2019-06-26,4943.78,4991.13,4928.73,4962.59,70035686
2019-06-27,4974.99,5030.37,4972.67,5007.48,81631265
2019-06-28,5005.19,5005.19,4920.43,4950.48,77164628
2019-07-01,5044.66,5100.26,5016.24,5100.26,111630213
2019-07-02,5092.84,5102.41,5066.25,5084.41,97080637
2019-07-03,5074.71,5074.71,5021.9,5040.72,85358589
2019-07-04,5046.88,5068.0,5002.33,5025.02,80147190
2019-07-05,5026.33,5055.01,5001.52,5042.66,64904141
2019-07-08,5028.63,5028.63,4855.21,4870.78,91766077
2019-07-09,4868.48,4892.56,4838.94,4881.62,61012513
2019-07-10,4891.91,4896.04,4829.28,4843.86,60795192
2019-07-11,4867.68,4905.16,4821.55,4844.55,62628485
2019-07-12,4848.22,4874.32,4820.66,4861.57,61479398
2019-07-15,4850.89,4951.62,4787.91,4925.32,84594481
2019-07-16,4917.79,4940.23,4909.66,4932.05,68924961
2019-07-17,4930.65,4953.41,4914.49,4929.09,75361088
2019-07-18,4909.72,4909.72,4843.51,4844.11,72636157
2019-07-19,4861.21,4920.41,4861.2,4878.69,68597299
2019-07-22,4885.43,4886.4,4766.07,4776.57,72191578
2019-07-23,4778.05,4823.92,4778.05,4823.92,54729262
2019-07-24,4837.77,4898.81,4837.77,4873.03,69451384
2019-07-25,4873.17,4899.72,4861.77,4891.64,67384417
2019-07-26,4880.72,4902.09,4868.2,4898.11,59252777
2019-07-29,4897.65,4914.48,4872.55,4897.02,56581522
2019-07-30,4902.84,4961.02,4902.78,4922.92,71194127
2019-07-31,4914.04,4921.72,4892.56,4903.2,62754547
2019-08-01,4877.56,4900.09,4850.53,4870.47,64332503
2019-08-02,4773.43,4816.81,4756.4,4809.92,79002360
2019-08-05,4795.91,4838.76,4749.94,4751.98,71612541
2019-08-06,4665.84,4684.52,4558.06,4650.56,98667866
2019-08-07,4678.43,4686.73,4624.74,4626.36,67417405
2019-08-08,4641.87,4663.03,4636.24,4656.1,60077796
2019-08-09,4677.25,4690.65,4593.22,4600.35,64443338
2019-08-12,4608.12,4685.05,4591.66,4685.05,61946506
2019-08-13,4649.35,4667.72,4638.03,4658.39,58691318
2019-08-14,4713.5,4731.86,4677.13,4683.84,71148787
2019-08-15,4585.09,4709.36,4576.46,4706.55,78261612
2019-08-16,4702.14,4755.95,4696.92,4722.66,77542459
2019-08-19,4765.06,4875.04,4765.06,4875.04,106580925
2019-08-20,4878.67,4912.99,4864.82,4872.61,100202294
2019-08-21,4865.72,4896.29,4859.33,4882.72,84940790
2019-08-22,4894.36,4896.58,4851.97,4887.91,82238111
2019-08-23,4888.53,4902.78,4861.2,4887.9,82502528
2019-08-26,4799.48,4867.3,4793.84,4855.46,88453143
2019-08-27,4878.29,4976.58,4878.29,4936.12,108192637
2019-08-28,4929.89,4948.02,4910.6,4928.19,98994294
2019-08-29,4937.59,4954.96,4912.22,4934.18,96817997
2019-08-30,4963.28,4975.97,4862.58,4886.49,102451635
2019-09-02,4894.05,5020.26,4890.23,5008.3,108292931
2019-09-03,5019.4,5044.18,4999.89,5044.18,109090450
2019-09-04,5036.52,5093.27,5027.67,5093.27,122499223
2019-09-05,5119.57,5209.0,5119.43,5138.41,158947369
2019-09-06,5152.19,5167.48,5111.73,5154.64,112798577
2019-09-09,5202.71,5263.46,5171.85,5263.46,132941926
2019-09-10,5264.33,5264.33,5212.53,5245.31,131111547
2019-09-11,5262.49,5273.97,5206.97,5217.29,115603940
2019-09-12,5230.29,5255.79,5197.57,5242.61,96044227
2019-09-16,5263.3,5279.59,5228.29,5250.34,114136338
2019-09-17,5237.56,5237.56,5118.21,5140.45,114771436
2019-09-18,5148.06,5163.81,5119.61,5141.04,89555999
2019-09-19,5150.5,5191.67,5126.15,5191.67,88129311
2019-09-20,5198.73,5220.24,5180.08,5204.48,94186437
2019-09-23,5192.88,5192.88,5124.8,5171.48,94657679
2019-09-24,5168.12,5237.41,5159.33,5180.74,94527995
2019-09-25,5162.15,5162.15,5087.01,5087.01,92202921
2019-09-26,5099.52,5108.8,4970.24,4970.24,94670753
2019-09-27,4974.03,5033.19,4974.03,5005.63,74329833
2019-09-30,5009.14,5022.43,4940.9,4940.9,65785129
2019-10-08,4955.08,4994.44,4937.03,4941.76,66443425
2019-10-09,4926.21,4985.44,4904.32,4982.95,66505759
2019-10-10,4988.14,5049.22,4979.19,5046.36,73818153
2019-10-11,5057.81,5074.9,5012.38,5055.52,82786017
2019-10-14,5095.22,5151.69,5089.31,5131.13,103688878
2019-10-15,5115.25,5115.25,5057.28,5061.0,88321431
2019-10-16,5064.33,5086.97,5036.5,5038.36,78221409
2019-10-17,5039.27,5049.36,5017.47,5029.85,70514509
2019-10-18,5033.82,5056.56,4953.15,4961.81,82038851
2019-10-21,4956.79,4957.24,4906.36,4951.04,69899272
2019-10-22,4954.11,5011.01,4954.11,5005.55,65534981
2019-10-23,5009.36,5009.94,4955.06,4967.19,69036508
2019-10-24,4961.69,4972.76,4921.11,4958.25,64868444
2019-10-25,4953.33,5001.51,4922.08,4994.57,73158776
2019-10-28,5026.06,5084.69,5026.06,5084.47,102907395
2019-10-29,5080.93,5080.93,5007.71,5007.71,108706304
2019-10-30,4975.67,4984.4,4938.1,4947.9,85762156
2019-10-31,4950.03,4967.75,4911.38,4917.42,79582687
2019-11-01,4908.65,4967.05,4896.01,4962.35,74155656
2019-11-04,4974.36,5016.94,4974.36,4987.84,81278226
2019-11-05,4995.46,5041.24,4972.72,5025.3,85072952
2019-11-06,5022.1,5027.79,4955.83,4974.73,83216274
2019-11-07,4970.53,5020.22,4960.84,5007.07,72092198
2019-11-08,5036.66,5051.56,4985.95,4988.29,79096556
2019-11-11,4961.19,4961.19,4868.43,4876.16,77096402
2019-11-12,4878.97,4887.3,4823.43,4881.61,68785492
2019-11-13,4878.97,4888.19,4853.59,4875.54,60606408
2019-11-14,4875.25,4925.44,4871.56,4912.11,63910113
2019-11-15,4910.21,4936.98,4868.44,4868.44,70076403
2019-11-18,4862.28,4901.0,4851.39,4892.46,63965371
2019-11-19,4892.34,4975.11,4890.76,4975.11,72363369
2019-11-20,4975.76,4991.7,4941.91,4946.28,78998277
2019-11-21,4929.85,4963.09,4919.59,4945.72,66167514
2019-11-22,4954.31,5018.06,4876.81,4904.08,88027694
2019-11-25,4904.99,4915.35,4853.84,4901.5,86347264
2019-11-26,4906.43,4920.68,4882.16,4882.16,81259730
2019-11-27,4881.4,4935.63,4872.3,4904.26,72646940
2019-11-28,4897.65,4916.8,4878.01,4889.26,59672315
2019-11-29,4888.35,4909.41,4850.59,4894.94,61395620
2019-12-02,4897.63,4930.59,4889.32,4905.42,63150159
2019-12-03,4889.41,4926.45,4863.66,4926.45,60345526
2019-12-04,4902.49,4935.57,4901.04,4920.67,63496451
2019-12-05,4927.78,4978.99,4923.11,4967.6,74077105
2019-12-06,4968.04,5010.51,4954.79,5010.51,73705956
2019-12-09,5020.22,5040.24,5005.84,5024.6,88486415
2019-12-10,5012.47,5054.31,4998.15,5049.05,82936330
2019-12-11,5044.94,5052.35,5007.56,5027.28,86011039
2019-12-12,5025.49,5044.2,5008.37,5012.0,80055439
2019-12-13,5047.9,5082.76,5029.88,5073.69,99979185
2019-12-16,5095.35,5166.04,5081.91,5166.04,116522532
2019-12-17,5167.23,5257.83,5161.15,5236.06,150219141
2019-12-18,5235.48,5267.41,5221.7,5235.12,129264399
2019-12-19,5236.92,5255.17,5215.88,5241.74,113666294
2019-12-20,5244.21,5258.01,5182.06,5184.68,117998472
2019-12-23,5161.28,5188.85,5079.44,5084.35,105652531
2019-12-24,5098.81,5165.16,5092.91,5162.07,85451917
2019-12-25,5157.37,5195.87,5153.51,5183.1,95918676
2019-12-26,5181.38,5219.14,5171.44,5219.14,95625533
2019-12-27,5223.47,5252.79,5175.85,5179.19,126259628
2019-12-30,5160.31,5242.12,5119.86,5241.94,116869455
2019-12-31,5239.91,5269.87,5228.17,5267.66,103889659
2020-01-02,5306.67,5374.91,5288.17,5366.14,145894405
2020-01-03,5376.03,5395.26,5351.8,5380.64,128452022
2020-01-06,5365.22,5481.55,5355.02,5434.85,159587415
2020-01-07,5441.9,5499.84,5440.69,5499.84,144142723
2020-01-08,5481.98,5500.16,5409.57,5423.8,155406848
2020-01-09,5465.86,5497.54,5457.35,5497.54,132431667
2020-01-10,5511.67,5516.09,5455.25,5480.23,113819822
2020-01-13,5478.32,5559.63,5447.73,5559.63,118076180
2020-01-14,5576.63,5583.72,5539.9,5542.33,129811384
2020-01-15,5532.96,5545.1,5492.65,5530.03,112425019
2020-01-16,5539.42,5559.02,5514.69,5527.67,111897275
2020-01-17,5539.72,5555.41,5499.47,5510.05,104949330
2020-01-20,5523.01,5587.54,5500.59,5587.54,115403000
2020-01-21,5581.01,5581.98,5515.19,5523.94,124604808
2020-01-22,5502.59,5597.99,5440.2,5575.51,123474770
2020-01-23,5521.79,5558.43,5326.93,5377.74,145773071
2020-02-03,4896.89,4960.75,4896.89,4910.9,81777083
2020-02-04,4736.12,5013.77,4736.12,4996.47,189672279
2020-02-05,5035.41,5178.44,5026.41,5123.96,171095340
2020-02-06,5128.19,5299.18,5100.48,5282.89,185957455
2020-02-07,5287.27,5329.36,5226.7,5327.04,191147643
2020-02-10,5322.01,5389.04,5301.41,5388.43,176703283
2020-02-11,5390.53,5396.96,5323.76,5361.28,152508178
2020-02-12,5345.52,5461.67,5340.49,5459.95,151041472
2020-02-13,5456.66,5482.8,5397.23,5412.84,158202642
2020-02-14,5407.47,5474.47,5375.93,5420.8,145346496
2020-02-17,5454.46,5594.44,5454.46,5594.44,174636657
2020-02-18,5607.84,5660.81,5577.9,5660.81,185098701
2020-02-19,5654.18,5678.82,5601.39,5603.26,185642084
2020-02-20,5619.52,5712.18,5580.07,5706.71,192076027
2020-02-21,5704.84,5822.4,5700.95,5784.03,207236239
2020-02-24,5784.58,5884.14,5754.68,5865.47,218098962
2020-02-25,5745.62,5912.27,5643.88,5897.72,267366679
2020-02-26,5824.05,5885.27,5724.5,5743.39,266375081
2020-02-27,5770.22,5829.04,5689.54,5753.73,204694876
2020-02-28,5558.42,5641.77,5438.85,5451.29,224306708
2020-03-02,5516.44,5683.24,5505.27,5656.42,199511611
2020-03-03,5756.79,5832.35,5658.12,5710.02,226325494
2020-03-04,5670.5,5719.18,5603.93,5716.51,185133097
2020-03-05,5795.25,5811.21,5732.17,5801.12,217232220
2020-03-06,5737.1,5802.63,5723.73,5763.86,185297147
2020-03-09,5668.64,5699.92,5525.82,5525.82,218538089
2020-03-10,5459.17,5675.88,5423.43,5675.11,208402877
2020-03-11,5692.72,5708.92,5589.53,5589.53,187750912
2020-03-12,5507.32,5549.35,5446.79,5493.88,158753157
2020-03-13,5225.51,5507.39,5224.73,5457.2,195266660
2020-03-16,5496.89,5496.89,5183.34,5200.11,186849953
2020-03-17,5245.52,5300.56,5052.65,5212.06,159137879
2020-03-18,5257.94,5333.12,5119.47,5119.47,164286605
2020-03-19,5119.94,5185.09,5020.44,5157.82,154593702
2020-03-20,5217.49,5225.03,5129.07,5219.28,127513290
2020-03-23,5079.35,5129.14,4981.67,4998.91,138684746
2020-03-24,5089.15,5118.04,4963.29,5096.04,140787704
2020-03-25,5200.78,5229.22,5160.39,5217.42,146881070
2020-03-26,5180.47,5227.47,5157.15,5166.11,125652449
2020-03-27,5222.85,5227.79,5134.49,5137.34,117045074
2020-03-30,5073.7,5074.63,4974.32,5027.49,123981317
2020-03-31,5073.52,5090.57,5030.57,5041.45,111605612
2020-04-01,5029.58,5108.18,5007.71,5019.22,112154112
2020-04-02,4998.63,5147.2,4998.11,5147.2,113351078
2020-04-03,5143.52,5161.57,5085.09,5107.04,109478979
2020-04-07,5202.55,5273.09,5197.58,5267.07,145109453
2020-04-08,5243.16,5291.41,5232.62,5271.8,137786255
2020-04-09,5301.27,5336.12,5289.38,5322.46,125098463
2020-04-10,5321.79,5321.79,5197.98,5208.51,123816389
2020-04-13,5176.44,5198.37,5140.85,5169.18,98180992
2020-04-14,5197.17,5288.59,5189.82,5288.59,110188244
2020-04-15,5291.97,5320.58,5264.01,5268.75,122477399
2020-04-16,5245.92,5328.12,5238.43,5316.97,120742193
2020-04-17,5354.98,5377.15,5309.58,5318.45,136969833
2020-04-20,5329.87,5381.79,5311.2,5381.79,120642181
2020-04-21,5358.6,5358.6,5287.66,5343.88,130744425
2020-04-22,5304.73,5388.21,5296.26,5387.62,123597007
2020-04-23,5402.65,5407.49,5354.94,5357.79,144618301
2020-04-24,5350.54,5354.76,5258.57,5273.55,131383368
2020-04-27,5278.98,5314.41,5249.31,5265.72,117132426
2020-04-28,5268.13,5273.26,5102.06,5227.85,140824911
2020-04-29,5203.71,5269.74,5201.47,5226.81,105926848
2020-04-30,5261.05,5368.89,5261.05,5353.86,133036687
2020-05-06,5320.94,5451.46,5318.44,5451.32,141679050
2020-05-07,5454.25,5473.77,5425.8,5445.75,140146355
2020-05-08,5474.87,5527.09,5467.65,5507.7,136318623
2020-05-11,5529.11,5547.94,5466.62,5496.19,129851986
2020-05-12,5494.07,5519.29,5441.7,5512.46,115943677
2020-05-13,5495.9,5546.55,5483.99,5536.28,107895823
2020-05-14,5513.08,5528.09,5485.02,5487.11,119197701
2020-05-15,5510.15,5543.93,5486.26,5507.93,112651512
2020-05-18,5522.72,5528.78,5454.96,5478.82,133654664
2020-05-19,5515.03,5548.22,5504.23,5547.88,112008860
2020-05-20,5545.04,5547.17,5473.79,5489.7,123491264
2020-05-21,5508.2,5511.23,5415.6,5426.17,114559109
2020-05-22,5421.73,5421.89,5307.3,5328.23,106415711
2020-05-25,5323.97,5344.28,5293.23,5316.6,84385682
2020-05-26,5341.11,5421.9,5341.08,5420.21,90969009
2020-05-27,5426.56,5426.56,5358.47,5369.5,103960371
2020-05-28,5367.27,5390.14,5290.29,5361.17,102524252
2020-05-29,5349.57,5416.66,5336.07,5406.34,105003251
2020-06-01,5446.29,5576.65,5446.29,5569.48,141697582
2020-06-02,5595.36,5596.44,5544.19,5566.44,139029102
2020-06-03,5583.7,5618.29,5567.07,5572.31,138345518
2020-06-04,5589.34,5597.26,5549.36,5576.75,120778465
2020-06-05,5585.16,5592.35,5542.87,5585.42,112253898
2020-06-08,5618.38,5627.19,5567.21,5575.3,119446190
2020-06-09,5582.14,5616.04,5560.14,5610.38,114870930
2020-06-10,5611.66,5616.61,5581.92,5615.24,108368097
2020-06-11,5618.64,5673.31,5567.54,5589.1,127515453
2020-06-12,5483.78,5620.21,5479.27,5591.49,129545464
2020-06-15,5605.88,5661.97,5590.64,5590.64,145359777
2020-06-16,5633.26,5695.3,5624.85,5695.3,133951703
2020-06-17,5708.69,5735.42,5685.62,5735.42,146837519
2020-06-18,5738.03,5744.45,5705.3,5734.4,158154365
2020-06-19,5733.43,5796.36,5727.62,5787.15,141768097
2020-06-22,5793.79,5815.39,5770.81,5784.03,145392348
2020-06-23,5783.12,5809.28,5755.4,5804.34,125748127
2020-06-24,5808.54,5824.31,5773.29,5789.09,110241436
2020-06-29,5774.46,5789.16,5740.26,5762.44,117761152
2020-06-30,5790.06,5875.33,5788.21,5864.42,115350323
2020-07-01,5884.54,5885.87,5814.76,5881.89,142832983
2020-07-02,5880.88,5979.99,5858.57,5975.28,201181381
2020-07-03,5990.0,6052.52,5968.07,6051.51,226826819
2020-07-06,6095.96,6318.31,6095.96,6299.86,302376489
2020-07-07,6368.31,6480.03,6300.24,6380.03,325865426
2020-07-08,6378.95,6541.44,6352.37,6535.42,288847388
2020-07-09,6541.29,6712.14,6530.02,6693.75,317412270
2020-07-10,6664.33,6763.81,6644.36,6676.44,288736673
2020-07-13,6710.64,6899.62,6710.64,6899.52,297305595
2020-07-14,6897.0,6897.0,6672.8,6807.73,293868298
2020-07-15,6815.62,6838.15,6598.52,6638.84,256472829
2020-07-16,6642.33,6711.0,6305.13,6320.0,253315871
2020-07-17,6327.03,6447.51,6272.94,6344.59,196803909
2020-07-20,6419.08,6526.83,6340.65,6526.83,212413222
2020-07-21,6546.57,6591.01,6500.87,6563.32,193965949
2020-07-22,6554.17,6699.69,6534.74,6620.69,210101199
2020-07-23,6562.05,6629.21,6431.26,6620.09,207992463
2020-07-24,6584.81,6609.29,6265.38,6283.98,219017777
2020-07-27,6304.59,6337.33,6229.47,6298.74,145542482
2020-07-28,6345.68,6385.39,6307.79,6359.66,138838144
2020-07-29,6341.01,6530.27,6324.05,6530.27,159221683
2020-07-30,6548.7,6564.78,6491.45,6511.44,177615562
2020-07-31,6499.39,6619.26,6463.42,6579.67,179912942
2020-08-03,6635.34,6739.81,6614.43,6739.81,207266747
2020-08-04,6758.49,6764.9,6672.89,6697.71,209478935
2020-08-05,6696.69,6790.01,6653.28,6772.84,184843817
2020-08-06,6780.33,6792.28,6656.28,6770.3,205229842
2020-08-07,6743.29,6755.53,6578.67,6688.88,198128215
2020-08-10,6666.56,6768.87,6651.74,6725.3,175353226
2020-08-11,6727.77,6756.85,6594.98,6600.85,180845770
2020-08-12,6580.01,6599.66,6395.01,6528.4,177889044
2020-08-13,6552.37,6592.12,6518.42,6552.66,162060516
2020-08-14,6542.6,6629.51,6506.03,6623.56,156875988
2020-08-17,6646.54,6752.32,6614.18,6744.55,201407357
2020-08-18,6747.61,6811.56,6737.53,6789.4,189166175
2020-08-19,6782.59,6782.59,6661.99,6666.27,194309135
2020-08-20,6622.01,6672.49,6570.69,6593.79,157646259
2020-08-21,6628.9,6686.02,6589.2,6643.94,142963492
2020-08-24,6667.3,6702.75,6589.93,6688.96,143020355
2020-08-25,6698.12,6734.44,6631.69,6652.55,147098130
2020-08-26,6650.45,6660.76,6501.24,6525.88,153734771
2020-08-27,6538.14,6585.72,6486.75,6578.79,129836198
2020-08-28,6571.9,6695.36,6553.92,6691.21,141949594
2020-08-31,6719.29,6765.89,6667.68,6668.43,156024384
2020-09-01,6667.17,6710.46,6637.63,6710.46,125632489
2020-09-02,6725.69,6742.55,6647.03,6717.56,149562547
2020-09-03,6715.1,6732.67,6638.45,6662.25,142110336
2020-09-04,6545.89,6631.03,6538.49,6618.58,125358461
2020-09-07,6619.9,6669.39,6459.1,6478.81,155581747
2020-09-08,6493.77,6543.0,6432.95,6525.1,161230318
2020-09-09,6455.31,6471.48,6319.27,6349.22,216916352
2020-09-10,6404.66,6414.96,6219.64,6235.57,181049498
2020-09-11,6209.79,6319.67,6209.79,6311.97,124629194
2020-09-14,6350.36,6381.18,6297.9,6351.24,130502277
2020-09-15,6351.04,6388.13,6328.54,6387.88,115184154
2020-09-16,6379.52,6387.77,6321.57,6353.84,113379886
2020-09-17,6345.67,6416.01,6291.63,6367.02,118959680
2020-09-18,6367.79,6473.6,6353.56,6469.47,135226263
2020-09-21,6492.22,6515.34,6434.32,6445.96,126023721
2020-09-22,6392.03,6462.98,6341.48,6358.65,121305894
2020-09-23,6382.28,6411.2,6356.16,6392.03,95048832
2020-09-24,6353.69,6354.68,6243.28,6244.64,112801467
2020-09-25,6271.7,6285.47,6206.18,6236.89,87798789
2020-09-28,6255.02,6261.93,6171.02,6178.47,78962916
2020-09-29,6206.99,6280.44,6179.88,6228.77,81371164
2020-09-30,6245.12,6260.12,6155.02,6192.5,81484093
2020-10-09,6300.07,6373.94,6290.47,6357.97,100386232
2020-10-12,6408.08,6541.31,6399.68,6541.18,144824348
2020-10-13,6538.84,6557.86,6486.31,6551.4,111558451
2020-10-14,6547.84,6547.84,6492.66,6508.37,118629604
2020-10-15,6511.07,6518.55,6456.77,6460.04,107004252
2020-10-16,6456.74,6473.63,6388.65,6428.68,98732022
2020-10-19,6466.57,6483.51,6346.26,6358.32,103668362
2020-10-20,6349.64,6423.16,6324.39,6423.11,86189225
2020-10-21,6426.19,6426.51,6323.44,6350.01,87512256
2020-10-22,6331.8,6334.54,6256.23,6317.14,85724728
2020-10-23,6312.01,6362.43,6202.53,6213.26,80565089
2020-10-26,6195.35,6239.72,6127.38,6214.38,73392955
2020-10-27,6187.47,6227.84,6168.97,6221.34,75586516
2020-10-28,6221.74,6254.72,6164.24,6246.0,87130888
2020-10-29,6168.91,6287.65,6159.14,6255.19,92587484
2020-10-30,6272.93,6274.62,6103.89,6111.48,112122360
2020-11-02,6119.45,6162.28,6095.8,6143.12,111756380
2020-11-03,6175.16,6245.56,6155.73,6241.77,105440036
2020-11-04,6246.64,6256.07,6181.1,6234.16,92929746
2020-11-05,6294.61,6358.44,6273.31,6351.98,118843215
2020-11-06,6366.19,6366.19,6254.09,6301.25,118244211
2020-11-09,6337.44,6452.91,6337.44,6421.65,160027881
2020-11-10,6434.43,6435.41,6339.29,6373.09,141928932
2020-11-11,6356.37,6375.24,6292.84,6294.61,130728082
2020-11-12,6305.07,6341.0,6285.29,6315.49,104680686
2020-11-13,6304.46,6319.41,6248.36,6306.97,107116321
2020-11-16,6319.7,6387.42,6294.29,6387.37,133677330
2020-11-17,6380.77,6380.77,6300.57,6336.94,141274319
2020-11-18,6333.45,6382.5,6314.31,6341.01,133982461
2020-11-19,6328.08,6370.18,6293.56,6360.6,123804846
2020-11-20,6354.79,6429.87,6351.31,6422.99,130667645
2020-11-23,6435.92,6516.24,6407.06,6472.93,181925668
2020-11-24,6472.75,6495.14,6454.67,6475.19,154062966
2020-11-25,6489.26,6489.72,6350.37,6350.37,153813107
2020-11-26,6349.86,6358.17,6284.97,6334.3,123236936
2020-11-27,6337.38,6351.81,6276.07,6351.61,120885115
2020-11-30,6360.46,6397.72,6309.44,6320.94,163157683
2020-12-01,6307.85,6437.94,6299.41,6426.62,150957340
2020-12-02,6437.96,6446.81,6392.99,6434.98,149705106
2020-12-03,6437.38,6461.09,6392.9,6440.88,152214932
2020-12-04,6426.03,6471.86,6409.68,6464.73,128855168
2020-12-07,6465.99,6472.85,6417.65,6424.68,121078282
2020-12-08,6424.16,6448.39,6406.72,6423.65,105494991
2020-12-09,6430.48,6437.43,6307.22,6307.22,121516214
2020-12-10,6295.35,6350.92,6267.17,6320.1,110577142
2020-12-11,6328.83,6340.39,6163.41,6209.43,132641605
2020-12-14,6207.83,6260.61,6176.54,6259.02,106877148
2020-12-15,6250.1,6276.58,6228.68,6265.58,97980995
2020-12-16,6268.21,6271.03,6219.09,6235.44,99283950
2020-12-17,6225.08,6312.01,6184.54,6308.9,127702743
2020-12-18,6310.16,6332.53,6269.21,6291.92,128622287
2020-12-21,6302.26,6401.55,6293.92,6398.6,136347822
2020-12-22,6372.88,6378.5,6241.56,6250.06,151310618
2020-12-23,6255.35,6330.6,6242.62,6307.6,144044324
2020-12-24,6308.48,6308.48,6202.4,6205.22,131221652
2020-12-25,6190.99,6284.59,6186.03,6278.5,134478267
2020-12-28,6283.78,6288.24,6219.09,6244.48,148960215
2020-12-29,6240.74,6280.04,6196.41,6199.85,154476032
2020-12-30,6196.45,6289.27,6188.59,6269.25,138041674
2020-12-31,6282.96,6370.57,6281.01,6367.11,160194086
2021-01-04,6395.61,6501.59,6359.08,6482.79,186621210
2021-01-05,6470.25,6539.73,6452.52,6539.73,196726292
2021-01-06,6549.73,6569.2,6472.74,6528.14,178521085
2021-01-07,6523.68,6567.27,6467.44,6538.12,197135642
2021-01-08,6541.56,6598.38,6484.4,6557.6,180837430
2021-01-11,6557.45,6572.85,6419.73,6455.4,183257272
2021-01-12,6425.81,6543.23,6425.81,6543.23,162311237
2021-01-13,6550.03,6553.65,6457.88,6496.91,184913421
2021-01-14,6471.79,6516.27,6402.6,6439.89,163023816
2021-01-15,6427.13,6447.88,6339.43,6417.5,138243200
2021-01-18,6414.83,6529.41,6392.07,6514.46,136832806
2021-01-19,6510.48,6532.65,6456.12,6476.37,147616717
2021-01-20,6477.67,6535.48,6449.28,6535.42,128525432
2021-01-21,6552.03,6649.86,6550.88,6622.5,156809587
2021-01-22,6619.86,6643.67,6573.82,6637.81,158062310
2021-01-25,6636.22,6711.57,6599.97,6645.31,165623104
2021-01-26,6621.15,6624.45,6515.26,6532.96,143371310
2021-01-27,6527.68,6564.29,6481.16,6557.16,139760049
2021-01-28,6475.86,6529.84,6405.81,6414.38,144825405
2021-01-29,6448.67,6462.37,6255.7,6346.14,146041582
2021-02-01,6338.64,6397.01,6328.34,6393.28,137325184
2021-02-02,6404.85,6459.48,6361.09,6454.79,132394314
2021-02-03,6459.66,6484.49,6399.33,6399.33,145457155
2021-02-04,6375.67,6414.3,6249.53,6328.79,148861330
2021-02-05,6343.83,6382.96,6236.27,6239.87,135132879
2021-02-08,6247.92,6354.02,6215.73,6323.16,116134003
2021-02-09,6334.42,6468.43,6330.79,6457.88,119319109
2021-02-10,6474.75,6542.75,6424.72,6525.17,119042660
2021-02-18,6657.31,6678.61,6564.31,6614.54,166892393
2021-02-19,6600.25,6706.39,6542.78,6703.48,178767818
2021-02-22,6731.51,6810.92,6657.06,6657.06,237065585
2021-02-23,6613.6,6701.43,6609.08,6631.23,192656865
2021-02-24,6633.28,6661.43,6477.75,6536.19,173718833
2021-02-25,6600.21,6609.56,6484.55,6499.15,162068183
2021-02-26,6365.74,6446.95,6346.13,6364.35,150760207
2021-03-01,6407.16,6491.94,6404.89,6488.44,158608438
2021-03-02,6514.02,6514.02,6386.49,6433.33,165877069
2021-03-03,6426.04,6528.22,6420.21,6524.75,171017523
2021-03-04,6482.79,6485.16,6371.73,6401.99,194334615
2021-03-05,6325.75,6442.02,6319.53,6403.5,166504886
2021-03-08,6453.78,6488.82,6253.7,6256.41,168546340
2021-03-09,6235.31,6250.94,6033.41,6108.0,196432686
2021-03-10,6164.77,6179.85,6053.02,6062.26,142554278
2021-03-11,6074.33,6213.93,6045.55,6213.83,160814643
2021-03-12,6231.48,6232.5,6137.99,6222.38,175746179
2021-03-15,6192.3,6229.57,6111.36,6173.87,170799690
2021-03-16,6176.07,6222.18,6124.78,6195.24,152845993
2021-03-17,6180.89,6230.56,6124.05,6225.36,134840397
2021-03-18,6231.19,6300.94,6227.19,6273.86,140725665
2021-03-19,6195.25,6258.13,6167.51,6206.6,143238275
2021-03-22,6208.93,6307.55,6206.08,6305.69,143041444
2021-03-23,6307.98,6307.98,6181.13,6219.17,150964052
2021-03-24,6180.31,6232.13,6131.82,6142.54,147673111
2021-03-25,6118.87,6190.94,6108.26,6157.41,129307092
2021-03-26,6164.82,6264.56,6164.82,6251.79,128887611
2021-03-29,6270.0,6277.76,6215.8,6254.94,139633894
2021-03-30,6239.47,6287.87,6217.33,6280.36,134409585
2021-03-31,6277.7,6277.7,6205.94,6254.07,125128492
2021-04-01,6259.41,6321.58,6238.31,6311.66,130374817
2021-04-02,6316.56,6341.65,6291.71,6326.61,123938872
2021-04-06,6345.89,6367.78,6323.24,6343.1,111489157
2021-04-07,6350.38,6350.38,6289.07,6348.08,150016776
2021-04-08,6332.93,6385.2,6309.12,6356.75,173741279
2021-04-09,6345.29,6360.45,6307.66,6335.24,141306900
2021-04-12,6325.26,6344.16,6203.57,6226.42,155441439
2021-04-13,6210.22,6254.9,6193.81,6209.78,130387709
2021-04-14,6206.64,6287.84,6206.64,6277.21,117438218
2021-04-15,6263.63,6281.43,6211.66,6276.46,119776177
2021-04-16,6283.86,6344.95,6276.43,6339.59,126764654
2021-04-19,6331.71,6431.78,6315.08,6425.26,142200929
2021-04-20,6419.73,6467.38,6410.28,6428.54,134674524
2021-04-21,6396.27,6434.63,6369.77,6420.26,121051732
2021-04-22,6444.28,6472.8,6424.75,6445.47,124923876
2021-04-23,6445.52,6463.97,6412.99,6462.76,126117307
2021-04-26,6480.3,6546.64,6437.19,6442.65,144964140
2021-04-27,6434.61,6466.25,6399.44,6446.28,125894712
2021-04-28,6433.1,6489.74,6410.32,6489.74,117234944
2021-04-29,6495.65,6502.43,6453.52,6491.93,128305439
2021-04-30,6470.35,6503.15,6434.73,6485.71,144254239
2021-05-06,6503.6,6548.07,6440.33,6489.35,154141980
2021-05-07,6505.58,6524.18,6439.89,6444.44,177518748
2021-05-10,6461.42,6493.5,6437.11,6475.99,189080133
2021-05-11,6436.29,6472.87,6349.79,6456.04,187263611
2021-05-12,6434.91,6521.49,6419.74,6512.05,156490931
2021-05-13,6448.96,6497.0,6426.58,6439.03,159658647
2021-05-14,6454.68,6525.8,6421.21,6525.8,166243407
2021-05-17,6521.89,6613.89,6521.89,6578.14,159363758
2021-05-18,6578.97,6604.69,6558.78,6599.6,132505490
2021-05-19,6582.1,6590.98,6544.84,6584.39,135181256
2021-05-20,6541.09,6580.44,6506.41,6548.71,162329923
2021-05-21,6557.49,6570.46,6512.81,6527.86,134350694
2021-05-24,6515.83,6564.07,6494.62,6544.12,137226611
2021-05-25,6549.34,6628.69,6524.3,6619.67,144692037
2021-05-26,6631.37,6642.38,6612.42,6628.21,156237002
2021-05-27,6629.24,6685.48,6620.72,6685.41,145166676
2021-05-28,6699.28,6718.09,6643.64,6668.17,157318385
2021-05-31,6681.55,6729.07,6667.26,6728.99,146929492
2021-06-01,6718.64,6742.98,6656.66,6739.76,161091958
2021-06-02,6740.5,6748.15,6662.75,6681.43,157365320
2021-06-03,6680.1,6744.52,6654.46,6667.73,154885691
2021-06-04,6642.06,6725.69,6628.01,6693.06,137866404
2021-06-07,6705.74,6729.85,6689.7,6721.5,140560896
2021-06-08,6726.09,6752.63,6652.39,6684.56,138684946
2021-06-09,6677.14,6712.25,6656.05,6692.9,136511035
2021-06-10,6688.82,6773.46,6683.49,6765.64,154280965
2021-06-11,6773.64,6775.86,6717.27,6725.92,169569608
2021-06-15,6734.1,6736.54,6649.2,6663.66,152209249
2021-06-16,6659.49,6662.78,6554.89,6566.29,136807877
2021-06-17,6554.3,6618.5,6554.3,6616.17,124492562
2021-06-18,6610.27,6671.88,6587.03,6657.76,138022582
2021-06-21,6652.65,6722.98,6638.52,6707.18,143031173
2021-06-22,6723.3,6748.97,6691.82,6739.79,146543498
2021-06-23,6741.58,6803.97,6720.58,6789.95,155309609
2021-06-24,6791.86,6791.86,6743.33,6754.87,145046523
2021-06-25,6748.87,6824.86,6739.02,6813.41,151485660
2021-06-28,6814.32,6843.52,6802.86,6828.52,145504051
2021-06-29,6833.06,6835.05,6756.92,6765.42,136625723
2021-06-30,6767.74,6812.38,6757.34,6808.18,125406162
2021-07-01,6827.7,6827.7,6716.67,6716.67,138350812
2021-07-02,6701.06,6718.51,6651.48,6658.05,136472287
2021-07-05,6670.13,6716.15,6663.54,6711.01,134734720
2021-07-06,6727.97,6747.85,6633.61,6709.5,145017953
2021-07-07,6661.85,6765.43,6642.57,6764.13,147646953
2021-07-08,6774.84,6797.08,6740.85,6748.65,159564544
2021-07-09,6721.61,6814.65,6683.79,6804.54,166107003
2021-07-12,6852.48,6926.76,6840.02,6904.38,193561044
2021-07-13,6901.81,6961.97,6889.03,6961.85,179620844
2021-07-14,6953.82,6973.61,6898.75,6898.75,171735447
2021-07-15,6874.8,6936.58,6828.48,6932.41,173221107
2021-07-16,6931.05,6992.83,6922.35,6925.12,184907858
2021-07-19,6912.1,6931.14,6856.65,6889.34,169734817
2021-07-20,6831.05,6901.13,6825.82,6901.13,140140631
2021-07-21,6923.61,6998.28,6922.92,6984.54,163009272
2021-07-22,6996.26,7026.73,6960.3,7026.55,190233316
2021-07-23,7036.3,7061.67,6968.31,6985.75,225079073
2021-07-26,6974.11,6986.5,6778.5,6868.21,208197240
2021-07-27,6877.44,6925.97,6719.26,6719.26,228614339
2021-07-28,6650.15,6709.23,6534.92,6621.98,197267167
2021-07-29,6720.62,6773.57,6682.12,6758.89,171017884
2021-07-30,6739.75,6775.01,6702.51,6767.32,189711734
2021-08-02,6756.81,6875.42,6731.78,6872.0,206205174
2021-08-03,6844.37,6879.59,6792.71,6816.01,194189432
2021-08-04,6814.08,6931.78,6813.23,6931.34,174064348
2021-08-05,6920.94,6946.34,6880.69,6911.83,179371886
2021-08-06,6929.02,6947.54,6885.65,6938.87,172356913
2021-08-09,6914.32,6989.71,6877.2,6979.53,173833372
2021-08-10,6970.83,7019.69,6958.81,7019.23,173087962
2021-08-11,7024.77,7076.37,6999.93,7073.52,188357906
2021-08-12,7059.47,7115.89,7051.01,7095.2,194079124
2021-08-13,7070.47,7124.92,7050.31,7088.89,192190605
2021-08-16,7087.58,7102.4,7039.1,7052.49,188178885
2021-08-17,7045.75,7063.02,6876.5,6894.4,201936371
2021-08-18,6883.27,6950.88,6865.07,6941.01,175367332
2021-08-19,6917.51,6978.98,6869.29,6947.06,171813588
2021-08-20,6915.02,6952.52,6843.0,6920.02,175627139
2021-08-23,6949.33,7031.88,6949.33,7024.56,189456609
2021-08-24,7031.65,7098.03,7009.69,7090.78,202726894
2021-08-25,7092.15,7153.27,7058.57,7153.0,198126889
2021-08-26,7151.53,7175.51,7115.84,7118.84,230176197
2021-08-27,7096.65,7185.73,7083.21,7180.11,223830464
2021-08-30,7202.63,7262.6,7190.61,7226.88,250649147
2021-08-31,7202.52,7255.34,7159.3,7255.34,245108342
2021-09-01,7271.03,7278.16,7100.31,7193.1,295520141
2021-09-02,7172.4,7309.33,7172.4,7307.01,253411699
2021-09-03,7335.7,7385.24,7227.03,7278.68,288801239
2021-09-06,7297.36,7359.54,7231.73,7355.4,255875154
2021-09-07,7360.38,7501.13,7350.7,7498.93,260727542
2021-09-08,7496.33,7549.45,7483.87,7544.04,272847808
2021-09-09,7534.98,7617.66,7526.97,7617.45,287204068
2021-09-10,7613.6,7661.43,7564.26,7607.67,293468641
2021-09-13,7613.54,7650.88,7566.78,7648.75,263618611
2021-09-14,7630.72,7688.6,7544.02,7556.62,271501512
2021-09-15,7535.25,7627.67,7521.88,7592.31,233398415
2021-09-16,7616.88,7657.23,7445.23,7446.94,267649779
2021-09-17,7421.81,7471.42,7275.98,7395.56,233604227
2021-09-22,7305.08,7453.93,7298.03,7453.62,196794534
2021-09-23,7512.33,7543.66,7467.2,7502.84,241158694
2021-09-24,7490.56,7490.56,7373.29,7380.38,231715581
2021-09-27,7400.0,7410.47,7128.51,7170.59,239542408
2021-09-28,7158.62,7227.46,7155.27,7198.9,202800568
2021-09-29,7142.76,7161.21,6996.57,7010.22,210570703
2021-09-30,7034.69,7116.04,7034.69,7103.61,202482611
2021-10-08,7191.23,7198.96,7058.83,7091.34,205467704
2021-10-11,7102.88,7123.75,7048.87,7090.47,195420838
2021-10-12,7069.35,7079.71,6891.84,6952.19,201666724
2021-10-13,6957.73,6991.24,6887.34,6981.59,162604654
2021-10-14,6970.65,7033.4,6949.48,7008.33,154764667
2021-10-15,6996.12,7034.03,6975.24,7024.16,174108339
2021-10-18,7027.14,7071.87,6983.72,7068.1,175627013
2021-10-19,7060.77,7127.24,7051.78,7120.38,168135764
2021-10-20,7081.99,7154.91,7067.13,7118.8,170511342
2021-10-21,7127.64,7145.58,7069.45,7098.25,167971968
2021-10-22,7089.13,7110.66,7020.87,7026.07,171615150
2021-10-25,7019.02,7105.98,7003.78,7103.99,159004603
2021-10-26,7120.07,7155.63,7085.07,7102.43,175032205
2021-10-27,7093.12,7097.86,7017.86,7048.6,179020887
2021-10-28,7026.29,7043.42,6930.54,6950.28,188075338
2021-10-29,6955.85,7022.75,6920.31,7022.5,170779533
2021-11-01,7005.07,7087.29,6993.27,7060.76,184142991
2021-11-02,7061.0,7093.61,6921.85,6985.1,196114729
2021-11-03,6975.06,7034.09,6962.87,7017.85,150814648
2021-11-04,7031.95,7073.85,7018.61,7073.85,152652050
2021-11-05,7071.08,7073.85,6991.15,6991.91,177241393
2021-11-08,6986.5,7034.14,6984.81,7026.97,146360858
2021-11-09,7037.57,7087.02,7028.31,7081.75,141696847
2021-11-10,7061.64,7072.15,6965.86,7062.33,162138355
2021-11-11,7048.86,7121.92,7033.09,7119.86,165400694
2021-11-12,7118.99,7165.11,7112.58,7156.61,168513423
2021-11-15,7166.04,7176.77,7083.78,7098.21,161148201
2021-11-16,7083.92,7121.74,7040.51,7045.94,162370317
2021-11-17,7043.63,7106.05,7033.95,7104.53,140347108
2021-11-18,7108.78,7130.29,7066.49,7084.68,162714860
2021-11-19,7083.01,7174.25,7073.72,7169.88,178185853
2021-11-22,7177.4,7259.53,7177.4,7255.07,180522481
2021-11-23,7245.95,7292.92,7239.0,7261.38,189595034
2021-11-24,7260.22,7278.4,7229.6,7256.11,177674071
2021-11-25,7262.79,7262.79,7228.29,7233.54,164068099
2021-11-26,7216.64,7249.2,7201.2,7219.86,159423137
2021-11-29,7129.94,7226.34,7125.43,7221.9,166941407
2021-11-30,7252.33,7281.13,7210.84,7252.76,186336164
2021-12-01,7239.13,7272.94,7215.67,7272.84,171806295
2021-12-02,7256.42,7279.95,7221.36,7229.99,176555543
2021-12-03,7233.57,7310.27,7223.8,7301.92,186222738
2021-12-06,7308.99,7330.47,7235.45,7240.46,213069952
2021-12-07,7274.13,7284.64,7148.07,7206.83,192243855
2021-12-08,7225.0,7302.99,7214.26,7302.99,169280453
2021-12-09,7298.8,7331.58,7290.27,7320.32,196087168
2021-12-10,7285.97,7317.27,7276.61,7306.65,187230694
2021-12-13,7334.11,7371.31,7322.44,7353.03,185363062
2021-12-14,7330.24,7349.88,7314.43,7324.13,159583754
2021-12-15,7319.66,7352.38,7302.38,7314.26,159923922
2021-12-16,7323.41,7381.0,7323.41,7381.0,177690340
2021-12-17,7380.72,7384.02,7308.72,7314.56,196265336
2021-12-20,7290.95,7313.48,7191.05,7195.97,181727854
2021-12-21,7190.97,7285.72,7190.97,7275.47,176216745
2021-12-22,7289.91,7318.61,7271.82,7302.46,174117189
2021-12-23,7306.16,7350.0,7290.38,7337.19,169131761
2021-12-24,7336.0,7339.94,7257.53,7278.76,169418703
2021-12-27,7269.37,7323.88,7255.72,7272.75,148618788
2021-12-28,7281.0,7290.54,7240.93,7286.03,143262039
2021-12-29,7275.67,7290.86,7242.3,7247.77,136209551
2021-12-30,7246.03,7324.5,7244.22,7310.96,141651110
2021-12-31,7320.94,7368.13,7317.7,7359.4,149909002
2022-01-04,7387.81,7392.1,7317.5,7354.46,200810017
2022-01-05,7343.9,7346.26,7200.73,7222.67,194002404
2022-01-06,7187.95,7242.77,7167.81,7229.96,173335764
2022-01-07,7232.41,7262.81,7168.04,7175.68,200018012
2022-01-10,7161.44,7193.92,7122.09,7191.45,165748879
2022-01-11,7187.02,7206.92,7118.84,7135.22,169494564
2022-01-12,7160.18,7196.93,7148.63,7196.93,156051484
2022-01-13,7203.24,7203.24,7096.33,7097.76,169148969
2022-01-14,7063.42,7125.09,7052.63,7081.14,175591199
2022-01-17,7080.62,7169.34,7078.66,7157.86,161779720
2022-01-18,7163.13,7191.0,7133.2,7163.16,179235392
2022-01-19,7144.48,7182.06,7078.36,7118.76,163178368
2022-01-20,7119.51,7135.78,7040.01,7056.79,168666281
2022-01-21,7037.94,7040.43,6965.33,6976.62,144679790
2022-01-24,6942.92,7006.7,6925.77,6979.25,122679565
2022-01-25,6960.0,6979.48,6743.96,6743.96,150337244
2022-01-26,6762.35,6799.81,6721.9,6782.58,120615311
2022-01-27,6781.61,6785.73,6605.92,6605.92,125243756
2022-01-28,6690.18,6690.18,6510.18,6580.53,127088819
2022-02-07,6664.57,6702.33,6656.13,6676.61,145092618
2022-02-08,6678.99,6742.4,6599.37,6742.19,159598574
2022-02-09,6736.75,6848.69,6725.8,6843.03,162822720
2022-02-10,6841.16,6864.69,6797.01,6840.49,154916564
2022-02-11,6811.78,6840.72,6735.89,6745.02,159801354
2022-02-14,6711.59,6765.52,6667.49,6695.7,137082460
2022-02-15,6700.82,6762.86,6686.95,6760.28,112805760
2022-02-16,6779.21,6788.36,6751.8,6772.03,108414003
2022-02-17,6764.33,6797.62,6730.18,6768.79,122985088
2022-02-18,6734.52,6835.2,6727.82,6835.02,139952637
2022-02-21,6843.08,6871.99,6822.88,6867.11,145146314
2022-02-22,6827.05,6827.05,6743.85,6784.76,148609915
2022-02-23,6785.1,6889.7,6785.1,6887.42,144116621
2022-02-24,6861.41,6898.41,6688.75,6764.88,210849756
2022-02-25,6805.64,6895.04,6801.33,6819.43,156429138
2022-02-28,6831.49,6853.34,6770.05,6853.31,139601388
2022-03-01,6868.62,6889.33,6837.25,6874.04,137717217
2022-03-02,6853.07,6878.35,6828.06,6875.24,137114977
2022-03-03,6900.98,6907.41,6843.99,6859.55,189091781
2022-03-04,6823.83,6871.09,6779.41,6803.83,177411881
2022-03-07,6800.77,6800.82,6628.48,6659.39,166484595
2022-03-08,6650.58,6665.95,6416.8,6429.89,186296079
2022-03-09,6443.2,6462.48,6066.76,6305.61,197802739
2022-03-10,6424.91,6475.14,6390.73,6414.94,153152356
2022-03-11,6343.19,6479.72,6270.02,6474.13,152114504
2022-03-14,6419.24,6490.61,6323.58,6323.58,137954004
2022-03-15,6272.44,6278.07,5964.98,5964.98,194713746
2022-03-16,6068.9,6173.79,5824.33,6156.27,178826847
2022-03-17,6233.64,6369.89,6225.98,6267.52,170438541
2022-03-18,6249.48,6338.22,6231.73,6332.22,152620214
2022-03-21,6340.56,6389.21,6284.85,6358.94,159653724
2022-03-22,6343.4,6404.83,6313.27,6358.11,151107873
2022-03-23,6368.31,6420.16,6353.34,6398.1,143179359
2022-03-24,6370.97,6384.4,6315.14,6344.12,137749087
2022-03-25,6346.71,6373.47,6268.24,6268.24,134972257
2022-03-28,6230.12,6322.13,6176.25,6283.28,144857887
2022-03-29,6289.48,6316.31,6233.28,6253.07,141362125
2022-03-30,6272.0,6377.87,6261.8,6377.87,164014574
2022-03-31,6361.1,6383.07,6313.97,6324.96,176903949
2022-04-01,6289.39,6373.26,6274.0,6364.52,175128596
2022-04-06,6363.0,6363.0,6279.07,6356.93,196853583
2022-04-07,6321.81,6364.63,6221.59,6221.59,190762191
2022-04-08,6227.2,6237.91,6117.01,6224.12,183954893
2022-04-11,6202.02,6202.02,6001.57,6029.89,178384812
2022-04-12,6019.67,6135.57,5964.39,6126.91,173180188
2022-04-13,6094.68,6129.66,6039.92,6044.33,167043059
2022-04-14,6074.13,6156.5,6060.68,6126.49,159033106
2022-04-15,6094.12,6122.29,6048.16,6070.75,184627000
2022-04-18,6019.53,6094.67,5975.45,6074.01,149186381
2022-04-19,6067.48,6106.93,6052.1,6092.4,141997535
2022-04-20,6082.81,6093.78,5942.0,5956.92,151055603
2022-04-21,5933.79,5971.19,5742.42,5759.8,157854505
2022-04-22,5728.19,5794.34,5667.34,5740.98,139997599
2022-04-25,5656.39,5656.39,5369.72,5369.72,186753480
2022-04-26,5374.25,5434.7,5225.21,5234.01,171299433
2022-04-27,5179.03,5440.07,5158.48,5437.04,179693384
2022-04-28,5398.9,5472.82,5339.61,5418.76,155039772
2022-04-29,5458.91,5630.93,5443.67,5627.9,181289513
2022-05-05,5612.5,5728.62,5606.94,5686.7,168643208
2022-05-06,5560.98,5629.65,5542.18,5563.77,152993341
2022-05-09,5552.48,5626.59,5537.98,5608.52,131553930
2022-05-10,5532.6,5698.51,5519.47,5690.09,165329613
2022-05-11,5697.43,5856.19,5696.7,5737.82,185163628
2022-05-12,5707.56,5779.32,5687.18,5743.1,139216169
2022-05-13,5765.32,5796.8,5731.86,5796.8,136559775
2022-05-16,5840.24,5855.72,5767.54,5791.08,151387274
2022-05-17,5789.92,5816.34,5724.44,5816.34,130829391
2022-05-18,5815.61,5846.84,5785.45,5797.49,127243845
2022-05-19,5708.8,5838.41,5700.11,5838.41,136623739
2022-05-20,5854.01,5929.54,5849.76,5929.49,165727329
2022-05-23,5941.14,5968.85,5908.66,5965.73,153876017
2022-05-24,5962.15,5967.23,5745.68,5745.68,177540833
2022-05-25,5741.23,5844.28,5736.14,5844.25,143590636
2022-05-26,5848.03,5928.71,5780.97,5911.56,162350362
2022-05-27,5921.33,5952.62,5854.61,5899.92,143406863
2022-05-30,5918.24,5943.0,5867.19,5942.83,133852646
2022-05-31,5940.37,6033.47,5902.28,6026.24,155944919
2022-06-01,6008.75,6042.37,5970.49,6023.64,155365773
2022-06-02,6000.62,6084.32,5987.64,6078.43,159571676
2022-06-06,6079.89,6194.43,6070.71,6187.44,182679964
2022-06-07,6186.58,6199.72,6136.04,6186.57,177311718
2022-06-08,6184.96,6227.33,6110.06,6217.83,186428864
2022-06-09,6207.73,6209.11,6088.46,6130.69,172129774
2022-06-10,6083.5,6250.36,6078.78,6240.1,192541340
2022-06-13,6188.77,6250.68,6172.91,6233.62,188132398
2022-06-14,6161.62,6278.97,6061.19,6275.57,197403164
2022-06-15,6275.37,6398.36,6261.04,6261.06,238140764
2022-06-16,6262.29,6330.35,6242.33,6264.82,194615084
2022-06-17,6220.58,6328.36,6181.85,6316.31,167859128
2022-06-20,6323.41,6359.0,6277.22,6330.39,175207145
2022-06-21,6324.84,6337.08,6215.29,6277.0,164461629
2022-06-22,6281.87,6285.65,6176.85,6179.57,154094318
2022-06-23,6186.99,6300.47,6142.94,6300.47,168266043
2022-06-24,6306.83,6378.5,6304.08,6368.28,157712704
2022-06-27,6398.36,6449.34,6390.28,6407.74,168918190
2022-06-28,6412.44,6506.67,6392.11,6501.35,170582712
2022-06-29,6479.17,6501.39,6370.02,6374.3,190728307
2022-06-30,6385.21,6493.09,6385.21,6454.08,163846776
2022-07-01,6450.75,6481.15,6423.86,6438.54,144204644
2022-07-04,6445.07,6524.3,6405.38,6523.13,157819968
2022-07-05,6535.45,6548.3,6435.74,6511.53,186625469
2022-07-06,6489.02,6496.97,6359.47,6418.55,177104502
2022-07-07,6414.41,6482.42,6380.17,6452.99,157351122
2022-07-08,6478.29,6490.15,6404.16,6404.44,150986698
2022-07-11,6387.45,6387.45,6274.74,6319.14,151993667
2022-07-12,6317.88,6346.51,6238.56,6241.48,144513092
2022-07-13,6238.68,6287.64,6207.72,6268.49,142710723
2022-07-14,6267.47,6339.42,6254.68,6302.43,140354050
2022-07-15,6279.68,6323.53,6196.8,6196.8,158386828
2022-07-18,6216.1,6315.66,6200.52,6312.36,159144624
2022-07-19,6318.84,6347.24,6283.4,6335.71,146384780
2022-07-20,6353.0,6416.87,6351.82,6410.71,142932573
2022-07-21,6400.07,6408.46,6347.6,6347.6,148210184
2022-07-22,6353.92,6371.32,6236.34,6289.53,130620669
2022-07-25,6297.1,6319.18,6213.47,6231.24,129458029
2022-07-26,6239.21,6319.25,6213.84,6307.96,117276541
2022-07-27,6301.61,6344.21,6286.35,6332.23,120435127
2022-07-28,6361.27,6393.73,6339.55,6348.17,138473429
2022-07-29,6356.52,6365.26,6285.72,6294.11,137925792
2022-08-01,6293.38,6350.04,6253.06,6347.22,128679012
2022-08-02,6288.61,6288.61,6095.06,6170.0,182902539
2022-08-03,6171.62,6261.91,6111.22,6124.31,147213409
2022-08-04,6160.49,6177.62,6080.1,6158.73,113646381
2022-08-05,6175.48,6274.27,6163.51,6270.51,124284448
2022-08-08,6266.57,6324.34,6249.62,6323.07,116132934
2022-08-09,6314.1,6344.84,6290.87,6341.48,116966653
2022-08-10,6331.41,6362.29,6298.86,6322.06,118899928
2022-08-11,6349.5,6439.36,6341.72,6439.36,142038284
2022-08-12,6425.11,6463.07,6416.29,6420.85,140399917
2022-08-15,6405.72,6462.54,6394.22,6442.81,133627482
2022-08-16,6446.76,6492.54,6440.38,6465.19,135841495
2022-08-17,6473.25,6501.36,6428.97,6493.5,146220319
2022-08-18,6481.37,6483.69,6448.75,6468.81,130451759
2022-08-19,6468.82,6477.31,6390.93,6391.72,142590851
2022-08-22,6381.34,6472.79,6363.22,6472.68,133735500
2022-08-23,6460.17,6475.82,6436.08,6466.4,133676377
2022-08-24,6470.69,6472.68,6277.99,6284.58,158103872
2022-08-25,6303.14,6327.09,6225.68,6322.7,141946367
2022-08-26,6331.08,6381.48,6286.52,6298.37,130405837
2022-08-29,6213.4,6310.99,6205.13,6310.4,125268849
2022-08-30,6309.58,6319.17,6248.14,6285.93,132109200
2022-08-31,6265.59,6280.19,6132.23,6155.75,147275408
2022-09-01,6153.29,6207.24,6118.58,6126.77,118575054
2022-09-02,6135.3,6176.17,6117.73,6149.43,106564384
2022-09-05,6147.71,6184.8,6122.62,6182.65,117479244
2022-09-06,6198.49,6292.53,6187.95,6291.57,129846040
2022-09-07,6269.99,6314.12,6256.61,6301.56,120160292
2022-09-08,6299.91,6309.9,6266.52,6272.58,116164269
2022-09-09,6275.9,6321.82,6254.26,6316.97,121389228
2022-09-13,6334.86,6343.77,6291.44,6300.42,118106314
2022-09-14,6214.91,6273.63,6206.92,6249.96,109121160
2022-09-15,6280.45,6282.69,6053.8,6107.8,141643500
2022-09-16,6091.42,6102.54,5954.5,5954.5,137172115
2022-09-19,5947.86,5967.65,5880.49,5913.15,104025412
2022-09-20,5949.34,6002.79,5940.58,5958.29,88813000
2022-09-21,5943.09,5998.7,5876.52,5978.58,103463644
2022-09-22,5938.1,6015.12,5931.73,5965.89,99867602
2022-09-23,5961.06,5986.82,5839.93,5889.6,100609437
2022-09-26,5841.58,5922.32,5798.28,5806.32,103244360
2022-09-27,5823.55,5920.05,5808.25,5920.05,97418022
2022-09-28,5910.05,5910.05,5769.52,5769.52,93694853
2022-09-29,5823.27,5856.16,5741.02,5771.88,95385798
2022-09-30,5764.15,5804.2,5714.06,5714.06,85545168
2022-10-10,5729.75,5758.04,5618.8,5635.71,97469345
2022-10-11,5642.48,5703.27,5606.99,5684.51,86571469
2022-10-12,5680.36,5820.45,5594.3,5820.45,106101757
2022-10-13,5789.66,5876.48,5780.18,5830.34,105722268
2022-10-14,5866.86,5996.04,5866.86,5973.44,118212245
2022-10-17,5952.38,6023.53,5945.43,6015.6,111461869
2022-10-18,6031.05,6074.37,5996.39,6035.67,105750195
2022-10-19,6021.8,6037.44,5970.44,5972.72,93881065
2022-10-20,5943.48,6035.55,5886.4,5948.86,103388245
2022-10-21,5959.21,5993.88,5928.92,5956.88,96826295
2022-10-24,5968.54,6061.21,5857.86,5896.9,119501081
2022-10-25,5864.02,5926.57,5785.41,5869.78,107045854
2022-10-26,5871.08,6016.92,5871.08,5971.6,116530079
2022-10-27,5978.28,6020.89,5962.97,5963.0,117088219
2022-10-28,5922.82,5934.8,5760.05,5781.8,131676332
2022-10-31,5745.08,5859.6,5743.56,5807.11,127016064
2022-11-01,5814.21,5942.14,5786.87,5941.15,136616776
2022-11-02,5925.65,6028.77,5916.06,5997.8,142330286
2022-11-03,5944.51,6018.42,5937.61,5996.72,106386906
2022-11-04,5996.31,6157.43,5996.31,6133.46,138707111
2022-11-07,6133.24,6166.19,6100.61,6141.41,138092409
2022-11-08,6139.89,6141.02,6095.44,6134.26,108267531
2022-11-09,6140.54,6182.34,6118.73,6120.83,104762250
2022-11-10,6085.28,6119.03,6061.81,6089.7,116401928
2022-11-11,6223.23,6249.35,6134.68,6138.62,176492121
2022-11-14,6140.19,6189.38,6104.93,6129.51,159486725
2022-11-15,6125.11,6236.38,6112.62,6236.38,149860965
2022-11-16,6238.58,6263.16,6190.01,6203.92,129770376
2022-11-17,6182.69,6217.21,6148.61,6217.21,123430196
2022-11-18,6213.09,6251.11,6181.55,6191.65,131181093
2022-11-21,6147.72,6196.65,6116.3,6189.71,112854387
2022-11-22,6178.16,6196.2,6100.11,6125.4,116086024
2022-11-23,6114.27,6140.11,6045.02,6115.6,115193517
2022-11-24,6126.6,6149.96,6099.75,6120.07,100200699
2022-11-25,6095.13,6107.07,6062.0,6087.86,107742345
2022-11-28,5999.85,6059.02,5970.09,6055.28,117940107
2022-11-29,6071.45,6173.85,6071.22,6163.82,155324471
2022-11-30,6156.77,6175.68,6118.9,6156.15,154647972
2022-12-01,6211.29,6229.83,6186.1,6186.1,152523325
2022-12-02,6177.92,6206.99,6154.21,6168.01,115500975
2022-12-05,6201.98,6227.21,6182.98,6215.12,170477211
2022-12-06,6202.52,6244.64,6185.49,6211.25,149372815
2022-12-07,6198.05,6243.9,6183.33,6204.01,137821246
2022-12-08,6199.16,6206.14,6168.78,6186.28,131051325
2022-12-09,6185.79,6213.52,6159.5,6192.3,167806825
2022-12-12,6181.24,6182.08,6146.25,6154.81,134098310
2022-12-13,6153.74,6154.3,6113.41,6121.66,104857515
2022-12-14,6122.43,6139.74,6084.08,6096.39,95089916
2022-12-15,6090.12,6108.96,6078.0,6101.88,88190454
2022-12-16,6071.96,6087.46,6036.05,6072.86,93910672
2022-12-19,6058.89,6081.44,5911.88,5936.48,105106201
2022-12-20,5919.03,5920.99,5857.86,5878.03,78623273
2022-12-21,5879.27,5892.91,5819.67,5845.84,69783431
2022-12-22,5867.72,5875.47,5761.98,5779.06,82231873
2022-12-23,5751.95,5805.51,5732.47,5763.35,66556865
2022-12-26,5769.07,5850.91,5769.07,5843.26,75424133
2022-12-27,5857.75,5891.35,5832.27,5885.66,81780423
2022-12-28,5869.46,5889.32,5848.24,5862.1,90098898
2022-12-29,5843.94,5895.98,5835.33,5857.4,79510794
2022-12-30,5875.28,5885.89,5848.95,5864.47,75345032
2023-01-03,5861.55,5964.82,5848.15,5955.9,99557837
2023-01-04,5952.51,5970.58,5922.86,5952.45,97160441
2023-01-05,5959.44,6017.34,5950.09,6010.46,96629979
2023-01-06,6004.17,6050.89,5998.83,6012.82,99244877
2023-01-09,6028.4,6070.16,6023.64,6040.02,100696829
2023-01-10,6044.64,6053.58,6017.15,6048.3,96393351
2023-01-11,6049.04,6070.45,6004.22,6014.16,94406389
2023-01-12,6022.56,6048.19,5995.91,6015.29,92900124
2023-01-13,6030.93,6058.22,6015.22,6057.69,90025020
2023-01-16,6068.91,6168.74,6068.14,6126.18,129619730
2023-01-17,6129.73,6138.17,6107.76,6132.64,95921699
2023-01-18,6139.69,6168.37,6136.97,6151.46,94555836
2023-01-19,6145.62,6204.33,6130.42,6204.33,99777793
2023-01-20,6214.03,6253.27,6214.03,6251.43,113904542
2023-01-30,6331.88,6342.45,6279.45,6283.33,146517920
2023-01-31,6266.3,6303.91,6259.53,6289.15,135302093
2023-02-01,6300.5,6368.79,6293.49,6365.91,152442220
2023-02-02,6383.3,6402.26,6347.73,6370.14,149292811
2023-02-03,6354.71,6354.71,6267.44,6343.69,121507182
2023-02-06,6314.6,6330.79,6274.54,6302.33,108485308
2023-02-07,6309.22,6318.84,6273.6,6317.24,109662683
2023-02-08,6319.52,6323.85,6263.76,6268.28,105994895
2023-02-09,6256.31,6354.8,6250.45,6354.56,109031119
2023-02-10,6349.0,6368.49,6296.55,6334.25,120100829
2023-02-13,6333.22,6386.72,6331.37,6383.83,131566227
2023-02-14,6394.62,6408.55,6369.57,6397.21,124674389
2023-02-15,6398.87,6407.75,6365.31,6384.35,115907022
2023-02-16,6384.21,6429.05,6244.48,6289.48,168388416
2023-02-17,6284.92,6308.57,6237.41,6237.41,117210985
2023-02-20,6248.26,6349.41,6227.35,6346.07,140334075
2023-02-21,6349.91,6396.74,6337.6,6383.42,141824714
2023-02-22,6352.03,6397.15,6344.99,6375.07,109083029
2023-02-23,6377.29,6396.66,6328.64,6360.32,116064654
2023-02-24,6367.63,6372.49,6308.22,6340.84,96957281
2023-02-27,6318.64,6349.09,6288.3,6307.21,101082738
2023-02-28,6323.84,6357.54,6293.18,6357.54,96603163
2023-03-01,6356.5,6410.52,6340.0,6402.14,123907639
2023-03-02,6398.26,6410.23,6375.01,6382.23,125349297
2023-03-03,6384.06,6398.47,6346.96,6390.32,123234775
2023-03-06,6398.1,6405.82,6362.47,6395.22,126845634
2023-03-07,6389.81,6396.54,6284.22,6284.3,137928869
2023-03-08,6264.43,6303.71,6258.32,6301.52,98698357
2023-03-09,6311.04,6311.34,6258.45,6285.95,92688914
2023-03-10,6251.56,6261.33,6202.61,6204.9,108052290
2023-03-13,6189.98,6245.0,6178.67,6245.0,108006552
2023-03-14,6237.73,6243.42,6127.69,6189.4,121200145
2023-03-15,6210.93,6254.49,6210.93,6224.64,112948528
2023-03-16,6191.3,6209.97,6133.83,6140.83,127632685
2023-03-17,6174.19,6233.75,6169.84,6183.18,137108334
2023-03-20,6195.35,6201.97,6152.81,6160.35,145580891
2023-03-21,6171.89,6235.01,6171.28,6234.68,123025331
2023-03-22,6244.36,6271.52,6242.16,6269.74,128266386
2023-03-23,6253.58,6305.76,6245.98,6305.76,129179648
2023-03-24,6312.43,6315.68,6279.54,6310.1,141020989
2023-03-27,6304.48,6320.66,6265.01,6311.6,144664863
2023-03-28,6314.58,6331.56,6272.72,6279.92,139156104
2023-03-29,6285.95,6294.3,6239.94,6260.55,131548284
2023-03-30,6257.64,6287.44,6213.97,6286.18,123218599
2023-03-31,6284.85,6343.23,6282.14,6339.82,129489835
2023-04-03,6346.69,6419.87,6346.69,6413.81,163921048
2023-04-04,6414.82,6423.31,6377.53,6408.9,157491755
2023-04-06,6387.23,6428.72,6382.03,6416.85,144064448
2023-04-07,6418.26,6470.09,6416.68,6464.47,127964625
2023-04-10,6474.94,6476.22,6395.37,6410.52,145134187
2023-04-11,6405.63,6421.49,6381.06,6420.88,142399109
2023-04-12,6415.7,6450.35,6407.2,6443.44,149447956
2023-04-13,6438.16,6451.79,6396.02,6404.65,156199573
2023-04-14,6420.31,6444.89,6390.92,6431.07,145300668
2023-04-17,6422.87,6459.24,6421.39,6459.24,168823079
2023-04-18,6448.76,6462.25,6422.05,6449.85,143471341
2023-04-19,6444.87,6456.15,6404.99,6416.97,148699774
2023-04-20,6408.81,6413.08,6376.35,6411.76,150501294
2023-04-21,6411.51,6411.51,6250.54,6250.54,162313297
2023-04-24,6250.96,6260.54,6184.71,6208.78,147694845
2023-04-25,6205.62,6208.4,6042.64,6118.15,162459277
2023-04-26,6095.13,6178.17,6093.2,6142.15,152166354
2023-04-27,6127.64,6190.25,6121.61,6157.94,143136116
2023-04-28,6151.64,6245.55,6151.64,6241.24,167876482
2023-05-04,6223.23,6264.52,6218.78,6262.39,202487970
2023-05-05,6255.7,6256.23,6172.69,6200.58,178261017
2023-05-08,6202.68,6259.69,6200.15,6248.58,202718255
2023-05-09,6242.66,6274.9,6177.65,6181.98,224389467
2023-05-10,6167.13,6199.16,6137.15,6173.81,175453727
2023-05-11,6185.67,6190.39,6151.07,6154.47,146064946
2023-05-12,6138.94,6173.91,6088.22,6091.65,140410664
2023-05-15,6094.68,6159.39,6036.81,6159.39,149843583
2023-05-16,6159.17,6159.17,6095.69,6110.83,121841116
2023-05-17,6097.98,6137.02,6090.88,6122.05,107266349
2023-05-18,6132.52,6153.99,6101.24,6128.18,122942111
2023-05-19,6116.84,6149.14,6085.04,6117.08,119304896
2023-05-22,6111.84,6136.86,6086.23,6115.32,112715682
2023-05-23,6114.21,6117.36,6052.43,6052.43,111104244
2023-05-24,6032.69,6058.39,5988.03,6005.79,107223414
2023-05-25,6000.22,6028.64,5926.2,5988.19,109922832
2023-05-26,5983.14,6045.13,5953.88,6034.98,106381588
2023-05-29,6046.54,6058.92,6012.4,6025.16,125139417
2023-05-30,6008.46,6061.31,5960.34,6061.31,127312017
2023-05-31,6044.02,6063.19,6009.25,6047.8,117476106
2023-06-01,6028.8,6094.24,6008.27,6051.46,126250315
2023-06-02,6061.91,6115.07,6061.91,6105.22,122306738
2023-06-05,6102.13,6107.12,6075.59,6097.11,115747953
2023-06-06,6088.66,6089.07,5969.29,5983.42,123045387
2023-06-07,5982.31,6010.03,5969.16,5987.01,93597892
2023-06-08,5971.72,5992.97,5922.39,5966.15,108981632
2023-06-09,5968.7,6017.28,5960.11,6009.58,127553432
2023-06-12,5999.62,6045.66,5987.27,6027.71,113612471
2023-06-13,6016.69,6047.06,6014.06,6044.04,98680298
2023-06-14,6046.44,6064.29,6034.47,6044.08,109689021
2023-06-15,6049.47,6100.23,6046.16,6096.81,118417734
2023-06-16,6094.84,6154.93,6091.18,6148.01,115349568
2023-06-19,6148.85,6148.85,6126.39,6131.38,113787209
2023-06-20,6122.74,6144.01,6100.14,6126.11,106630832
2023-06-21,6104.25,6104.25,5990.79,5990.85,106447766
2023-06-26,5947.57,5970.61,5875.94,5887.03,111081791
2023-06-27,5897.69,5956.18,5884.95,5948.0,93039155
2023-06-28,5945.64,5951.13,5857.13,5942.31,93944302
2023-06-29,5928.71,5964.86,5924.28,5940.58,88376857
2023-06-30,5931.87,6016.45,5927.94,5998.73,94504668
2023-07-03,6009.27,6056.16,5997.85,6042.31,113075905
2023-07-04,6042.72,6059.57,6027.29,6055.26,105583765
2023-07-05,6050.35,6059.38,6011.87,6020.82,104129041
2023-07-06,6010.66,6042.29,5983.48,5988.55,93965038
2023-07-07,5973.98,5994.28,5936.23,5961.61,94118346
2023-07-10,5980.61,6003.4,5958.73,5984.28,85168564
2023-07-11,5991.02,6029.23,5972.14,6029.23,84531897
2023-07-12,6030.64,6033.58,5960.43,5962.79,96692241
2023-07-13,5986.25,6049.06,5986.25,6044.06,99656398
2023-07-14,6052.95,6055.53,6026.33,6030.52,94963197
2023-07-17,6012.76,6018.07,5985.44,6012.69,88420212
2023-07-18,6015.98,6027.61,5984.06,6001.8,87719910
2023-07-19,5998.38,6017.45,5962.99,5993.41,77791034
2023-07-20,5996.84,6009.43,5920.15,5925.48,91195368
2023-07-21,5914.35,5961.05,5904.79,5925.63,81975307
2023-07-24,5913.57,5954.24,5896.45,5916.71,75928001
2023-07-25,5976.97,6016.75,5971.73,6016.63,131896392
2023-07-26,6014.76,6015.58,5984.39,6001.54,121825219
2023-07-27,5998.85,6017.67,5952.89,5961.18,123000825
2023-07-28,5945.91,6049.76,5932.06,6043.24,163171871
2023-07-31,6059.11,6133.72,6059.11,6088.24,186551103
2023-08-01,6086.9,6113.98,6077.11,6098.88,187588600
2023-08-02,6088.14,6111.24,6059.87,6077.46,147154529
2023-08-03,6062.64,6101.81,6047.68,6098.69,146479011
2023-08-04,6126.15,6164.16,6105.64,6128.56,196943501
2023-08-07,6115.84,6117.92,6072.54,6090.73,145319137
2023-08-08,6077.3,6088.1,6044.24,6066.1,121545728
2023-08-09,6049.45,6062.02,6012.25,6021.75,98809174
2023-08-10,6013.35,6040.46,5999.56,6031.71,99842638
2023-08-11,6030.05,6030.05,5913.35,5913.35,113072007
2023-08-14,5864.48,5919.8,5833.46,5916.8,103675706
2023-08-15,5919.77,5926.42,5830.97,5879.78,92417381
2023-08-16,5858.6,5891.81,5833.22,5833.22,104950425
2023-08-17,5808.91,5882.15,5778.53,5874.36,113576384
2023-08-18,5875.11,5891.4,5777.8,5777.8,102931845
2023-08-21,5764.67,5802.51,5710.78,5710.78,92835698
2023-08-22,5733.25,5754.57,5646.51,5741.06,106175193
2023-08-23,5732.39,5732.39,5629.5,5629.5,94186725
2023-08-24,5650.36,5701.32,5619.33,5652.67,108086771
2023-08-25,5624.77,5648.62,5560.22,5581.21,106241602
2023-08-28,5885.88,5887.51,5631.69,5644.14,185745619
2023-08-29,5631.01,5789.96,5626.52,5770.32,160851895
2023-08-30,5780.28,5817.73,5753.22,5775.15,136004384
2023-08-31,5770.95,5777.42,5728.47,5739.4,116335134
2023-09-01,5746.41,5775.18,5732.97,5750.8,104179103
2023-09-04,5772.03,5829.78,5758.03,5829.78,135648873
2023-09-05,5819.97,5822.06,5779.37,5788.71,106517658
2023-09-06,5771.85,5800.96,5748.65,5790.38,90480502
2023-09-07,5782.07,5782.07,5701.8,5702.7,92920518
2023-09-08,5684.66,5732.37,5683.4,5708.62,79520028
2023-09-11,5723.02,5802.21,5704.7,5774.73,112837137
2023-09-12,5774.47,5793.83,5763.3,5770.93,86041207
2023-09-13,5764.82,5770.41,5681.5,5715.4,91472473
2023-09-14,5714.67,5721.21,5679.2,5702.1,90247792
2023-09-15,5716.29,5741.07,5680.9,5704.66,98375964
2023-09-18,5685.85,5734.19,5665.58,5719.69,92305722
2023-09-19,5713.49,5713.6,5670.42,5687.9,85112102
2023-09-20,5677.92,5689.83,5651.01,5651.01,77634158
2023-09-21,5638.44,5666.7,5609.21,5611.92,81931509
2023-09-22,5606.83,5700.32,5603.81,5698.82,104118982
2023-09-25,5694.9,5699.15,5659.32,5666.66,93340719
2023-09-26,5661.03,5682.28,5646.65,5646.65,74309615
2023-09-27,5642.39,5701.51,5641.85,5674.35,81086240
2023-09-28,5687.64,5704.62,5677.53,5690.77,79477338
2023-10-09,5679.64,5680.95,5634.35,5658.08,90029836
2023-10-10,5665.66,5678.46,5627.41,5630.37,87726425
2023-10-11,5639.07,5674.25,5617.87,5629.79,90644826
2023-10-12,5655.61,5677.82,5642.49,5671.64,100502986
2023-10-13,5645.44,5646.07,5616.85,5633.38,89391702
2023-10-16,5633.3,5636.32,5559.42,5580.67,89867550
2023-10-17,5585.14,5599.42,5556.57,5595.34,92516737
2023-10-18,5586.02,5586.02,5519.46,5524.6,98953562
2023-10-19,5496.76,5529.87,5463.65,5464.03,108078335
2023-10-20,5443.46,5473.21,5413.02,5423.67,94936115
2023-10-23,5400.54,5400.79,5269.83,5290.33,103083126
2023-10-24,5311.67,5363.2,5290.5,5352.01,114745729
2023-10-25,5386.43,5423.01,5376.0,5376.0,114921244
2023-10-26,5351.16,5404.99,5337.49,5398.93,102485044
2023-10-27,5387.27,5514.31,5380.94,5492.03,112542804
2023-10-30,5484.62,5559.78,5483.16,5546.39,123034185
2023-10-31,5547.32,5554.19,5505.93,5528.24,105679375
2023-11-01,5534.89,5534.94,5496.83,5509.97,87185785
2023-11-02,5514.52,5532.85,5457.75,5459.45,90202645
2023-11-03,5462.14,5537.73,5462.14,5510.36,97990576
2023-11-06,5549.29,5609.26,5549.29,5605.06,139241046
2023-11-07,5594.47,5631.1,5578.51,5611.1,120579321
2023-11-08,5602.97,5633.97,5577.39,5608.02,122994558
2023-11-09,5602.49,5638.08,5582.12,5592.06,106362800
2023-11-10,5577.34,5585.21,5550.82,5573.1,94324024
2023-11-13,5589.06,5605.57,5565.09,5605.57,102158932
2023-11-14,5602.98,5639.19,5600.78,5630.55,101073136
2023-11-15,5677.55,5684.75,5649.72,5664.62,113087937
2023-11-16,5647.06,5652.4,5609.36,5609.36,94662677
2023-11-17,5598.95,5632.39,5593.49,5631.42,89422342
2023-11-20,5635.59,5669.38,5609.27,5659.77,103105072
2023-11-21,5669.17,5696.09,5634.27,5641.08,114861205
2023-11-22,5622.86,5639.0,5572.9,5572.9,104718408
2023-11-23,5566.73,5627.79,5548.97,5622.99,98042432
2023-11-24,5619.32,5619.32,5556.71,5570.42,101248044
2023-11-27,5562.75,5579.72,5531.65,5566.51,98218653
2023-11-28,5561.58,5594.72,5529.54,5591.5,89373272
2023-11-29,5588.77,5593.37,5547.84,5553.33,89509151
2023-11-30,5548.52,5560.33,5509.96,5545.05,87841505
2023-12-01,5541.23,5576.73,5521.06,5566.87,93371708
2023-12-04,5578.42,5590.84,5559.07,5559.07,99306543
2023-12-05,5542.87,5542.87,5460.41,5460.41,91298248
2023-12-06,5448.46,5513.09,5443.07,5481.82,88373997
2023-12-07,5475.27,5501.48,5443.29,5481.14,89048687
2023-12-08,5484.68,5522.06,5477.53,5497.99,118123774
2023-12-11,5473.65,5574.12,5429.44,5564.85,118605911
2023-12-12,5560.44,5576.01,5545.16,5566.18,84232331
2023-12-13,5557.05,5558.06,5507.51,5507.51,75929894
2023-12-14,5532.99,5557.37,5487.75,5489.33,74118097
2023-12-15,5499.37,5516.22,5438.53,5449.79,80125418
2023-12-18,5436.99,5448.08,5374.59,5385.27,78022493
2023-12-19,5380.73,5406.96,5344.03,5379.87,70323722
2023-12-20,5386.0,5388.46,5308.57,5309.29,75387097
2023-12-21,5286.45,5352.5,5253.32,5338.76,81522318
2023-12-22,5337.38,5366.23,5293.22,5311.69,90387004
2023-12-25,5301.57,5339.66,5288.47,5315.37,65918772
2023-12-26,5312.8,5313.92,5238.04,5258.28,67532007
2023-12-27,5261.57,5293.8,5235.46,5285.53,75397918
2023-12-28,5280.69,5400.24,5275.4,5382.8,107699239
2023-12-29,5376.98,5437.15,5374.69,5429.23,90931766
2024-01-02,5431.48,5439.48,5409.46,5409.46,92964747
2024-01-03,5398.29,5428.52,5373.83,5401.4,86705229
2024-01-04,5395.14,5395.14,5331.89,5355.32,78846568
2024-01-05,5347.07,5373.68,5260.59,5281.87,89538884
2024-01-08,5268.23,5268.98,5167.7,5167.7,83785155
2024-01-09,5176.11,5220.46,5153.0,5180.65,78740418
2024-01-10,5167.73,5211.82,5118.43,5158.08,71173946
2024-01-11,5152.36,5243.14,5146.9,5223.86,85041295
2024-01-12,5213.14,5262.62,5206.16,5206.18,76619831
2024-01-15,5189.53,5238.96,5171.24,5193.3,73925097
2024-01-16,5188.37,5210.08,5124.08,5190.4,83070371
2024-01-17,5180.93,5180.93,5061.54,5061.54,78741849
2024-01-18,5033.1,5069.23,4924.68,5066.96,118751055
2024-01-19,5056.48,5084.29,5014.77,5018.43,78467383
2024-01-22,5008.68,5008.77,4753.63,4780.97,109708492
2024-01-23,4771.5,4889.42,4727.88,4865.74,99944718
2024-01-24,4886.2,4941.44,4766.8,4933.7,114025805
2024-01-25,4931.63,5074.49,4910.96,5073.18,132307766
2024-01-26,5055.29,5086.13,5009.97,5027.09,117009836
2024-01-29,5032.11,5050.11,4927.91,4927.91,116876657
2024-01-30,4898.36,4939.35,4810.1,4814.99,99675811
2024-01-31,4786.81,4832.4,4690.94,4696.98,121093158
2024-02-01,4667.91,4771.05,4629.99,4678.73,111471910
2024-02-02,4686.1,4724.05,4435.56,4563.22,137501832
2024-02-05,4527.71,4598.06,4281.24,4460.26,165958337
2024-02-06,4411.3,4817.12,4405.31,4805.9,173058335
2024-02-07,4813.95,5110.8,4813.23,5109.57,227198934
2024-02-08,5131.8,5367.22,5129.78,5150.23,213676123
2024-02-19,5225.14,5225.14,5074.76,5141.6,162949893
2024-02-20,5107.57,5151.72,5072.88,5140.96,121646379
2024-02-21,5101.41,5252.88,5074.82,5139.04,150872501
2024-02-22,5133.55,5184.62,5117.68,5176.34,116614806
2024-02-23,5190.65,5197.71,5118.57,5197.71,135265004
2024-02-26,5194.74,5255.36,5162.95,5195.46,144018944
2024-02-27,5174.82,5307.8,5160.88,5307.8,138971751
2024-02-28,5311.43,5383.32,5184.05,5184.05,202560985
2024-02-29,5154.15,5349.77,5154.15,5346.79,160790165
2024-03-01,5350.86,5387.78,5321.56,5379.05,142298395
2024-03-04,5386.94,5400.12,5325.96,5388.82,143928469
2024-03-05,5358.22,5382.98,5329.97,5351.83,140816479
2024-03-06,5332.83,5405.49,5293.95,5350.1,121099564
2024-03-07,5354.33,5384.66,5277.3,5277.3,139831342
2024-03-08,5282.41,5361.71,5268.53,5349.6,121467978
2024-03-11,5342.18,5443.04,5339.26,5441.05,142981732
2024-03-12,5445.88,5473.29,5385.14,5423.72,147072536
2024-03-13,5430.04,5459.32,5389.53,5415.11,129746301
2024-03-14,5415.15,5447.54,5352.12,5392.93,131887357
2024-03-15,5380.02,5456.73,5357.18,5454.15,136405030
2024-03-18,5472.31,5528.45,5459.55,5528.45,159862638
2024-03-19,5514.55,5533.64,5477.12,5478.22,146777240
2024-03-20,5469.61,5499.24,5455.76,5493.41,126273262
2024-03-21,5505.7,5517.46,5454.23,5465.83,129489458
2024-03-22,5454.41,5463.54,5356.11,5384.57,137096029
2024-03-25,5369.78,5401.6,5292.64,5294.75,130778254
2024-03-26,5291.52,5318.88,5237.9,5284.42,116468112
2024-03-27,5280.73,5282.7,5156.68,5156.68,110107142
2024-03-28,5156.48,5276.64,5156.48,5223.81,116318192
2024-03-29,5220.55,5287.04,5211.19,5286.16,109047149
2024-04-01,5309.83,5401.78,5309.83,5401.22,136734854
2024-04-02,5395.48,5402.16,5353.31,5381.23,132148642
2024-04-03,5373.5,5386.34,5350.16,5374.6,133628053
2024-04-08,5358.96,5383.66,5297.56,5298.59,148588559
2024-04-09,5294.47,5342.9,5284.96,5342.9,113300745
2024-04-10,5335.73,5335.73,5242.86,5275.47,117908618
2024-04-11,5244.05,5353.81,5240.51,5301.81,127745143
2024-04-12,5307.72,5336.45,5270.46,5277.22,118524933
2024-04-15,5270.04,5376.05,5219.43,5339.72,159217624
2024-04-16,5309.1,5346.76,5184.65,5191.55,162583973
2024-04-17,5211.25,5339.75,5211.25,5339.75,147594552
2024-04-18,5317.8,5410.7,5299.23,5349.84,153497682
2024-04-19,5322.36,5369.95,5292.02,5314.87,142134216
2024-04-22,5289.41,5340.63,5264.19,5267.58,135266882
2024-04-23,5257.77,5280.06,5196.96,5208.27,125801120
2024-04-24,5210.18,5263.04,5183.7,5263.04,117297220
2024-04-25,5240.48,5297.16,5229.82,5259.34,110833929
2024-04-26,5258.38,5379.67,5258.38,5372.12,173777701
2024-04-29,5371.21,5488.28,5371.21,5478.49,190936055
2024-04-30,5471.17,5478.04,5436.58,5441.14,162797344
2024-05-06,5498.44,5535.95,5496.91,5528.6,165791626
2024-05-07,5532.32,5543.13,5507.5,5527.08,136535402
2024-05-08,5516.45,5516.45,5454.87,5458.76,123955621
2024-05-09,5461.36,5568.73,5461.36,5556.77,131121230
2024-05-10,5562.19,5570.57,5497.5,5535.4,128688030
2024-05-13,5503.13,5527.2,5462.51,5505.26,131627588
2024-05-14,5508.47,5538.74,5484.96,5500.74,118994399
2024-05-15,5495.56,5497.08,5441.35,5446.66,110124989
2024-05-16,5461.11,5475.37,5408.13,5424.67,122108119
2024-05-17,5418.66,5493.2,5409.7,5491.89,126916168
2024-05-20,5496.79,5536.66,5484.36,5523.5,144971448
2024-05-21,5511.48,5513.42,5460.98,5478.91,108691192
2024-05-22,5472.01,5486.3,5455.08,5468.61,113057782
2024-05-23,5448.94,5448.94,5352.39,5362.31,126657569
2024-05-24,5348.51,5400.16,5311.49,5313.45,106564175
2024-05-27,5325.85,5373.11,5284.51,5371.37,115643229
2024-05-28,5363.33,5365.47,5310.32,5316.13,110965373
2024-05-29,5308.59,5361.74,5305.96,5328.31,104361267
2024-05-30,5316.4,5349.69,5296.49,5308.66,107350187
2024-05-31,5310.72,5357.02,5308.54,5308.54,104151147
2024-06-03,5300.79,5316.34,5232.69,5274.07,126968515
2024-06-04,5263.23,5352.28,5247.58,5341.95,108083144
2024-06-05,5328.87,5347.43,5277.94,5277.94,105792757
2024-06-06,5291.52,5305.88,5213.66,5228.8,133368231
2024-06-07,5247.15,5258.82,5172.05,5208.98,113527478
2024-06-11,5182.41,5232.85,5159.33,5217.47,116437116
2024-06-12,5209.13,5245.99,5205.57,5232.95,103065569
2024-06-13,5231.91,5233.8,5182.74,5194.59,118232764
2024-06-14,5180.29,5235.88,5163.38,5213.09,133998620
2024-06-17,5189.28,5223.59,5184.6,5207.13,107970664
2024-06-18,5207.98,5243.59,5204.97,5230.89,94090903
2024-06-19,5235.48,5236.3,5168.82,5168.82,87849590
2024-06-20,5162.16,5184.75,5092.29,5094.57,95609003
2024-06-21,5079.92,5128.14,5071.65,5102.33,83838907
2024-06-24,5072.8,5078.96,4986.77,4992.91,100186646
2024-06-25,4989.07,5007.34,4918.04,4948.63,91636779
2024-06-26,4942.17,5024.77,4915.66,5020.43,93394621
2024-06-27,4998.99,5000.18,4925.16,4928.05,88537187
2024-06-28,4914.67,5003.41,4914.55,4942.78,106308342
2024-07-01,4943.79,5017.61,4929.09,5003.16,97312793
2024-07-02,5000.58,5002.74,4934.12,4949.48,96209334
2024-07-03,4945.4,4950.51,4905.39,4910.92,84528331
2024-07-04,4917.44,4935.61,4827.34,4834.5,91008466
2024-07-05,4828.86,4877.93,4794.13,4866.26,83133279
2024-07-08,4857.02,4857.27,4768.56,4783.62,90254500
2024-07-09,4775.31,4888.48,4745.32,4876.9,111401968
2024-07-10,4857.48,4891.37,4836.17,4844.16,100953186
2024-07-11,4902.81,4941.7,4871.17,4939.73,115275494
2024-07-12,4926.98,4937.35,4905.8,4919.36,97175106
2024-07-15,4903.52,4903.52,4868.74,4883.9,86824312
2024-07-16,4877.6,4907.83,4850.43,4898.36,87267978
2024-07-17,4893.41,4900.36,4853.6,4856.58,96909547
2024-07-18,4822.13,4879.69,4793.43,4877.69,96654750
2024-07-19,4853.04,4900.38,4842.93,4872.05,93290746
2024-07-22,4872.64,4885.36,4839.11,4865.98,92710458
2024-07-23,4862.97,4862.97,4722.8,4722.8,102403712
2024-07-24,4712.29,4738.76,4661.83,4668.06,112674635
2024-07-25,4644.42,4710.46,4635.24,4665.45,88600074
2024-07-26,4670.45,4744.45,4670.45,4736.38,86472049
2024-07-29,4740.5,4742.15,4702.98,4708.84,81102039
2024-07-30,4694.52,4712.04,4650.56,4699.28,83353382
2024-07-31,4694.73,4887.92,4687.05,4886.41,143180919
2024-08-01,4893.87,4928.24,4834.65,4852.97,113213393
2024-08-02,4816.94,4874.71,4783.12,4788.62,98529844
2024-08-05,4756.08,4846.54,4693.82,4693.85,113338148
2024-08-06,4740.45,4774.93,4699.18,4750.78,107774770
2024-08-07,4747.98,4783.42,4719.94,4751.94,96989481
2024-08-08,4737.09,4791.66,4701.79,4755.81,104309253
2024-08-09,4778.26,4805.1,4720.31,4720.31,108819586
2024-08-12,4716.96,4737.19,4696.05,4714.16,89100832
2024-08-13,4713.96,4731.84,4680.59,4731.84,81365173
2024-08-14,4729.81,4730.24,4667.07,4667.07,74588030
2024-08-15,4656.7,4746.41,4647.79,4698.38,90973293
2024-08-16,4703.6,4708.02,4662.11,4670.38,87379580
2024-08-19,4666.33,4729.87,4666.26,4682.96,87136867
2024-08-20,4684.29,4686.36,4590.39,4602.01,91846146
2024-08-21,4589.09,4610.87,4582.27,4587.12,83526910
2024-08-22,4589.5,4595.05,4526.25,4533.37,85856868
2024-08-23,4523.99,4549.3,4513.2,4537.09,75778364
2024-08-26,4542.86,4558.59,4523.73,4544.36,87118296
2024-08-27,4532.49,4532.49,4487.09,4495.29,82529205
2024-08-28,4486.43,4527.77,4482.03,4500.01,82681199
2024-08-29,4483.55,4577.79,4475.22,4557.9,103115562
2024-08-30,4557.5,4704.34,4548.38,4639.11,151593361
2024-09-02,4631.9,4632.31,4546.84,4546.88,126368517
2024-09-03,4543.22,4612.28,4543.22,4596.48,98589686
2024-09-04,4567.69,4623.38,4552.3,4582.08,92435685
2024-09-05,4585.17,4630.64,4582.05,4601.09,80583723
2024-09-06,4609.34,4613.31,4535.35,4537.45,90147596
2024-09-09,4517.57,4541.79,4487.84,4507.19,91944608
2024-09-10,4509.32,4528.67,4432.91,4507.71,98529542
2024-09-11,4490.19,4529.35,4479.03,4514.92,85206842
2024-09-12,4518.99,4568.75,4496.59,4496.59,86654304
2024-09-13,4500.39,4509.07,4450.96,4450.96,92533757
2024-09-18,4450.09,4474.72,4397.16,4462.87,90989683
2024-09-19,4481.46,4565.39,4437.54,4520.39,115611868
2024-09-20,4514.96,4515.81,4471.94,4498.39,94312044
2024-09-23,4495.78,4545.54,4483.13,4494.69,89935227
2024-09-24,4524.22,4690.57,4503.12,4689.6,177144703
2024-09-25,4743.63,4847.2,4724.43,4731.48,204593519
2024-09-26,4726.0,4938.18,4719.35,4938.18,229930323
2024-09-27,5027.26,5227.96,5021.51,5201.67,230177508
2024-09-30,5449.79,5757.92,5387.34,5743.22,388703200
2024-10-08,6417.81,6417.81,5868.85,6155.58,493546420
2024-10-09,6013.7,6088.08,5704.48,5735.64,431156416
2024-10-10,5768.61,5875.94,5597.48,5690.88,353480245
2024-10-11,5650.05,5652.85,5408.87,5470.81,244383373
2024-10-14,5503.65,5623.97,5408.39,5608.15,250608541
2024-10-15,5578.26,5661.07,5471.88,5472.56,238997019
2024-10-16,5393.67,5546.18,5393.67,5461.09,205450926
2024-10-17,5499.77,5541.03,5417.88,5418.99,202768685
2024-10-18,5416.03,5774.14,5404.2,5640.02,287114219
2024-10-21,5680.56,5797.88,5631.23,5704.23,266885186
2024-10-22,5703.32,5779.3,5673.79,5753.85,237023624
2024-10-23,5745.11,5853.46,5727.77,5776.38,273412640
2024-10-24,5747.56,5759.87,5694.78,5726.7,207690046
2024-10-25,5735.29,5855.26,5729.44,5809.69,236725708
2024-10-28,5816.33,5883.72,5787.48,5883.72,270653787
2024-10-29,5903.31,5917.21,5807.29,5812.53,275371143
2024-10-30,5793.83,5869.11,5777.43,5837.93,252021275
2024-10-31,5839.98,5935.18,5812.03,5901.29,313549202
2024-11-01,5893.32,5934.2,5795.08,5831.82,369840641
2024-11-04,5835.39,5928.91,5835.39,5928.91,286552294
2024-11-05,5925.87,6119.25,5910.89,6111.97,366344492
2024-11-06,6134.92,6204.53,6081.81,6125.79,415187737
2024-11-07,6061.73,6240.76,6049.59,6239.56,418413323
2024-11-08,6306.8,6333.68,6206.29,6222.45,385648347
2024-11-11,6211.03,6330.8,6199.06,6330.62,334096921
2024-11-12,6349.23,6382.98,6205.1,6263.88,332856919
2024-11-13,6234.16,6282.28,6162.9,6259.84,260400673
2024-11-14,6240.61,6240.61,6068.66,6078.31,239743138
2024-11-15,6055.54,6093.42,5924.35,5924.48,236226042
2024-11-18,5940.49,5977.49,5799.91,5833.04,282527224
2024-11-19,5836.61,5936.93,5776.2,5936.6,241404215
2024-11-20,5920.32,6015.23,5909.11,5992.39,217345224
2024-11-21,5973.15,6009.63,5937.81,5985.31,206198941
2024-11-22,5969.08,5983.34,5750.25,5750.25,225066737
2024-11-25,5754.55,5774.82,5662.09,5735.65,186005060
2024-11-26,5727.37,5773.36,5688.58,5690.48,147562865
2024-11-27,5669.55,5805.64,5604.0,5804.94,175313302
2024-11-28,5802.8,5826.49,5749.29,5757.6,172183537
2024-11-29,5748.17,5899.87,5736.41,5851.94,204255544
2024-12-02,5853.71,5956.6,5848.42,5943.62,236181308
2024-12-03,5946.74,5954.66,5877.8,5932.12,209870509
2024-12-04,5929.48,5940.85,5850.91,5879.27,215991634
2024-12-05,5855.74,5923.62,5853.53,5901.99,198542236
2024-12-06,5903.5,6011.77,5877.04,5979.2,265329536
2024-12-09,5983.33,6004.23,5911.36,5947.11,284462209
2024-12-10,6132.29,6141.07,5982.58,5992.09,320527823
2024-12-11,5973.33,6051.47,5972.27,6047.11,253883941
2024-12-12,6048.78,6107.71,6023.23,6100.39,243653690
2024-12-13,6065.95,6065.95,5988.29,5988.29,286328198
2024-12-16,5983.16,5991.58,5888.04,5912.6,214647441
2024-12-17,5896.97,5924.62,5837.25,5848.16,193108547
2024-12-18,5861.26,5921.98,5853.16,5888.62,187996290
2024-12-19,5829.26,5918.49,5816.47,5901.92,196531194
2024-12-20,5889.95,5962.42,5889.95,5917.18,178090399
2024-12-23,5917.69,5935.15,5815.34,5818.55,177315486
2024-12-24,5827.16,5897.19,5827.16,5895.26,167365824
2024-12-25,5896.43,5897.51,5796.65,5840.29,157279132
2024-12-26,5830.72,5897.48,5830.72,5887.06,145319444
2024-12-27,5892.69,5975.79,5881.72,5899.17,179085498
2024-12-30,5890.46,5928.57,5867.85,5898.88,155565586
2024-12-31,5902.03,5905.46,5725.73,5725.73,182158855
2025-01-02,5717.92,5722.11,5498.82,5545.82,193763157
2025-01-03,5552.75,5581.4,5419.74,5427.8,174077310
2025-01-06,5421.07,5482.63,5384.33,5427.1,146265658
2025-01-07,5429.17,5485.58,5405.13,5484.68,145065278
2025-01-08,5462.32,5501.66,5326.93,5461.59,163849915
2025-01-09,5437.81,5493.68,5436.7,5456.59,129832627
2025-01-10,5449.0,5496.38,5369.28,5369.28,130179553
2025-01-13,5319.7,5422.01,5319.27,5381.7,119682937
2025-01-14,5393.76,5582.84,5378.59,5572.27,172142860
2025-01-15,5559.58,5569.19,5509.58,5522.46,138393243
2025-01-16,5546.7,5633.85,5508.91,5545.63,149318085
2025-01-17,5524.21,5621.94,5519.41,5587.29,126691174
2025-01-20,5621.92,5665.18,5598.16,5614.33,135712507
2025-01-21,5639.6,5642.92,5573.5,5633.92,126491300
2025-01-22,5606.85,5618.58,5567.78,5607.06,115374996
2025-01-23,5659.37,5717.69,5584.25,5584.25,163419987
2025-01-24,5570.48,5660.43,5570.48,5649.95,139438058
2025-01-27,5660.48,5676.03,5589.34,5589.34,136546056
2025-02-05,5643.17,5646.04,5588.56,5614.39,155674141
2025-02-06,5606.87,5749.02,5597.32,5747.9,181428193
2025-02-07,5750.29,5889.43,5741.73,5833.99,232718863
2025-02-10,5858.24,5895.41,5836.17,5888.55,209300905
2025-02-11,5890.37,5890.37,5827.38,5858.28,181920508
2025-02-12,5841.36,5940.54,5841.32,5940.53,195446155
2025-02-13,5938.2,5957.58,5889.7,5898.26,228281839
2025-02-14,5893.93,5954.48,5886.95,5947.8,211914261
2025-02-17,5979.84,5985.36,5906.27,5948.72,233901689
2025-02-18,5935.5,5947.93,5816.05,5840.71,214941482
2025-02-19,5834.95,5945.35,5831.48,5943.88,205298305
2025-02-20,5941.6,5977.73,5920.57,5957.55,198207411
2025-02-21,5969.65,6061.82,5943.19,6057.06,252317128
2025-02-24,6057.38,6079.02,6007.18,6044.97,243813798
2025-02-25,5967.04,6044.76,5956.18,5979.97,206833953
2025-02-26,5990.29,6055.87,5973.86,6051.74,210860898
2025-02-27,6050.19,6064.49,5940.34,6028.99,216652930
2025-02-28,5997.92,6007.47,5847.15,5859.87,205223814
2025-03-03,5875.95,5964.27,5851.56,5885.77,185024581
2025-03-04,5845.47,5943.08,5843.46,5937.63,153922211
2025-03-05,5937.11,5955.9,5892.53,5950.7,163071500
2025-03-06,5980.38,6062.54,5972.6,6047.77,213042852
2025-03-07,6029.38,6067.35,5989.32,6013.77,207437149
2025-03-10,6022.68,6041.52,5971.81,6013.62,173044336
2025-03-11,5944.42,6044.97,5942.91,6044.97,173855643
2025-03-12,6068.38,6098.24,6038.82,6040.5,184763537
2025-03-13,6032.85,6050.18,5947.78,5993.97,193710717
2025-03-14,5993.97,6099.98,5978.53,6099.98,219245834
2025-03-17,6119.61,6129.85,6098.51,6108.02,184317273
2025-03-18,6126.04,6161.23,6114.21,6133.3,166023043
2025-03-19,6117.42,6128.23,6076.56,6101.44,153893780
2025-03-20,6094.84,6109.18,6055.38,6059.49,147187865
2025-03-21,6038.99,6071.08,5951.8,5971.93,174103785
2025-03-24,5973.05,5987.06,5882.88,5969.08,169192435
2025-03-25,5969.42,5993.93,5929.67,5946.95,147483948
2025-03-26,5935.85,5983.47,5935.85,5948.5,136702111
2025-03-27,5932.52,6000.66,5891.77,5957.6,134708904
2025-03-28,5954.73,5973.8,5904.92,5916.03,134261927
2025-03-31,5886.96,5908.3,5802.42,5857.77,154256090
2025-04-01,5870.94,5931.5,5867.85,5892.85,136448602
2025-04-02,5884.89,5936.65,5884.11,5899.09,112159960
2025-04-03,5842.62,5906.71,5817.97,5845.5,134938625
2025-04-07,5523.96,5587.85,5212.68,5287.03,236522656
2025-04-08,5279.76,5371.18,5249.23,5326.91,223840665
2025-04-09,5249.68,5465.14,5135.97,5439.77,245118027
2025-04-10,5534.56,5610.19,5513.95,5544.06,211963035
2025-04-11,5514.19,5631.6,5510.89,5581.32,164411663
2025-04-14,5633.78,5661.8,5608.73,5627.14,155487077
2025-04-15,5625.0,5626.68,5567.03,5602.53,123273708
2025-04-16,5589.78,5592.67,5492.65,5556.86,132537224
2025-04-17,5527.59,5604.62,5526.89,5557.01,113652382
2025-04-18,5546.97,5579.48,5525.4,5560.72,111644258
2025-04-21,5556.51,5646.22,5535.7,5642.38,123111883
2025-04-22,5634.89,5651.55,5617.88,5624.21,124666689
2025-04-23,5647.91,5670.26,5614.77,5634.95,127007764
2025-04-24,5633.02,5651.53,5583.43,5605.88,122696696
2025-04-25,5613.14,5661.59,5596.53,5627.18,140000800
2025-04-28,5624.42,5628.08,5587.79,5598.3,136218094
2025-04-29,5583.72,5622.02,5571.24,5604.91,126742927
2025-04-30,5604.65,5647.78,5603.17,5631.82,138386621
2025-05-06,5668.88,5740.33,5666.47,5740.33,162773606
2025-05-07,5805.66,5819.24,5713.27,5750.29,171011757
2025-05-08,5731.72,5783.79,5724.95,5773.81,136140322
2025-05-09,5770.44,5770.44,5705.17,5721.72,123939007
2025-05-12,5751.44,5794.52,5737.46,5793.67,135824367
2025-05-13,5838.03,5838.03,5772.07,5781.67,138271081
2025-05-14,5778.08,5835.49,5750.54,5799.12,156279994
2025-05-15,5786.78,5786.78,5715.29,5715.3,135160768
2025-05-16,5703.74,5735.01,5703.74,5715.85,116709136
2025-05-19,5719.44,5729.07,5669.72,5720.79,115384939
2025-05-20,5723.51,5759.46,5707.81,5747.37,116896615
2025-05-21,5741.69,5763.08,5733.83,5757.92,115804542
2025-05-22,5739.19,5757.79,5701.16,5703.28,109057720
2025-05-23,5697.14,5738.08,5653.04,5653.04,114361198
2025-05-26,5653.21,5693.63,5644.58,5669.46,97170989
2025-05-27,5666.3,5667.87,5629.13,5652.15,95149363
2025-05-28,5651.88,5660.47,5628.42,5637.24,94908883
2025-05-29,5637.06,5724.52,5637.06,5719.91,114682484
2025-05-30,5704.77,5704.77,5665.52,5671.07,109900707
2025-06-03,5653.67,5710.42,5653.3,5694.84,122853903
2025-06-04,5696.57,5744.45,5696.57,5739.01,116196077
2025-06-05,5741.03,5778.1,5719.55,5769.97,125223584
2025-06-06,5768.4,5771.76,5750.66,5762.08,108217660
2025-06-09,5772.78,5823.9,5765.35,5805.65,128188619
2025-06-10,5809.83,5810.92,5715.97,5757.99,138269181
2025-06-11,5758.53,5818.57,5758.53,5792.95,123716707
2025-06-12,5780.97,5808.8,5766.52,5799.93,125615846
2025-06-13,5783.16,5794.67,5728.21,5740.24,167613374
2025-06-16,5725.0,5775.95,5725.0,5767.81,128242658
2025-06-17,5772.3,5776.63,5734.83,5750.91,121526624
2025-06-18,5740.16,5753.71,5709.8,5745.87,112703844
2025-06-19,5733.81,5750.46,5660.05,5676.83,125531134
2025-06-20,5669.09,5688.74,5636.78,5639.51,101794766
2025-06-23,5613.28,5684.4,5613.28,5674.17,111601802
2025-06-24,5683.46,5766.02,5683.46,5765.84,142082256
2025-06-25,5777.74,5866.52,5776.12,5862.55,184632310
2025-06-26,5868.29,5885.25,5835.34,5838.25,180164163
2025-06-27,5850.43,5905.7,5839.58,5863.73,199389725
2025-06-30,5877.67,5918.31,5872.23,5915.39,166275147
2025-07-01,5915.8,5936.92,5890.11,5934.67,154192365
2025-07-02,5922.54,5922.54,5873.89,5892.95,162500485
2025-07-03,5896.24,5929.73,5885.94,5922.66,130070046
2025-07-04,5917.75,5969.3,5889.73,5911.44,164941060
2025-07-07,5901.4,5910.8,5889.6,5900.41,137207362
2025-07-08,5903.1,5979.63,5903.1,5977.74,168681142
2025-07-09,5980.65,5992.13,5940.18,5953.49,164914402
2025-07-10,5950.97,6000.69,5942.29,5983.05,176242607
2025-07-11,5985.82,6057.62,5963.26,6027.08,222363098
2025-07-14,6033.18,6042.89,6011.69,6020.86,189277444
2025-07-15,6018.63,6049.79,5973.8,6018.76,189736234
2025-07-16,6019.58,6061.2,5997.16,6017.19,148610062
2025-07-17,6013.71,6082.46,6013.04,6082.46,149692658
2025-07-18,6092.23,6112.11,6073.64,6099.61,153152204
2025-07-21,6115.03,6162.44,6110.99,6161.31,207350507
2025-07-22,6166.62,6215.41,6152.81,6213.41,246211642
2025-07-23,6218.21,6256.15,6187.01,6196.76,258377896
2025-07-24,6197.85,6293.6,6197.85,6293.6,268355564
2025-07-25,6297.63,6311.17,6276.42,6299.59,237055328
2025-07-28,6305.22,6329.03,6271.93,6323.42,214448267
2025-07-29,6308.12,6356.15,6272.31,6356.13,201757629
2025-07-30,6345.37,6368.27,6269.51,6314.69,212128411
2025-07-31,6297.91,6322.07,6206.19,6226.34,224214237
2025-08-01,6221.05,6253.66,6177.48,6213.2,165907191
2025-08-04,6190.34,6261.96,6187.62,6261.73,148591480
2025-08-05,6277.01,6303.24,6272.51,6303.24,154206665
2025-08-06,6298.93,6357.59,6293.22,6357.38,166027638
2025-08-07,6356.33,6366.21,6299.49,6337.54,170446400
2025-08-08,6324.17,6351.33,6308.15,6323.5,172507526
2025-08-11,6335.43,6404.83,6335.43,6391.76,174909199
2025-08-12,6392.4,6418.16,6360.11,6418.16,168351918
2025-08-13,6422.79,6514.46,6422.21,6508.1,216022423
2025-08-14,6509.21,6519.79,6411.92,6429.85,228953168
2025-08-15,6417.39,6570.5,6417.39,6568.57,245217240
2025-08-18,6612.99,6709.78,6580.44,6668.17,302448229
2025-08-19,6663.16,6707.11,6631.12,6655.31,252839276
2025-08-20,6623.61,6728.07,6598.55,6728.07,244233907
2025-08-21,6739.69,6767.32,6673.06,6704.17,242540164
2025-08-22,6704.03,6823.36,6704.03,6822.85,256783820
2025-08-25,6886.27,6967.8,6863.93,6951.9,333828945
2025-08-26,6928.29,7008.96,6910.41,6964.07,281532382
2025-08-27,6964.77,7074.63,6862.56,6862.56,328060183
2025-08-28,6858.5,7011.16,6798.93,7011.16,308061786
2025-08-29,7030.27,7078.92,6990.75,7043.94,280915814
2025-09-01,7087.73,7110.69,7038.34,7110.29,285908311
2025-09-02,7108.94,7108.94,6909.72,6961.69,294036539
2025-09-03,6988.02,7003.27,6846.18,6868.46,259083266
2025-09-04,6884.36,6906.69,6607.98,6698.45,270341894
2025-09-05,6709.15,6919.34,6678.6,6913.95,240857457
2025-09-08,6927.41,6995.72,6896.66,6992.12,244174304
2025-09-09,6959.94,6999.73,6895.51,6928.97,225843557
2025-09-10,6911.11,6977.77,6870.4,6932.11,189922867
2025-09-11,6924.3,7123.05,6889.59,7122.71,243951061
2025-09-12,7115.61,7200.16,7112.42,7147.75,266567508
2025-09-15,7170.41,7174.89,7126.83,7137.36,238265724
2025-09-16,7152.19,7195.42,7080.43,7190.99,242349183
2025-09-17,7184.26,7265.39,7159.67,7260.04,258264449
2025-09-18,7248.28,7350.98,7115.63,7199.88,348589541
2025-09-19,7200.69,7232.0,7142.06,7170.35,271507193
2025-09-22,7182.89,7225.86,7143.08,7225.13,231858069
2025-09-23,7240.85,7250.82,7045.56,7180.71,281283634
2025-09-24,7140.31,7327.02,7133.43,7323.71,240064938
2025-09-25,7325.66,7379.61,7312.35,7341.32,236175030
2025-09-26,7311.84,7351.79,7237.05,7240.91,211444148
2025-09-29,7251.52,7377.22,7216.74,7350.56,233539418
2025-09-30,7372.52,7428.03,7372.06,7412.37,220707502
2025-10-09,7470.05,7559.09,7437.32,7548.92,283130784
2025-10-10,7499.39,7509.12,7373.98,7398.22,262256646
2025-10-13,7135.1,7391.82,7135.1,7376.56,258027817
2025-10-14,7434.11,7459.02,7166.08,7194.85,277358873
2025-10-15,7205.74,7294.0,7153.42,7294.0,217559777
2025-10-16,7269.26,7305.95,7206.44,7231.53,194936370
2025-10-17,7226.42,7254.58,7009.89,7016.07,200044113
2025-10-20,7092.88,7129.99,7033.38,7069.64,176834192
2025-10-21,7095.62,7193.73,7082.3,7185.62,205973829
2025-10-22,7135.21,7166.56,7101.83,7128.48,169743254
2025-10-23,7108.85,7153.66,7022.29,7142.95,188933732
2025-10-24,7175.92,7258.53,7174.35,7258.53,195323933
2025-10-27,7336.2,7391.21,7302.02,7379.39,232051821
2025-10-28,7344.45,7404.76,7308.27,7341.03,202118463
2025-10-29,7350.76,7480.97,7350.76,7480.97,223844133
2025-10-30,7462.43,7463.65,7375.24,7385.71,243412036
2025-10-31,7385.74,7430.86,7331.0,7331.0,232041676
2025-11-03,7327.12,7336.51,7214.83,7333.6,221687060
2025-11-04,7315.19,7323.7,7167.35,7210.83,193325842
2025-11-05,7098.96,7257.84,7098.96,7229.34,195580243
2025-11-06,7243.2,7352.18,7243.2,7345.72,201722967
2025-11-07,7307.3,7371.44,7285.82,7327.91,192920578
2025-11-10,7357.34,7384.79,7289.77,7343.8,204501330
2025-11-11,7364.93,7379.81,7281.97,7291.61,191660313
2025-11-12,7264.79,7305.86,7187.87,7243.25,185507010
2025-11-13,7243.64,7366.41,7243.64,7355.29,199890230
2025-11-14,7283.7,7329.6,7235.46,7235.46,205864910
2025-11-17,7248.92,7262.33,7202.59,7235.35,203050602
2025-11-18,7215.03,7230.54,7118.41,7151.02,202214121
2025-11-19,7141.26,7178.15,7086.12,7122.75,162786602
2025-11-20,7174.1,7180.73,7056.9,7061.95,159618746
2025-11-21,6955.75,6986.78,6817.41,6817.41,208933384
2025-11-24,6856.75,6905.92,6797.5,6868.97,166363913
2025-11-25,6915.12,7018.47,6912.32,6954.6,162712530
2025-11-26,6946.08,7024.88,6936.88,6965.05,148943526
2025-11-27,6970.73,7045.84,6943.44,6951.28,137841103
2025-11-28,6947.24,7031.71,6941.48,7031.55,140211184
2025-12-01,7053.85,7101.83,7040.8,7101.83,178973432
2025-12-02,7084.8,7085.3,7022.61,7040.3,149518197
2025-12-03,7044.86,7064.16,6975.09,6996.36,157838867
2025-12-04,7001.64,7039.72,6958.63,7012.81,141038338
2025-12-05,7008.65,7104.02,6965.81,7097.84,168738274
2025-12-08,7119.05,7193.72,7114.32,7172.37,192611750
2025-12-09,7150.97,7185.11,7103.83,7121.33,166901066
2025-12-10,7111.57,7171.97,7070.48,7155.99,153967827
2025-12-11,7171.21,7179.42,7082.89,7082.89,181848554
2025-12-12,7088.1,7187.1,7063.84,7169.79,198402473
2025-12-15,7121.38,7177.15,7110.68,7113.96,172174064
2025-12-16,7101.67,7102.77,6962.65,7001.32,172065874
2025-12-17,7002.51,7160.78,6988.87,7137.83,174413136
2025-12-18,7096.98,7172.96,7094.54,7100.84,154896123
2025-12-19,7124.4,7197.07,7117.16,7169.55,178843146
2025-12-22,7205.49,7277.39,7205.49,7255.66,178242881
2025-12-23,7257.91,7297.7,7228.72,7256.79,173476002
2025-12-24,7257.62,7362.57,7247.41,7352.04,168837713
2025-12-25,7341.92,7426.14,7334.34,7410.71,168414201
2025-12-26,7422.6,7484.92,7397.43,7458.84,199276884
2025-12-29,7467.5,7491.69,7411.45,7430.61,198844338
2025-12-30,7390.14,7495.06,7389.87,7458.94,196203615
2025-12-31,7473.75,7488.07,7435.07,7465.57,194427743
2026-01-05,7523.88,7651.24,7523.25,7651.2,251853863
2026-01-06,7663.94,7814.65,7663.66,7814.14,313125102
2026-01-07,7838.91,7909.66,7828.39,7875.08,293903440
2026-01-08,7853.21,7938.59,7849.07,7894.54,293561735
2026-01-09,7907.85,8064.76,7907.85,8056.69,314624674
2026-01-12,8141.63,8261.35,8103.24,8249.13,335236286
2026-01-13,8270.42,8270.42,8106.61,8143.28,364131033
2026-01-14,8165.35,8368.22,8123.4,8227.7,422766002
2026-01-15,8170.35,8249.03,8148.79,8223.27,313595830
2026-01-16,8241.69,8292.74,8204.53,8232.67,281979042
2026-01-19,8199.5,8318.37,8195.09,8287.95,261497382
2026-01-20,8307.64,8342.87,8142.14,8247.8,289864460
