Date,Open,High,Low,Close,Volume
2013-12-31,1000.0,1000.0,1000.0,1000.0,8597500
2014-01-02,999.14,1016.49,999.14,1016.45,9535800
2014-01-03,1013.66,1015.77,1009.16,1012.98,10210900
2014-01-06,1010.05,1010.05,982.72,982.86,9090200
2014-01-07,978.64,990.75,976.86,990.75,7319300
2014-01-08,991.58,999.98,991.52,996.5,8758800
2014-01-09,994.83,999.32,978.68,978.68,8746000
2014-01-10,974.3,974.81,960.05,962.59,7519200
2014-01-13,962.42,970.22,958.91,965.75,5827600
2014-01-14,966.13,985.82,965.22,985.82,7327500
2014-01-15,985.44,994.38,985.44,994.38,7924500
2014-01-16,995.43,1001.47,993.28,997.66,8953600
2014-01-17,996.27,999.12,991.41,992.96,7753700
2014-01-20,992.0,994.38,981.41,987.69,7639500
2014-01-21,986.12,1006.51,986.12,1006.51,8259600
2014-01-22,1006.68,1024.53,1006.68,1024.53,10574400
2014-01-23,1023.81,1039.02,1023.81,1036.04,10858400
2014-01-24,1035.56,1050.29,1035.56,1046.76,10628700
2014-01-27,1042.82,1054.53,1039.38,1046.38,9967000
2014-01-28,1045.83,1050.25,1032.72,1042.83,8331100
2014-01-29,1043.7,1054.24,1043.7,1053.92,7667400
2014-01-30,1052.95,1054.7,1047.81,1050.07,6142300
2014-02-07,1044.77,1069.16,1044.77,1069.16,7663600
2014-02-10,1071.37,1097.95,1071.37,1097.95,12104800
2014-02-11,1099.04,1107.41,1089.0,1103.61,12268200
2014-02-12,1104.75,1122.47,1101.04,1122.47,12947400
2014-02-13,1121.29,1122.91,1102.08,1102.08,12994000
2014-02-14,1101.76,1128.33,1101.23,1128.33,11400400
2014-02-17,1131.06,1153.58,1131.06,1153.58,13211200
2014-02-18,1153.91,1159.84,1148.92,1155.74,14214200
2014-02-19,1154.05,1162.35,1149.21,1156.69,13154600
2014-02-20,1155.99,1155.99,1133.76,1137.07,12436000
2014-02-21,1135.25,1143.75,1126.88,1137.61,9941300
2014-02-24,1135.17,1151.38,1128.66,1151.38,10217500
2014-02-25,1153.58,1161.54,1101.38,1106.5,14737900
2014-02-26,1100.27,1113.68,1079.6,1113.68,10466400
2014-02-27,1116.89,1130.45,1095.62,1095.94,11137900
2014-02-28,1091.74,1108.0,1081.08,1108.0,9300000
2014-03-03,1106.02,1133.22,1106.02,1133.13,10658600
2014-03-04,1129.68,1135.22,1119.41,1134.52,10276600
2014-03-05,1136.83,1142.52,1132.21,1135.02,9729900
2014-03-06,1134.02,1138.85,1123.38,1138.52,9520000
2014-03-07,1137.63,1143.18,1131.13,1135.98,9494200
2014-03-10,1126.85,1126.85,1092.77,1092.77,9785900
2014-03-11,1086.37,1096.53,1077.96,1088.08,8518600
2014-03-12,1083.73,1091.23,1066.74,1084.81,8543700
2014-03-13,1082.27,1098.63,1082.27,1098.63,7586400
2014-03-14,1094.39,1100.69,1090.9,1097.95,7345700
2014-03-17,1097.83,1124.79,1097.83,1124.79,8439800
2014-03-18,1126.14,1139.76,1126.14,1133.22,9761100
2014-03-19,1132.08,1139.15,1126.35,1139.15,9389000
2014-03-20,1136.84,1141.31,1106.6,1106.6,10828300
2014-03-21,1098.64,1123.49,1092.76,1123.49,10070100
2014-03-24,1123.37,1128.11,1119.68,1123.12,9918900
2014-03-25,1120.21,1125.14,1115.14,1121.28,9979300
2014-03-26,1120.92,1129.53,1120.92,1129.53,9044900
2014-03-27,1127.32,1127.32,1104.23,1104.23,10416800
2014-03-28,1100.58,1102.63,1072.13,1074.21,10483200
2014-03-31,1071.94,1076.46,1062.26,1068.61,7418000
2014-04-01,1067.02,1088.12,1067.02,1088.12,6850000
2014-04-02,1088.33,1090.26,1081.14,1084.54,7471800
2014-04-03,1083.6,1092.83,1082.42,1088.79,7262300
2014-04-04,1087.05,1099.82,1085.4,1099.82,6799100
2014-04-08,1095.06,1109.34,1094.11,1109.34,7754100
2014-04-09,1109.77,1124.46,1109.77,1124.46,8500400
2014-04-10,1125.54,1135.44,1125.54,1128.46,9985600
2014-04-11,1123.11,1128.51,1117.45,1126.78,9584300
2014-04-14,1126.66,1138.78,1126.66,1138.78,9131900
2014-04-15,1138.27,1138.53,1132.29,1133.99,9830100
2014-04-16,1131.23,1135.82,1127.83,1134.67,8691700
2014-04-17,1134.48,1139.2,1134.48,1136.92,8757100
2014-04-18,1133.77,1143.29,1133.37,1143.29,8370700
2014-04-21,1135.59,1142.08,1124.28,1124.96,9107300
2014-04-22,1120.85,1123.48,1099.3,1114.1,8828200
2014-04-23,1112.6,1116.9,1105.9,1111.05,7039800
2014-04-24,1109.45,1112.0,1101.68,1106.07,7908100
2014-04-25,1104.14,1106.23,1082.67,1082.67,9533100
2014-04-28,1076.24,1076.24,1046.6,1046.67,8734500
2014-04-29,1042.56,1060.57,1042.56,1060.57,6755100
2014-04-30,1059.23,1071.14,1059.23,1071.14,6727600
2014-05-05,1068.94,1087.75,1068.44,1087.75,7793600
2014-05-06,1086.87,1099.98,1086.87,1097.29,8598500
2014-05-07,1093.43,1093.43,1077.56,1077.56,8527200
2014-05-08,1075.15,1089.23,1073.28,1079.15,7907000
2014-05-09,1077.02,1077.02,1062.46,1071.26,7648200
2014-05-12,1075.1,1092.22,1073.39,1092.22,8714900
2014-05-13,1091.71,1096.33,1089.68,1092.25,8004400
2014-05-14,1092.04,1097.01,1090.82,1095.99,7044400
2014-05-15,1094.09,1094.4,1074.64,1074.72,7534600
2014-05-16,1071.91,1072.43,1060.01,1071.72,6612100
2014-05-19,1069.77,1069.77,1061.32,1068.92,5429600
2014-05-20,1073.5,1084.44,1073.5,1077.17,5997000
2014-05-21,1075.85,1089.12,1068.21,1089.12,5949800
2014-05-22,1089.19,1097.39,1088.57,1088.57,7235800
2014-05-23,1087.57,1099.91,1086.22,1099.91,6423200
2014-05-26,1102.47,1117.17,1102.47,1117.17,7597500
2014-05-27,1118.23,1121.06,1115.61,1118.88,8022000
2014-05-28,1117.51,1131.47,1116.71,1131.47,9650000
2014-05-29,1130.57,1131.56,1118.48,1118.65,9096400
2014-05-30,1117.87,1123.18,1112.93,1121.91,7975600
2014-06-03,1121.36,1124.96,1119.21,1119.21,7791100
2014-06-04,1116.8,1116.8,1104.35,1113.69,7991500
2014-06-05,1111.88,1128.55,1110.7,1128.55,8818600
2014-06-06,1127.79,1130.99,1121.79,1127.04,9924900
2014-06-09,1124.41,1129.53,1123.39,1125.25,8867500
2014-06-10,1124.65,1140.0,1120.47,1140.0,9560700
2014-06-11,1137.78,1147.78,1137.78,1147.69,10482000
2014-06-12,1144.76,1151.86,1143.21,1150.15,11320900
2014-06-13,1148.61,1160.38,1148.61,1159.54,11334500
2014-06-16,1159.5,1166.26,1159.5,1166.26,10600200
2014-06-17,1163.93,1163.93,1157.56,1158.76,10411200
2014-06-18,1157.05,1157.05,1147.36,1147.87,10884700
2014-06-19,1145.81,1147.88,1111.61,1116.83,10533300
2014-06-20,1114.78,1130.11,1114.78,1130.11,7602000
2014-06-23,1131.73,1145.61,1131.73,1143.4,8696700
2014-06-24,1142.82,1151.56,1142.82,1151.56,8726600
2014-06-25,1150.19,1150.19,1143.77,1148.35,8482200
2014-06-26,1147.94,1167.09,1147.94,1166.15,10651000
2014-06-27,1165.39,1181.38,1165.39,1178.36,11974400
2014-06-30,1180.21,1189.85,1178.01,1189.85,11981400
2014-07-01,1191.19,1196.61,1190.97,1196.61,13078100
2014-07-02,1196.96,1205.84,1192.26,1205.84,14447800
2014-07-03,1206.03,1211.82,1204.37,1210.47,14182000
2014-07-04,1210.13,1215.38,1208.68,1213.15,13263100
2014-07-07,1213.12,1217.64,1208.67,1217.64,13100700
2014-07-08,1216.37,1228.27,1210.83,1228.27,13203500
2014-07-09,1225.52,1231.23,1211.47,1211.47,15975700
2014-07-10,1208.97,1221.96,1208.97,1217.23,13293300
2014-07-11,1217.23,1228.08,1217.23,1226.68,12345200
2014-07-14,1227.22,1243.36,1227.22,1243.36,13196200
2014-07-15,1243.5,1244.25,1227.16,1236.28,14487700
2014-07-16,1235.74,1236.65,1219.03,1222.61,13933700
2014-07-17,1220.75,1220.75,1211.67,1220.45,10299900
2014-07-18,1216.44,1224.67,1216.44,1219.17,9739700
2014-07-21,1218.23,1218.96,1210.5,1216.84,9428100
2014-07-22,1214.98,1232.05,1214.98,1232.05,11765300
2014-07-23,1233.46,1235.09,1215.66,1219.81,13845500
2014-07-24,1217.86,1221.15,1203.16,1211.7,13903600
2014-07-25,1209.55,1220.61,1209.55,1220.61,11582600
2014-07-28,1222.65,1238.18,1222.65,1238.18,14449200
2014-07-29,1238.75,1252.64,1237.56,1252.44,15572200
2014-07-30,1249.9,1260.57,1248.84,1260.17,15462200
2014-07-31,1259.43,1270.11,1258.19,1270.11,14069400
2014-08-01,1267.87,1273.74,1256.86,1258.08,14986700
2014-08-04,1259.02,1274.71,1259.02,1274.71,12933700
2014-08-05,1275.24,1285.0,1269.88,1285.0,14344400
2014-08-06,1282.01,1288.73,1277.46,1288.6,13980100
2014-08-07,1286.82,1292.66,1276.17,1276.34,13678400
2014-08-08,1276.11,1286.64,1276.11,1286.4,11506700
2014-08-11,1287.36,1305.07,1287.36,1305.07,14578600
2014-08-12,1305.6,1313.47,1303.61,1313.47,15446900
2014-08-13,1313.05,1318.72,1301.1,1318.72,16690700
2014-08-14,1317.14,1327.22,1313.34,1313.72,17004600
2014-08-15,1313.26,1331.44,1313.26,1331.44,16082900
2014-08-18,1334.9,1357.45,1334.9,1357.45,18696600
2014-08-19,1358.94,1367.2,1356.85,1365.42,20366800
2014-08-20,1363.84,1372.48,1361.76,1367.15,18575300
2014-08-21,1367.41,1369.39,1353.4,1369.39,16347700
2014-08-22,1369.89,1382.06,1366.32,1381.24,16938400
2014-08-25,1381.79,1382.29,1369.88,1374.92,15944400
2014-08-26,1372.79,1376.57,1342.82,1348.17,17180700
2014-08-27,1347.8,1361.28,1347.8,1359.99,12932300
2014-08-28,1362.25,1365.06,1347.36,1350.62,13560500
2014-08-29,1349.34,1366.31,1349.18,1366.31,12130500
2014-09-01,1367.62,1394.65,1367.62,1394.65,13956600
2014-09-02,1398.18,1417.8,1398.18,1417.8,17656600
2014-09-03,1421.1,1432.23,1417.5,1431.91,21023700
2014-09-04,1433.7,1446.4,1430.2,1446.4,19978400
2014-09-05,1447.83,1452.89,1441.79,1452.89,17681000
2014-09-09,1454.3,1469.03,1449.06,1469.03,18278200
2014-09-10,1466.87,1484.96,1465.05,1484.65,19001000
2014-09-11,1486.92,1504.11,1478.97,1488.7,22348300
2014-09-12,1488.98,1511.57,1488.75,1511.57,19033400
2014-09-15,1514.15,1535.46,1513.98,1535.06,20931700
2014-09-16,1537.38,1537.38,1483.51,1483.78,24159700
2014-09-17,1485.6,1500.54,1473.92,1500.54,15715500
2014-09-18,1501.11,1515.53,1501.11,1515.53,14966600
2014-09-19,1516.69,1537.49,1516.69,1536.5,14575700
2014-09-22,1534.96,1534.96,1521.41,1526.62,14976900
2014-09-23,1527.36,1554.05,1527.36,1554.05,16397900
2014-09-24,1555.28,1578.3,1555.28,1578.3,21882600
2014-09-25,1582.35,1594.83,1578.15,1583.75,22313700
2014-09-26,1579.74,1597.06,1579.74,1597.06,17030100
2014-09-29,1600.91,1617.99,1600.91,1617.57,19487700
2014-09-30,1620.31,1632.09,1617.12,1632.09,18064500
2014-10-08,1634.89,1661.08,1633.33,1661.08,19482900
2014-10-09,1664.08,1670.98,1642.86,1667.21,22152400
2014-10-10,1663.61,1665.71,1648.51,1661.72,21042700
2014-10-13,1655.44,1661.41,1632.02,1661.41,18350300
2014-10-14,1657.29,1674.37,1648.03,1658.13,18238100
2014-10-15,1656.44,1665.75,1641.62,1665.75,17744200
2014-10-16,1659.68,1677.39,1647.5,1647.5,20506300
2014-10-17,1642.48,1643.3,1594.08,1620.01,20581100
2014-10-20,1620.08,1646.96,1620.08,1646.96,15816300
2014-10-21,1645.18,1653.04,1635.28,1635.28,17792000
2014-10-22,1632.63,1642.12,1615.02,1615.35,15708700
2014-10-23,1608.91,1613.37,1577.33,1580.94,16126900
2014-10-24,1578.85,1593.99,1578.85,1584.26,12632700
2014-10-27,1580.64,1601.6,1573.44,1601.6,11627600
2014-10-28,1605.65,1651.95,1605.65,1651.95,17034000
2014-10-29,1657.69,1681.0,1657.69,1676.88,20501200
2014-10-30,1677.59,1685.92,1670.71,1676.85,18381600
2014-10-31,1677.64,1680.35,1657.45,1670.82,16986500
2014-11-03,1670.82,1691.16,1670.82,1691.16,18702000
2014-11-04,1690.44,1692.06,1674.2,1675.87,17618200
2014-11-05,1674.17,1682.38,1666.29,1679.75,16035600
2014-11-06,1676.83,1697.19,1674.68,1697.19,14797100
2014-11-07,1698.44,1707.67,1676.7,1681.49,18281400
2014-11-10,1681.15,1688.16,1677.47,1688.16,14248000
2014-11-11,1688.79,1688.79,1608.62,1623.4,19059000
2014-11-12,1617.75,1648.63,1617.75,1648.63,12114000
2014-11-13,1646.63,1646.63,1612.65,1618.74,14981700
2014-11-14,1612.29,1613.88,1598.33,1613.88,11138200
2014-11-17,1613.38,1647.02,1612.15,1643.4,11453300
2014-11-18,1641.87,1651.42,1641.87,1651.42,11623300
2014-11-19,1650.65,1671.83,1649.94,1669.02,12688500
2014-11-20,1663.5,1669.2,1660.0,1667.75,11674900
2014-11-21,1665.54,1686.28,1665.54,1686.28,12412400
2014-11-24,1696.08,1701.16,1687.94,1699.88,16594700
2014-11-25,1698.27,1717.85,1698.27,1717.85,16242500
2014-11-26,1719.09,1732.52,1717.54,1732.52,18775200
2014-11-27,1733.66,1749.24,1732.63,1749.24,20144200
2014-11-28,1748.11,1757.22,1737.23,1750.83,21130800
2014-12-01,1748.36,1748.36,1720.93,1731.09,18731000
2014-12-02,1726.15,1751.29,1726.15,1746.01,16387300
2014-12-03,1746.01,1749.08,1722.36,1749.08,21811600
2014-12-04,1750.07,1765.39,1748.15,1763.31,21900800
2014-12-05,1743.51,1743.51,1673.48,1707.83,25042100
2014-12-08,1696.81,1702.85,1689.05,1697.56,20805400
2014-12-09,1691.16,1691.16,1612.97,1613.97,24753000
2014-12-10,1604.6,1660.14,1604.6,1660.14,16011000
2014-12-11,1655.25,1682.84,1655.25,1682.84,17022300
2014-12-12,1683.57,1703.55,1683.57,1703.51,16304200
2014-12-15,1699.89,1735.51,1699.89,1735.34,16279900
2014-12-16,1732.48,1736.27,1712.55,1723.98,13962600
2014-12-17,1718.8,1718.8,1680.81,1693.74,14518400
2014-12-18,1689.31,1695.62,1683.63,1683.64,11790100
2014-12-19,1679.38,1679.38,1629.38,1649.71,13891300
2014-12-22,1638.16,1638.16,1544.06,1548.64,16141300
2014-12-23,1535.81,1556.18,1526.76,1527.46,10062700
2014-12-24,1531.13,1566.09,1531.13,1566.09,9219500
2014-12-25,1569.67,1585.1,1569.67,1585.1,9410100
2014-12-26,1583.72,1586.21,1579.37,1586.21,10122800
2014-12-29,1584.06,1584.06,1544.14,1549.34,12521200
2014-12-30,1546.87,1548.66,1521.98,1523.86,10455300
2014-12-31,1523.32,1535.43,1516.85,1535.43,9226800
2015-01-05,1538.41,1541.92,1515.85,1541.92,10988700
2015-01-06,1536.11,1572.14,1532.15,1572.14,11559300
2015-01-07,1569.85,1569.85,1556.53,1567.96,9893800
2015-01-08,1566.8,1580.97,1563.45,1572.06,11457000
2015-01-09,1567.98,1581.78,1562.2,1562.2,11276200
2015-01-12,1553.2,1553.2,1531.4,1538.2,9149900
2015-01-13,1536.83,1563.97,1536.83,1563.97,8086900
2015-01-14,1563.8,1563.8,1555.54,1559.54,7788000
2015-01-15,1561.33,1569.22,1561.33,1568.75,8162400
2015-01-16,1569.57,1589.17,1569.57,1589.17,9273100
2015-01-19,1561.36,1602.97,1548.12,1564.12,12909600
2015-01-20,1568.56,1622.12,1568.56,1622.12,12765000
2015-01-21,1625.55,1654.08,1625.55,1654.08,15520300
2015-01-22,1653.97,1679.37,1653.97,1679.37,14642300
2015-01-23,1679.94,1679.94,1660.86,1662.71,13652200
2015-01-26,1661.21,1693.62,1661.21,1693.62,13051000
2015-01-27,1695.85,1705.0,1681.39,1705.0,14564900
2015-01-28,1701.44,1714.74,1699.55,1702.92,13101900
2015-01-29,1692.38,1703.41,1691.05,1697.11,10789700
2015-01-30,1698.45,1703.75,1678.79,1678.79,11082100
2015-02-02,1666.51,1682.51,1663.57,1678.7,9908500
2015-02-03,1681.2,1704.86,1681.2,1703.36,10675400
2015-02-04,1704.81,1713.23,1704.4,1704.85,10797600
2015-02-05,1711.9,1719.88,1700.43,1700.43,11802200
2015-02-06,1696.4,1697.75,1669.74,1672.47,10446900
2015-02-09,1675.57,1675.57,1654.66,1657.25,8649300
2015-02-10,1654.99,1669.8,1651.25,1669.8,7261600
2015-02-11,1672.89,1692.84,1672.89,1692.84,7568000
2015-02-12,1693.42,1710.94,1693.42,1710.89,8532100
2015-02-13,1716.17,1739.46,1716.17,1738.14,10911500
2015-02-16,1742.21,1772.23,1742.21,1772.23,10988900
2015-02-17,1777.5,1782.6,1767.68,1782.6,9937200
2015-02-25,1789.92,1798.14,1782.27,1788.01,10865500
2015-02-26,1786.82,1800.49,1786.11,1800.49,11964100
2015-02-27,1800.71,1824.88,1800.71,1824.88,13105200
2015-03-02,1834.68,1869.08,1833.35,1869.08,18099200
2015-03-03,1866.26,1889.21,1866.21,1868.5,17532500
2015-03-04,1867.72,1909.78,1867.72,1909.78,15793200
2015-03-05,1911.99,1930.48,1909.05,1930.48,17466300
2015-03-06,1929.15,1933.37,1903.64,1909.59,15420500
2015-03-09,1903.94,1937.5,1897.97,1937.5,14826400
2015-03-10,1936.43,1971.18,1936.43,1969.74,17886600
2015-03-11,1972.05,1981.04,1970.3,1980.1,19121300
2015-03-12,1978.74,1986.16,1950.06,1962.78,17605200
2015-03-13,1964.56,1989.42,1964.38,1989.42,14614600
2015-03-16,2000.35,2054.74,2000.35,2054.74,21583900
2015-03-17,2066.51,2094.72,2063.74,2089.76,25038900
2015-03-18,2094.78,2128.02,2094.78,2128.02,23785200
2015-03-19,2127.3,2145.02,2121.62,2145.02,22975600
2015-03-20,2142.91,2176.63,2142.91,2174.33,21780800
2015-03-23,2185.87,2237.77,2185.87,2237.77,23527500
2015-03-24,2247.32,2258.97,2190.04,2258.97,29010200
2015-03-25,2261.77,2305.43,2259.79,2298.22,25345400
2015-03-26,2296.07,2313.62,2258.18,2266.97,24679000
2015-03-27,2260.47,2285.19,2255.27,2285.17,18296300
2015-03-30,2288.44,2295.42,2275.89,2290.98,21993100
2015-03-31,2294.76,2325.68,2282.28,2311.59,22449400
2015-04-01,2313.11,2369.55,2313.11,2369.55,22372400
2015-04-02,2380.88,2432.34,2380.88,2432.34,25345100
2015-04-03,2426.63,2496.75,2426.63,2496.75,26752300
2015-04-07,2516.11,2550.59,2508.16,2550.59,28026900
2015-04-08,2558.91,2558.91,2476.49,2534.54,29337100
2015-04-09,2531.37,2531.37,2413.35,2510.08,26550600
2015-04-10,2496.12,2584.35,2496.12,2579.05,24064600
2015-04-13,2592.61,2647.14,2591.24,2640.49,27974100
2015-04-14,2645.32,2667.12,2636.4,2649.86,26840300
2015-04-15,2643.36,2643.36,2549.54,2556.53,24299700
2015-04-16,2519.94,2607.17,2508.89,2578.26,19654300
2015-04-17,2597.31,2610.79,2572.97,2588.74,22281200
2015-04-20,2577.55,2583.76,2526.66,2532.1,25853800
2015-04-21,2529.54,2626.36,2529.54,2626.36,20622800
2015-04-22,2646.56,2713.52,2646.56,2713.52,25351600
2015-04-23,2724.93,2762.81,2713.98,2749.77,28896700
2015-04-24,2716.68,2757.46,2708.72,2755.0,25953000
2015-04-27,2769.05,2791.15,2747.9,2769.46,25184000
2015-04-28,2768.76,2768.76,2671.79,2685.53,24469400
2015-04-29,2674.49,2752.99,2674.49,2752.99,19932100
2015-04-30,2757.73,2798.03,2757.73,2773.29,22259700
2015-05-04,2782.97,2804.97,2762.91,2802.86,18978000
2015-05-05,2808.55,2808.55,2732.53,2739.45,21018300
2015-05-06,2748.49,2796.19,2720.78,2722.34,19396200
2015-05-07,2712.33,2712.33,2669.49,2671.49,16255500
2015-05-08,2697.63,2785.74,2697.63,2785.74,18612800
2015-05-11,2821.49,2917.26,2821.49,2917.26,24502000
2015-05-12,2945.68,2999.56,2936.06,2999.53,28865400
2015-05-13,2989.75,3074.26,2989.75,3052.48,29524000
2015-05-14,3070.16,3109.38,3068.9,3104.43,28654800
2015-05-15,3096.77,3123.76,3047.78,3101.56,25158700
2015-05-18,3106.44,3208.74,3106.44,3208.38,27232100
2015-05-19,3236.57,3304.29,3230.55,3304.29,28739500
2015-05-20,3332.91,3450.81,3332.91,3411.24,33124700
2015-05-21,3439.56,3550.33,3439.56,3550.33,32512000
2015-05-22,3615.68,3618.48,3519.65,3589.8,36595000
2015-05-25,3556.84,3651.26,3555.16,3643.55,34069400
2015-05-26,3665.68,3788.96,3665.68,3788.96,33087400
2015-05-27,3822.48,3875.83,3741.78,3866.04,33115700
2015-05-28,3872.24,3936.4,3690.08,3692.18,37555900
2015-05-29,3674.94,3804.02,3558.54,3751.66,35114200
2015-06-01,3803.42,3946.28,3803.42,3946.28,29377200
2015-06-02,3998.34,4136.86,3998.34,4136.71,34191000
2015-06-03,4178.93,4188.85,4087.57,4188.38,36461600
2015-06-04,4161.09,4174.62,3946.89,4131.63,34722200
2015-06-05,4188.01,4201.84,4125.11,4168.05,34992400
2015-06-08,4160.44,4160.44,4042.35,4059.83,32393600
2015-06-09,4039.16,4086.49,4014.62,4066.39,25259700
2015-06-10,4046.22,4201.36,4043.12,4166.29,28023400
2015-06-11,4159.85,4260.58,4159.85,4260.58,28302700
2015-06-12,4277.04,4367.53,4277.04,4344.57,30607500
2015-06-15,4350.58,4367.4,4297.84,4299.25,41465400
2015-06-16,4239.65,4239.65,4077.37,4099.52,37227900
2015-06-17,4085.88,4183.99,3936.09,4183.99,33957300
2015-06-18,4177.8,4210.43,4050.38,4057.57,32076700
2015-06-19,3945.4,3946.56,3769.35,3774.56,28332300
2015-06-23,3741.05,3761.49,3534.08,3749.65,30261500
2015-06-24,3788.37,3846.55,3751.38,3846.48,32776100
2015-06-25,3857.59,3866.53,3670.45,3717.45,34430000
2015-06-26,3572.56,3572.56,3411.17,3419.72,28260000
2015-06-29,3473.29,3473.29,3150.88,3167.32,32584700
2015-06-30,3040.76,3271.58,2932.46,3264.39,41988000
2015-07-01,3223.44,3323.01,3065.21,3066.69,35158000
2015-07-02,3020.9,3020.9,2854.28,2863.8,29803000
2015-07-03,2723.4,2827.71,2661.85,2679.26,30023700
2015-07-06,2840.48,2840.48,2504.85,2529.66,37647500
2015-07-07,2418.42,2418.42,2381.29,2383.21,12738600
2015-07-08,2292.48,2311.52,2292.42,2307.67,18736300
2015-07-09,2254.83,2385.52,2254.83,2385.45,25557300
2015-07-10,2424.86,2476.19,2424.86,2476.05,16737600
2015-07-13,2563.59,2600.34,2556.57,2597.37,26814400
2015-07-14,2659.31,2720.56,2659.31,2671.14,35926200
2015-07-15,2672.98,2672.98,2548.85,2556.19,39792400
2015-07-16,2462.58,2624.68,2431.34,2571.28,38873500
2015-07-17,2576.66,2712.88,2576.66,2698.72,35475400
2015-07-20,2715.71,2787.95,2710.36,2772.93,43421200
2015-07-21,2751.33,2862.86,2751.33,2848.27,40476500
2015-07-22,2862.75,2904.91,2823.38,2903.35,43228600
2015-07-23,2911.56,3011.42,2910.64,3004.74,46551900
2015-07-24,3015.76,3064.91,2972.17,2976.94,47943500
2015-07-27,2922.79,2996.8,2785.91,2785.91,41674500
2015-07-28,2618.89,2787.72,2600.56,2674.2,43116400
2015-07-29,2716.03,2798.57,2623.81,2798.57,38422200
2015-07-30,2790.65,2841.56,2723.44,2724.42,40493900
2015-07-31,2667.73,2737.23,2627.75,2660.02,29510200
2015-08-03,2621.17,2627.23,2502.22,2517.09,28332500
2015-08-04,2513.36,2668.91,2507.5,2668.91,32966200
2015-08-05,2665.55,2716.86,2630.2,2660.72,37513400
2015-08-06,2598.92,2679.96,2598.92,2657.48,27777500
2015-08-07,2678.73,2754.73,2678.73,2754.73,33182800
2015-08-10,2786.15,2901.25,2784.06,2886.9,40445800
2015-08-11,2891.27,2952.51,2891.27,2925.58,44391700
2015-08-12,2891.96,2939.71,2888.77,2888.87,37545200
2015-08-13,2874.48,2970.17,2863.64,2970.17,37904800
2015-08-14,2995.98,3035.23,2995.98,3013.89,43594700
2015-08-17,3004.91,3069.51,2991.48,3069.51,41814900
2015-08-18,3075.32,3085.43,2865.01,2868.81,49515100
2015-08-19,2759.7,2955.51,2707.22,2938.46,42724300
2015-08-20,2903.28,2945.17,2831.22,2831.65,34653100
2015-08-21,2776.74,2802.74,2683.3,2686.44,30330600
2015-08-24,2568.37,2568.37,2494.89,2497.18,20405300
2015-08-25,2331.74,2377.23,2326.83,2331.13,20679200
2015-08-26,2320.92,2383.18,2221.61,2242.49,35609600
2015-08-27,2274.56,2301.37,2200.79,2301.37,28641500
2015-08-28,2331.5,2432.2,2326.93,2432.2,32565300
2015-08-31,2419.47,2419.47,2353.91,2355.45,29764300
2015-09-01,2324.7,2324.7,2221.71,2223.21,25333200
2015-09-02,2120.47,2252.99,2120.47,2130.98,25291400
2015-09-07,2159.62,2211.93,2158.75,2166.37,23838200
2015-09-08,2156.26,2264.65,2148.84,2264.65,23733000
2015-09-09,2279.77,2355.77,2279.77,2355.77,33389200
2015-09-10,2318.17,2363.87,2318.17,2325.15,28002800
2015-09-11,2313.49,2348.53,2310.7,2348.53,23995400
2015-09-14,2352.36,2352.36,2194.95,2197.96,31448100
2015-09-15,2117.21,2156.41,2071.88,2085.35,24643200
2015-09-16,2079.81,2215.98,2079.81,2209.11,30940100
2015-09-17,2196.47,2254.82,2164.63,2164.63,34798800
2015-09-18,2167.33,2179.92,2140.85,2179.92,23489800
2015-09-21,2146.5,2251.11,2146.5,2251.11,27811400
2015-09-22,2251.5,2283.56,2240.25,2271.75,32120000
2015-09-23,2228.98,2278.61,2228.98,2257.53,30239900
2015-09-24,2254.93,2289.29,2254.93,2289.29,31816000
2015-09-25,2271.37,2282.82,2187.16,2200.69,30225200
2015-09-28,2197.0,2250.77,2179.55,2249.62,24369600
2015-09-29,2207.14,2239.57,2204.96,2213.94,24108900
2015-09-30,2217.72,2225.11,2188.58,2208.41,21197300
2015-10-08,2259.33,2294.35,2244.93,2288.88,31720400
2015-10-09,2281.63,2328.6,2281.63,2325.88,32595900
2015-10-12,2336.56,2436.82,2336.56,2424.83,43819900
2015-10-13,2410.82,2464.92,2410.82,2464.92,40544800
2015-10-14,2455.11,2474.18,2437.8,2443.82,42704300
2015-10-15,2427.93,2515.29,2427.93,2515.29,42577300
2015-10-16,2530.74,2555.72,2505.66,2555.32,48025900
2015-10-19,2559.12,2577.12,2540.04,2567.59,47101200
2015-10-20,2560.9,2614.29,2560.3,2614.29,44067500
2015-10-21,2610.67,2619.79,2451.97,2451.97,51148000
2015-10-22,2440.98,2545.94,2440.98,2545.94,40277500
2015-10-23,2563.58,2633.5,2563.58,2626.91,43948900
2015-10-26,2654.29,2665.96,2614.06,2653.39,46024900
2015-10-27,2627.62,2672.33,2559.66,2668.25,42929100
2015-10-28,2646.35,2680.81,2613.28,2613.28,39855600
2015-10-29,2631.11,2662.66,2604.13,2645.05,34238000
2015-10-30,2638.52,2673.89,2609.17,2639.54,33937600
2015-11-02,2571.47,2644.51,2571.47,2577.65,30542400
2015-11-03,2581.64,2600.84,2561.39,2579.06,27332900
2015-11-04,2590.11,2702.34,2590.11,2702.34,38403000
2015-11-05,2709.82,2730.05,2687.84,2705.32,44041300
2015-11-06,2709.31,2785.47,2709.31,2785.13,43140300
2015-11-09,2774.93,2841.48,2757.54,2833.09,46654500
2015-11-10,2823.29,2867.06,2823.29,2857.64,41875900
2015-11-11,2863.16,2922.22,2863.16,2922.22,41641400
2015-11-12,2934.03,2966.32,2913.22,2946.37,44776200
2015-11-13,2912.64,2922.41,2867.4,2882.01,40146200
2015-11-16,2822.28,2960.24,2822.28,2960.24,32976900
2015-11-17,2991.67,3005.11,2938.34,2939.65,44638800
2015-11-18,2941.86,2960.76,2890.72,2891.55,36138500
2015-11-19,2897.66,2975.75,2897.66,2975.75,32075400
2015-11-20,2985.48,3047.02,2985.48,3042.89,41645700
2015-11-23,3053.93,3086.95,3028.19,3034.47,43354500
2015-11-24,3030.88,3077.27,3009.41,3077.27,35715900
2015-11-25,3075.58,3144.6,3075.58,3144.6,39441900
2015-11-26,3154.3,3178.91,3128.76,3134.25,39329800
2015-11-27,3115.8,3140.0,2933.14,2950.76,42533100
2015-11-30,2951.83,2984.49,2803.06,2984.18,38551900
2015-12-01,2981.28,3018.29,2955.82,2980.85,33205500
2015-12-02,2973.88,2973.88,2863.95,2934.18,29015600
2015-12-03,2942.47,3027.77,2942.47,3027.77,28476200
2015-12-04,3022.54,3067.19,3022.54,3045.56,33673200
2015-12-07,3054.15,3104.11,3050.6,3104.11,32682700
2015-12-08,3089.09,3098.2,3035.88,3056.89,34068200
2015-12-09,3036.48,3057.95,3022.81,3036.09,28565300
2015-12-10,3029.58,3063.72,3018.57,3025.26,27660000
2015-12-11,3013.54,3018.26,2991.53,2994.14,24005200
2015-12-14,2960.32,3045.94,2960.32,3045.94,29245200
2015-12-15,3048.37,3096.12,3048.37,3089.89,31535300
2015-12-16,3100.47,3151.74,3100.47,3129.79,33739000
2015-12-17,3146.87,3232.13,3146.87,3232.13,44188600
2015-12-18,3234.53,3251.27,3208.77,3225.89,44435100
2015-12-21,3218.2,3251.77,3217.92,3251.02,40306400
2015-12-22,3255.73,3293.33,3247.01,3293.33,40300900
2015-12-23,3295.86,3307.4,3256.65,3262.53,43735100
2015-12-24,3253.94,3280.23,3217.8,3278.72,34638400
2015-12-25,3278.96,3313.16,3278.96,3305.67,33597400
2015-12-28,3311.81,3327.26,3215.89,3215.89,42033200
2015-12-29,3207.63,3252.58,3179.53,3252.58,31494700
2015-12-30,3255.78,3289.17,3255.78,3288.27,33388900
2015-12-31,3289.05,3289.05,3221.09,3221.09,31731400
2016-01-04,3210.93,3210.93,2953.15,2953.15,27223900
2016-01-05,2779.87,2928.32,2779.87,2872.14,38818300
2016-01-06,2884.64,2959.88,2862.91,2959.88,32457400
2016-01-07,2906.0,2906.0,2713.87,2715.1,8771500
2016-01-08,2770.86,2774.97,2580.93,2727.59,36752200
2016-01-11,2663.23,2684.03,2529.09,2529.82,32909500
2016-01-12,2517.88,2561.05,2468.65,2530.74,28207200
2016-01-13,2540.12,2564.46,2429.27,2429.27,25809300
2016-01-14,2344.84,2520.29,2344.84,2518.63,29157400
2016-01-15,2493.86,2523.8,2416.16,2423.85,28256300
2016-01-18,2371.17,2503.96,2371.17,2484.75,25695600
2016-01-19,2476.52,2585.96,2476.52,2583.08,31657300
2016-01-20,2566.92,2610.53,2546.57,2578.32,32431800
2016-01-21,2534.91,2597.14,2466.23,2466.23,30273200
2016-01-22,2493.54,2511.81,2435.42,2511.81,25082400
2016-01-25,2530.95,2562.47,2516.07,2546.45,23618300
2016-01-26,2515.03,2515.03,2354.17,2356.55,28893800
2016-01-27,2362.22,2362.22,2206.71,2326.57,28941400
2016-01-28,2291.63,2313.43,2208.9,2212.68,22366100
2016-01-29,2201.25,2314.82,2201.25,2293.66,23794300
2016-02-01,2288.74,2311.95,2244.1,2270.8,22173300
2016-02-02,2271.06,2360.49,2271.06,2359.01,23367900
2016-02-03,2331.38,2384.32,2321.87,2378.93,22054800
2016-02-04,2382.77,2443.64,2382.77,2439.2,24881300
2016-02-05,2447.84,2456.66,2416.48,2416.48,21832800
2016-02-15,2330.03,2429.28,2330.03,2419.7,18880500
2016-02-16,2427.01,2518.67,2427.01,2516.91,27006900
2016-02-17,2513.99,2557.02,2499.08,2557.02,30624600
2016-02-18,2571.17,2582.38,2554.32,2554.88,32507600
2016-02-19,2545.05,2584.76,2544.96,2574.38,26877500
2016-02-22,2605.51,2630.49,2595.07,2630.49,31753800
2016-02-23,2631.79,2634.3,2581.59,2617.62,31081700
2016-02-24,2606.66,2633.15,2563.53,2615.9,32580500
2016-02-25,2607.31,2607.31,2408.27,2412.76,35941500
2016-02-26,2432.15,2433.06,2362.94,2408.01,28401800
2016-02-29,2390.76,2390.76,2239.43,2254.46,27471900
2016-03-01,2251.56,2310.84,2217.05,2299.83,27303900
2016-03-02,2292.79,2410.98,2292.79,2408.22,34462600
2016-03-03,2408.15,2455.92,2408.15,2411.91,34235200
2016-03-04,2396.68,2411.59,2301.52,2321.24,32571000
2016-03-07,2342.13,2392.64,2342.13,2381.64,27464100
2016-03-08,2377.49,2403.39,2288.32,2403.39,31816300
2016-03-09,2348.14,2386.91,2346.29,2352.81,24597200
2016-03-10,2354.66,2369.95,2310.99,2310.99,21404700
2016-03-11,2287.05,2322.51,2276.59,2307.41,18181700
2016-03-14,2332.91,2414.6,2332.91,2394.53,27689400
2016-03-15,2387.79,2403.92,2369.73,2379.45,23016900
2016-03-16,2404.79,2404.79,2343.25,2356.39,23961400
2016-03-17,2362.59,2439.37,2362.59,2438.83,30899900
2016-03-18,2443.77,2533.5,2443.77,2528.4,41466000
2016-03-21,2555.26,2595.14,2546.13,2595.14,43247000
2016-03-22,2571.05,2612.26,2571.05,2593.19,37590600
2016-03-23,2584.49,2622.25,2582.87,2622.25,31747700
2016-03-24,2601.33,2641.7,2579.83,2593.33,35448900
2016-03-25,2586.25,2613.29,2576.42,2610.5,27860200
2016-03-28,2625.25,2651.92,2589.9,2600.21,34450500
2016-03-29,2593.93,2593.93,2523.62,2545.35,27690500
2016-03-30,2565.66,2643.36,2565.66,2643.36,30464500
2016-03-31,2660.02,2689.51,2657.54,2672.1,36288100
2016-04-01,2660.74,2670.16,2628.65,2667.24,31612600
2016-04-05,2668.91,2739.93,2668.91,2738.34,36072000
2016-04-06,2727.33,2757.52,2726.5,2757.52,35670700
2016-04-07,2760.61,2760.61,2711.87,2711.87,35146400
2016-04-08,2685.42,2692.03,2656.44,2686.77,28648700
2016-04-11,2706.52,2751.99,2706.52,2744.96,31788500
2016-04-12,2741.78,2747.91,2701.13,2728.2,30447300
2016-04-13,2739.59,2797.42,2739.59,2768.88,38715300
2016-04-14,2783.78,2813.2,2776.96,2813.2,32399900
2016-04-15,2812.61,2826.58,2800.47,2822.52,32519000
2016-04-18,2804.84,2804.84,2777.93,2792.4,30488700
2016-04-19,2803.51,2808.77,2782.61,2803.72,30757200
2016-04-20,2810.63,2810.63,2646.94,2683.54,45907300
2016-04-21,2668.44,2700.18,2646.55,2646.91,34066300
2016-04-22,2626.27,2669.38,2626.27,2669.38,26406700
2016-04-25,2660.31,2668.6,2632.31,2662.88,25221700
2016-04-26,2658.14,2699.07,2657.35,2699.07,24977500
2016-04-27,2700.46,2726.32,2690.14,2696.09,28404000
2016-04-28,2692.7,2692.7,2632.74,2689.23,26377000
2016-04-29,2674.54,2704.97,2674.54,2695.51,22037000
2016-05-03,2693.56,2773.53,2684.83,2773.53,30746100
2016-05-04,2764.51,2797.91,2764.51,2779.27,31656300
2016-05-05,2773.87,2800.87,2772.04,2800.87,27948800
2016-05-06,2803.41,2812.19,2685.93,2685.93,38928500
2016-05-09,2650.31,2650.31,2550.69,2562.6,30991800
2016-05-10,2550.13,2567.99,2537.5,2548.98,20920500
2016-05-11,2560.03,2560.03,2514.96,2515.23,24399100
2016-05-12,2471.08,2495.54,2428.6,2495.54,23561400
2016-05-13,2486.22,2520.15,2481.7,2490.11,21467400
2016-05-16,2484.61,2541.04,2479.02,2541.04,23026100
2016-05-17,2541.97,2559.17,2528.53,2539.9,26392400
2016-05-18,2512.65,2512.65,2436.76,2452.78,27565000
2016-05-19,2448.17,2497.71,2448.17,2467.17,22964700
2016-05-20,2443.18,2490.04,2443.18,2490.04,22140200
2016-05-23,2494.41,2534.97,2494.41,2534.97,25952000
2016-05-24,2530.13,2530.13,2497.95,2510.96,22739900
2016-05-25,2526.26,2537.49,2497.19,2504.1,22009500
2016-05-26,2496.51,2513.09,2446.43,2513.09,23991600
2016-05-27,2509.11,2534.77,2508.25,2519.35,23438700
2016-05-30,2506.03,2525.94,2490.2,2509.15,21349300
2016-05-31,2509.84,2604.07,2509.84,2604.07,35392500
2016-06-01,2607.83,2639.7,2607.83,2632.51,37150700
2016-06-02,2627.56,2662.44,2627.56,2662.44,31190800
2016-06-03,2664.26,2682.19,2653.37,2669.59,32553200
2016-06-06,2676.13,2683.31,2668.58,2682.5,28917700
2016-06-07,2684.29,2695.19,2671.37,2695.19,29562500
2016-06-08,2690.35,2706.91,2665.46,2691.93,32795100
2016-06-13,2650.99,2663.14,2549.3,2549.3,38875500
2016-06-14,2530.16,2559.61,2528.09,2558.82,29055600
2016-06-15,2532.29,2655.63,2532.29,2651.28,37991500
2016-06-16,2652.61,2673.8,2648.96,2657.77,40657400
2016-06-17,2658.68,2688.54,2657.36,2674.48,36609000
2016-06-20,2667.28,2686.19,2638.89,2685.14,33700200
2016-06-21,2697.31,2710.13,2644.29,2655.42,37559500
2016-06-22,2647.37,2701.61,2647.37,2701.61,31573300
2016-06-23,2700.96,2704.87,2674.38,2687.59,33384300
2016-06-24,2684.65,2700.56,2615.89,2670.11,41883100
2016-06-27,2650.22,2733.58,2650.22,2733.58,37446900
2016-06-28,2724.9,2771.17,2724.9,2771.17,43627600
2016-06-29,2780.37,2786.35,2763.67,2781.29,40343700
2016-06-30,2780.03,2789.14,2769.21,2781.97,37521500
2016-07-01,2782.08,2793.41,2772.1,2778.32,33779800
2016-07-04,2761.22,2828.34,2761.22,2826.53,39502300
2016-07-05,2830.39,2842.84,2821.09,2842.39,42518200
2016-07-06,2831.97,2857.05,2825.74,2854.5,40225400
2016-07-07,2851.41,2864.63,2830.71,2856.03,43719100
2016-07-08,2853.75,2868.62,2842.01,2853.32,35728600
2016-07-11,2854.71,2868.4,2827.99,2829.59,41194300
2016-07-12,2826.48,2847.85,2785.55,2847.85,40024900
2016-07-13,2850.16,2869.1,2840.81,2866.82,37536800
2016-07-14,2867.19,2874.18,2861.95,2874.18,33628100
2016-07-15,2874.58,2874.58,2858.43,2865.24,31643500
2016-07-18,2860.24,2868.18,2842.69,2852.77,30925500
2016-07-19,2849.57,2872.25,2839.12,2872.25,28288000
2016-07-20,2873.58,2897.26,2873.58,2883.73,31405100
2016-07-21,2884.22,2900.82,2873.59,2885.39,33827600
2016-07-22,2881.72,2882.05,2854.37,2857.51,30317200
2016-07-25,2849.89,2871.33,2846.34,2860.08,30804300
2016-07-26,2857.94,2892.63,2857.94,2892.63,30100400
2016-07-27,2891.85,2891.85,2734.39,2746.29,47291600
2016-07-28,2738.61,2754.42,2697.6,2736.29,31722200
2016-07-29,2735.77,2740.96,2710.79,2715.81,24567200
2016-08-01,2702.41,2702.41,2640.39,2668.91,25902700
2016-08-02,2664.68,2695.88,2664.68,2695.88,20588000
2016-08-03,2693.36,2711.35,2693.36,2711.35,23690300
2016-08-04,2708.82,2734.9,2703.97,2732.41,24240100
2016-08-05,2728.54,2732.34,2713.18,2713.18,24036500
2016-08-08,2703.66,2733.97,2682.05,2733.97,24611500
2016-08-09,2731.95,2766.39,2731.95,2766.39,27842500
2016-08-10,2765.29,2775.57,2760.43,2761.95,27900100
2016-08-11,2753.42,2757.85,2717.53,2717.53,26333300
2016-08-12,2711.1,2739.51,2708.3,2739.51,24283600
2016-08-15,2740.12,2799.39,2732.94,2795.28,37031400
2016-08-16,2797.71,2827.0,2797.71,2821.96,36446900
2016-08-17,2819.2,2838.85,2814.74,2837.31,36631900
2016-08-18,2829.23,2847.3,2829.23,2841.41,37071200
2016-08-19,2838.2,2850.04,2832.38,2847.11,32735900
2016-08-22,2847.24,2847.24,2811.7,2811.7,32213200
2016-08-23,2807.13,2831.2,2807.03,2823.39,30005200
2016-08-24,2826.31,2850.44,2826.31,2839.11,31500700
2016-08-25,2823.13,2825.69,2790.21,2825.18,32148600
2016-08-26,2828.53,2856.75,2828.53,2841.05,31385300
2016-08-29,2838.99,2856.05,2838.99,2849.94,29941100
2016-08-30,2851.32,2860.67,2849.18,2853.32,31249200
2016-08-31,2854.05,2858.83,2838.06,2858.83,32906700
2016-09-01,2857.03,2867.05,2843.61,2843.61,33710300
2016-09-02,2835.26,2848.06,2818.89,2830.11,30138700
2016-09-05,2836.13,2854.07,2833.82,2846.17,29835300
2016-09-06,2846.04,2891.68,2830.23,2891.68,39181700
2016-09-07,2891.93,2915.55,2891.93,2898.26,43955200
2016-09-08,2893.08,2911.69,2893.08,2911.69,34699200
2016-09-09,2910.8,2917.79,2895.73,2895.87,36839200
2016-09-12,2838.28,2854.64,2810.87,2811.23,37857900
2016-09-13,2828.17,2846.85,2823.0,2846.85,32578000
2016-09-14,2831.28,2848.44,2823.2,2832.36,31575000
2016-09-19,2838.27,2867.63,2838.27,2867.63,29455000
2016-09-20,2869.37,2874.0,2863.59,2874.0,31495700
2016-09-21,2872.66,2892.49,2872.66,2884.31,30433100
2016-09-22,2899.21,2907.25,2897.84,2905.42,32826200
2016-09-23,2906.94,2910.33,2897.95,2897.95,33101500
2016-09-26,2890.06,2890.06,2830.61,2830.79,34407300
2016-09-27,2823.93,2849.29,2803.76,2849.29,30535400
2016-09-28,2847.03,2849.62,2838.04,2844.42,26377500
2016-09-29,2844.9,2860.63,2844.75,2851.55,26343200
2016-09-30,2847.42,2870.26,2847.42,2869.29,25857800
2016-10-10,2884.18,2934.9,2882.83,2934.9,33744100
2016-10-11,2934.75,2961.75,2934.75,2961.75,37278400
2016-10-12,2954.13,2968.5,2953.91,2968.5,34435300
2016-10-13,2971.52,2989.9,2969.48,2982.43,35858900
2016-10-14,2978.67,2984.82,2961.12,2984.1,36459700
2016-10-17,2986.11,2991.02,2945.49,2954.23,37298000
2016-10-18,2948.74,3008.97,2948.74,3008.97,37229400
2016-10-19,3013.61,3019.44,3004.72,3013.58,41829300
2016-10-20,3010.43,3026.14,3005.93,3024.35,40015500
2016-10-21,3020.6,3022.33,2982.43,3011.14,37979400
2016-10-24,3008.94,3033.65,3005.38,3032.25,35126800
2016-10-25,3032.38,3046.08,3029.91,3046.08,36046500
2016-10-26,3045.04,3047.93,3026.2,3037.86,40833700
2016-10-27,3033.3,3045.52,3030.6,3045.37,33967300
2016-10-28,3041.68,3047.25,3012.32,3012.32,39335600
2016-10-31,2999.9,3012.05,2987.62,3012.05,32177000
2016-11-01,3010.53,3057.69,3010.53,3057.69,36596600
2016-11-02,3050.42,3062.07,3048.64,3048.64,41895900
2016-11-03,3036.72,3091.68,3036.72,3071.57,45845200
2016-11-04,3066.9,3083.32,3056.77,3063.45,41274500
2016-11-07,3058.63,3072.27,3054.81,3066.02,37280500
2016-11-08,3072.31,3086.93,3070.61,3086.46,38025900
2016-11-09,3083.74,3087.73,3039.13,3067.35,45063800
2016-11-10,3089.18,3116.6,3089.18,3116.6,43820100
2016-11-11,3119.63,3130.37,3118.74,3130.37,48883400
2016-11-14,3125.28,3143.19,3125.28,3143.19,45622900
2016-11-15,3141.58,3166.39,3137.02,3166.39,42214700
2016-11-16,3168.47,3178.11,3167.72,3167.91,42024700
2016-11-17,3161.11,3161.49,3139.04,3157.61,41172100
2016-11-18,3158.83,3170.7,3156.87,3158.84,37548000
2016-11-21,3155.09,3176.26,3155.09,3176.26,37158300
2016-11-22,3179.72,3208.64,3135.84,3208.64,40691700
2016-11-23,3210.4,3212.29,3188.82,3190.92,41594300
2016-11-24,3187.04,3195.95,3167.31,3176.95,42294200
2016-11-25,3173.12,3175.13,3108.55,3174.82,39740100
2016-11-28,3175.65,3177.66,3164.06,3164.31,34402600
2016-11-29,3157.41,3157.41,3112.9,3112.9,35287600
2016-11-30,3102.31,3113.92,3091.88,3104.65,29838400
2016-12-01,3103.98,3119.37,3103.98,3119.37,29471400
2016-12-02,3120.0,3120.0,3056.84,3056.84,31705100
2016-12-05,3020.67,3053.56,3020.67,3038.45,25477500
2016-12-06,3037.22,3059.28,3037.22,3051.81,23806600
2016-12-07,3049.58,3092.0,3047.82,3092.0,25773900
2016-12-08,3094.28,3094.28,3074.81,3074.81,28182100
2016-12-09,3068.46,3074.08,3057.75,3063.05,26190800
2016-12-12,3058.41,3058.41,2888.39,2890.09,46415500
2016-12-13,2877.07,2918.04,2851.34,2908.83,34213800
2016-12-14,2904.62,2934.47,2898.91,2901.51,36716400
2016-12-15,2890.25,2950.99,2890.25,2938.25,37797100
2016-12-16,2936.29,2977.99,2936.29,2974.84,38657300
2016-12-19,2973.08,2980.71,2967.45,2975.88,35886500
2016-12-20,2971.45,2984.14,2968.56,2982.06,36776700
2016-12-21,2984.69,3007.81,2984.69,3007.81,37612800
2016-12-22,3004.54,3004.54,2990.36,2999.94,33669200
2016-12-23,2994.9,2994.9,2959.28,2960.73,34379300
2016-12-26,2947.23,2979.9,2913.23,2979.9,31825600
2016-12-27,2980.47,3003.55,2980.47,2996.1,34248900
2016-12-28,2990.39,3001.27,2985.41,2985.73,35533200
2016-12-29,2979.03,2993.43,2970.76,2975.37,32583100
2016-12-30,2973.49,2985.79,2968.79,2975.34,32186200
2017-01-03,2978.68,3008.7,2978.68,3008.7,32162200
2017-01-04,3012.69,3048.7,3010.18,3048.7,41842900
2017-01-05,3048.45,3060.68,3048.45,3051.86,44617700
2017-01-06,3045.46,3045.46,3022.24,3022.73,44158300
2017-01-09,3013.77,3032.77,3009.12,3032.77,39942400
2017-01-10,3030.27,3043.75,3025.11,3027.49,41618700
2017-01-11,3020.73,3027.06,2988.94,2988.94,37756800
2017-01-12,2983.14,2997.06,2959.07,2959.07,34290600
2017-01-13,2955.98,2958.17,2896.64,2899.18,33592000
2017-01-16,2886.25,2886.25,2699.58,2765.61,42715600
2017-01-17,2751.45,2798.91,2720.2,2798.91,33719100
2017-01-18,2790.28,2798.18,2782.77,2785.83,30689200
2017-01-19,2775.05,2783.04,2757.27,2767.19,28222800
2017-01-20,2761.91,2818.96,2761.91,2815.53,30576500
2017-01-23,2818.05,2849.94,2818.05,2847.44,30187000
2017-01-24,2847.89,2847.89,2836.69,2839.5,29570500
2017-01-25,2835.38,2850.42,2829.93,2842.7,28607000
2017-01-26,2843.03,2859.43,2843.03,2859.43,24319500
2017-02-03,2860.24,2860.24,2840.14,2850.91,22383600
2017-02-06,2850.5,2889.14,2847.2,2889.14,30337500
2017-02-07,2886.43,2902.07,2885.04,2901.58,32990300
2017-02-08,2895.74,2926.63,2884.71,2926.63,36088900
2017-02-09,2925.17,2956.89,2925.17,2956.3,43324900
2017-02-10,2954.19,2960.07,2947.88,2948.39,46249300
2017-02-13,2941.72,2966.28,2940.88,2965.95,41656700
2017-02-14,2962.12,2964.5,2951.37,2959.95,37402300
2017-02-15,2955.48,2960.76,2926.01,2930.8,43583400
2017-02-16,2926.24,2950.83,2926.22,2950.83,39170300
2017-02-17,2947.74,2954.64,2919.04,2920.99,41081900
2017-02-20,2916.37,2936.01,2908.48,2936.01,39529600
2017-02-21,2934.83,2960.21,2934.83,2960.21,38264100
2017-02-22,2959.26,2975.12,2956.87,2975.12,41770000
2017-02-23,2972.01,2972.01,2953.92,2967.55,40492200
2017-02-24,2961.82,2977.92,2960.11,2977.92,33569900
2017-02-27,2976.84,2977.84,2954.9,2955.21,33996700
2017-02-28,2951.85,2966.08,2950.42,2966.08,29819000
2017-03-01,2962.84,2982.77,2962.61,2976.73,35555900
2017-03-02,2978.03,2979.04,2957.47,2957.47,34918600
2017-03-03,2948.21,2967.22,2936.64,2965.53,33020300
2017-03-06,2967.62,3000.47,2967.62,3000.47,34508100
2017-03-07,3000.61,3012.3,2995.85,3012.3,34999600
2017-03-08,3010.08,3010.08,2993.49,3002.6,34657900
2017-03-09,2997.55,2997.55,2977.32,2984.19,34098000
2017-03-10,2981.49,2995.12,2981.49,2985.04,32267600
2017-03-13,2981.75,3001.73,2965.2,3001.73,32745100
2017-03-14,3000.41,3005.16,2992.61,3000.86,32345300
2017-03-15,2994.45,2998.4,2988.98,2993.45,29341100
2017-03-16,2997.24,3026.95,2997.24,3026.95,35200200
2017-03-17,3027.86,3038.98,3008.88,3008.88,39519800
2017-03-20,3003.71,3018.48,2996.15,3018.48,33647800
2017-03-21,3016.89,3026.98,3012.42,3026.98,32755300
2017-03-22,3012.7,3018.61,2993.94,3008.23,34532200
2017-03-23,3009.09,3021.45,2983.48,3007.8,38648800
2017-03-24,3005.05,3009.89,2990.17,3009.89,38382500
2017-03-27,3008.61,3009.26,2999.99,3002.76,40032900
2017-03-28,2998.52,3003.32,2992.45,2994.47,32028800
2017-03-29,2991.58,2991.58,2964.2,2965.43,39163900
2017-03-30,2956.79,2956.79,2887.67,2887.67,46329600
2017-03-31,2885.0,2897.74,2872.76,2886.06,33913000
2017-04-05,2893.17,2938.73,2893.17,2938.73,33689700
2017-04-06,2941.74,2955.42,2941.74,2952.69,32958600
2017-04-07,2950.68,2953.66,2941.46,2949.31,32856900
2017-04-10,2942.08,2942.08,2906.62,2906.62,38449600
2017-04-11,2901.43,2922.27,2878.11,2922.27,41037000
2017-04-12,2915.33,2915.33,2892.99,2893.34,35195900
2017-04-13,2886.99,2907.8,2886.99,2898.92,27912400
2017-04-14,2895.13,2895.13,2849.16,2851.95,33208000
2017-04-17,2837.14,2837.14,2781.36,2793.57,32587700
2017-04-18,2787.64,2801.36,2762.58,2762.58,29924600
2017-04-19,2747.65,2747.65,2689.79,2720.12,33089800
2017-04-20,2716.84,2730.56,2682.99,2700.7,28066800
2017-04-21,2699.11,2706.44,2682.21,2682.21,22533700
2017-04-24,2674.9,2674.9,2589.76,2589.76,25395200
2017-04-25,2591.08,2615.27,2589.4,2599.35,22942700
2017-04-26,2597.3,2609.09,2597.3,2609.09,22543900
2017-04-27,2602.56,2627.26,2552.1,2625.82,32307100
2017-04-28,2618.27,2647.38,2618.27,2647.38,26134700
2017-05-02,2643.58,2656.81,2640.74,2655.91,24012400
2017-05-03,2651.98,2660.21,2645.53,2652.92,26689300
2017-05-04,2647.32,2668.0,2633.16,2647.27,26348300
2017-05-05,2642.26,2646.01,2614.26,2614.8,25030000
2017-05-08,2606.38,2606.38,2553.28,2553.28,23588400
2017-05-09,2542.43,2565.78,2524.33,2565.78,20911900
2017-05-10,2563.93,2581.94,2524.15,2525.04,23205900
2017-05-11,2508.57,2508.57,2446.41,2503.78,27122900
2017-05-12,2498.31,2505.18,2479.47,2497.69,21260000
2017-05-15,2499.04,2510.95,2499.04,2505.22,21142500
2017-05-16,2500.36,2559.12,2486.46,2559.12,28359900
2017-05-17,2557.34,2583.21,2557.34,2572.54,30799600
2017-05-18,2551.81,2574.62,2551.81,2555.71,24979000
2017-05-19,2554.22,2561.11,2538.2,2549.71,20823000
2017-05-22,2545.73,2546.87,2485.88,2490.78,22537500
2017-05-23,2485.51,2485.51,2408.93,2410.39,25002400
2017-05-24,2397.07,2420.72,2371.1,2420.72,21712400
2017-05-25,2414.46,2431.46,2384.14,2431.4,23920000
2017-05-26,2429.67,2442.96,2427.07,2432.45,20482800
2017-05-31,2452.82,2457.91,2425.04,2425.39,20585700
2017-06-01,2417.51,2417.51,2353.12,2353.12,22703300
2017-06-02,2342.2,2380.31,2321.91,2378.08,22874500
2017-06-05,2382.48,2403.44,2382.48,2400.64,19998700
2017-06-06,2398.58,2408.15,2396.68,2407.11,19308900
2017-06-07,2407.62,2464.97,2407.62,2464.97,29191800
2017-06-08,2465.04,2476.25,2460.64,2467.37,27980800
2017-06-09,2465.62,2471.49,2449.64,2471.49,27627900
2017-06-12,2455.52,2455.52,2420.78,2420.89,37171600
2017-06-13,2415.29,2462.27,2415.29,2460.8,35012300
2017-06-14,2456.38,2469.19,2455.25,2464.44,37573700
2017-06-15,2457.61,2503.43,2457.61,2497.87,42185200
2017-06-16,2493.69,2496.61,2486.87,2490.72,36419000
2017-06-19,2487.17,2504.89,2486.68,2504.89,34666900
2017-06-20,2506.36,2515.92,2502.32,2506.55,38712900
2017-06-21,2506.75,2509.07,2491.63,2506.63,35954500
2017-06-22,2503.35,2503.35,2451.5,2451.5,39115200
2017-06-23,2448.21,2458.7,2414.5,2454.41,35194300
2017-06-26,2452.69,2483.5,2449.75,2483.5,32317300
2017-06-27,2483.65,2496.42,2478.75,2491.0,34143200
2017-06-28,2482.6,2482.6,2462.64,2466.18,31745600
2017-06-29,2466.0,2479.21,2466.0,2474.03,29757700
2017-06-30,2466.98,2478.22,2458.93,2478.22,28295500
2017-07-03,2480.07,2499.79,2475.1,2499.79,30480700
2017-07-04,2498.72,2500.26,2489.95,2497.38,29763900
2017-07-05,2495.06,2516.85,2490.27,2516.85,33071200
2017-07-06,2515.28,2523.6,2500.14,2522.59,39971700
2017-07-07,2519.3,2535.84,2519.3,2535.84,40636700
2017-07-10,2529.91,2531.46,2512.22,2516.5,43338800
2017-07-11,2509.8,2513.15,2481.77,2481.77,39498100
2017-07-12,2477.77,2480.73,2435.0,2479.99,38030800
2017-07-13,2475.13,2482.87,2471.8,2478.88,34750300
2017-07-14,2474.4,2474.4,2456.01,2463.47,32215200
2017-07-17,2450.75,2450.75,2315.57,2316.01,48267700
2017-07-18,2301.12,2338.11,2294.72,2338.11,34219300
2017-07-19,2332.6,2366.59,2327.49,2366.59,39097700
2017-07-20,2362.74,2386.36,2362.74,2374.03,39658300
2017-07-21,2367.06,2376.97,2366.52,2370.3,35743700
2017-07-24,2362.74,2386.88,2360.34,2386.88,39935200
2017-07-25,2382.63,2387.37,2369.08,2381.19,33936700
2017-07-26,2380.14,2384.81,2370.4,2382.73,34950000
2017-07-27,2380.11,2419.31,2377.59,2419.3,45339800
2017-07-28,2415.0,2423.75,2414.68,2417.1,37428700
2017-07-31,2415.2,2433.12,2411.58,2432.69,42317900
2017-08-01,2433.5,2437.24,2421.47,2432.61,43544500
2017-08-02,2429.66,2429.66,2407.5,2407.71,45207600
2017-08-03,2401.07,2428.13,2401.07,2420.2,41169000
2017-08-04,2419.72,2427.95,2410.41,2410.41,43977000
2017-08-07,2406.34,2428.45,2406.34,2428.45,37929600
2017-08-08,2428.61,2434.91,2421.72,2433.0,41043500
2017-08-09,2431.08,2442.88,2424.11,2442.88,39301300
2017-08-10,2436.97,2441.26,2407.75,2420.79,44878500
2017-08-11,2405.67,2411.17,2385.64,2386.01,41634100
2017-08-14,2384.97,2428.6,2384.97,2428.6,36948800
2017-08-15,2429.32,2440.12,2426.56,2440.12,37217100
2017-08-16,2437.86,2455.07,2434.92,2454.16,38758900
2017-08-17,2454.18,2471.36,2452.06,2471.36,40261600
2017-08-18,2457.16,2468.34,2456.14,2464.97,39600800
2017-08-21,2465.53,2484.35,2465.53,2484.35,35977300
2017-08-22,2482.82,2482.82,2465.48,2468.64,37140100
2017-08-23,2465.54,2470.06,2451.35,2459.73,35365900
2017-08-24,2458.2,2458.92,2440.45,2444.29,34625800
2017-08-25,2440.83,2468.42,2440.83,2467.39,34899400
2017-08-28,2467.89,2497.26,2467.89,2495.02,40962500
2017-08-29,2493.5,2501.43,2492.46,2496.81,42110700
2017-08-30,2494.64,2503.17,2492.93,2502.4,42298200
2017-08-31,2500.92,2513.94,2499.2,2513.94,39306300
2017-09-01,2514.77,2528.64,2511.68,2528.64,44320600
2017-09-04,2528.98,2541.57,2525.44,2541.57,48834800
2017-09-05,2539.59,2543.64,2530.5,2542.55,41674400
2017-09-06,2536.38,2548.53,2528.4,2548.53,41329900
2017-09-07,2547.52,2562.69,2544.16,2544.16,46824700
2017-09-08,2541.59,2553.84,2536.96,2551.59,41101700
2017-09-11,2550.75,2575.48,2548.75,2575.48,42440700
2017-09-12,2577.6,2582.77,2561.98,2565.53,55909000
2017-09-13,2562.02,2578.31,2558.98,2578.31,42064600
2017-09-14,2578.59,2585.9,2571.03,2577.39,46000200
2017-09-15,2574.0,2574.0,2556.68,2563.15,41639900
2017-09-18,2559.58,2581.66,2558.08,2581.66,34871900
2017-09-19,2581.64,2585.19,2570.5,2574.34,37803500
2017-09-20,2571.22,2595.74,2567.12,2595.74,39913200
2017-09-21,2595.28,2598.77,2571.7,2571.7,41144000
2017-09-22,2565.69,2569.34,2550.47,2564.09,36709800
2017-09-25,2561.96,2564.39,2530.59,2530.59,34831700
2017-09-26,2528.13,2533.06,2517.02,2528.53,30268300
2017-09-27,2528.67,2551.04,2528.0,2549.58,32102900
2017-09-28,2547.21,2553.46,2536.21,2536.24,34966800
2017-09-29,2537.21,2560.16,2537.21,2560.16,33602700
2017-10-09,2583.81,2588.39,2577.98,2588.25,35093400
2017-10-10,2588.25,2611.06,2587.72,2611.06,39121700
2017-10-11,2610.37,2612.62,2602.77,2605.57,44298000
2017-10-12,2603.41,2605.96,2584.4,2602.06,39922700
2017-10-13,2598.53,2610.79,2595.27,2610.5,36663600
2017-10-16,2605.59,2605.59,2551.2,2551.2,42381900
2017-10-17,2545.27,2559.69,2541.0,2552.81,29845100
2017-10-18,2552.87,2560.36,2525.56,2525.6,34514700
2017-10-19,2521.03,2522.74,2491.34,2494.87,33604100
2017-10-20,2492.67,2526.35,2492.67,2526.3,30178100
2017-10-23,2523.92,2543.28,2523.92,2543.28,30306300
2017-10-24,2539.21,2539.21,2508.32,2522.59,30225200
2017-10-25,2520.95,2541.48,2520.95,2541.48,27669200
2017-10-26,2540.61,2555.15,2537.7,2553.99,33385600
2017-10-27,2551.08,2551.31,2534.23,2535.36,31090200
2017-10-30,2529.21,2529.21,2456.04,2470.01,36797900
2017-10-31,2466.99,2491.87,2466.99,2491.87,26443000
2017-11-01,2491.13,2498.44,2489.1,2493.5,28882600
2017-11-02,2490.12,2490.12,2462.23,2462.26,29609500
2017-11-03,2459.06,2461.82,2430.4,2442.14,28955300
2017-11-06,2441.92,2463.83,2434.69,2463.83,27747300
2017-11-07,2461.62,2470.05,2453.89,2470.05,30244900
2017-11-08,2468.31,2488.56,2468.31,2479.06,32911200
2017-11-09,2477.95,2494.75,2477.95,2494.75,31300200
2017-11-10,2492.64,2499.41,2487.0,2497.0,32573500
2017-11-13,2496.88,2496.88,2489.68,2493.26,33725300
2017-11-14,2491.97,2491.97,2468.08,2473.54,35575300
2017-11-15,2468.44,2470.68,2450.65,2455.59,29232400
2017-11-16,2452.15,2459.55,2446.42,2446.56,28497700
2017-11-17,2442.05,2442.05,2347.0,2347.6,38613000
2017-11-20,2333.76,2348.07,2287.49,2348.07,27892500
2017-11-21,2341.79,2359.18,2330.52,2343.48,26776100
2017-11-22,2343.13,2348.27,2325.4,2338.92,26352700
2017-11-23,2337.41,2337.41,2290.9,2290.9,28369500
2017-11-24,2284.17,2298.74,2282.54,2296.68,24476600
2017-11-27,2292.15,2295.03,2272.08,2273.16,22687900
2017-11-28,2270.51,2304.06,2270.51,2304.06,22412100
2017-11-29,2305.19,2309.99,2289.43,2309.99,28351600
2017-11-30,2307.68,2314.0,2298.49,2303.69,25228200
2017-12-01,2301.06,2326.25,2301.06,2326.25,24855100
2017-12-04,2322.25,2322.25,2293.14,2293.68,26369700
2017-12-05,2287.15,2287.71,2219.35,2230.32,30968900
2017-12-06,2224.05,2249.58,2206.8,2249.58,24662900
2017-12-07,2244.55,2258.43,2240.65,2248.65,21947000
2017-12-08,2245.16,2273.54,2245.16,2272.41,23371400
2017-12-11,2272.58,2291.19,2272.58,2291.19,27826300
2017-12-12,2289.63,2289.63,2265.03,2265.03,27594000
2017-12-13,2261.36,2280.38,2261.36,2280.38,23756800
2017-12-14,2278.56,2283.69,2272.44,2283.68,27507600
2017-12-15,2280.81,2285.84,2272.19,2282.35,30250000
2017-12-18,2279.29,2280.5,2260.85,2268.11,28104700
2017-12-19,2266.43,2281.41,2266.43,2281.41,25982600
2017-12-20,2279.91,2279.91,2255.54,2256.99,28208200
2017-12-21,2253.91,2261.87,2233.12,2257.56,28625100
2017-12-22,2253.91,2258.95,2251.77,2253.39,25413700
2017-12-25,2249.9,2249.9,2217.78,2222.84,29729900
2017-12-26,2218.8,2242.69,2215.78,2242.69,29102800
2017-12-27,2240.62,2243.88,2232.99,2233.2,31188900
2017-12-28,2229.62,2245.64,2227.1,2242.06,32683400
2017-12-29,2240.84,2258.28,2240.84,2258.28,28877500
2018-01-02,2259.28,2277.13,2257.18,2277.13,32736300
2018-01-03,2275.52,2295.8,2275.52,2295.8,41504600
2018-01-04,2292.58,2297.09,2292.03,2296.33,38873800
2018-01-05,2292.85,2299.27,2290.82,2296.96,37017500
2018-01-08,2293.9,2296.61,2282.71,2296.61,37151500
2018-01-09,2294.98,2295.62,2288.78,2293.19,34319300
2018-01-10,2291.97,2291.97,2259.34,2273.82,36999800
2018-01-11,2269.3,2286.59,2263.22,2285.99,33578600
2018-01-12,2282.6,2284.79,2272.8,2275.2,34535600
2018-01-15,2268.77,2268.77,2215.08,2218.63,39080400
2018-01-16,2215.03,2231.84,2215.03,2231.84,32037400
2018-01-17,2228.5,2232.99,2204.43,2232.69,34399300
2018-01-18,2229.61,2240.98,2229.61,2240.19,28681200
2018-01-19,2237.89,2246.3,2232.04,2234.66,31979300
2018-01-22,2229.01,2245.23,2216.88,2245.23,31555600
2018-01-23,2242.57,2250.1,2242.57,2248.21,30412200
2018-01-24,2245.59,2256.7,2234.02,2256.7,33127400
2018-01-25,2253.57,2267.6,2253.57,2254.0,36888500
2018-01-26,2248.56,2253.38,2242.96,2244.95,31012400
2018-01-29,2240.95,2241.48,2212.41,2215.26,33615900
2018-01-30,2212.17,2217.03,2207.91,2211.81,26930400
2018-01-31,2202.33,2202.33,2150.36,2155.03,36961100
2018-02-01,2148.55,2150.44,2061.59,2061.59,41811500
2018-02-02,2041.56,2043.5,2000.04,2038.24,35706800
2018-02-05,2013.01,2031.74,2013.01,2025.86,26608000
2018-02-06,1994.36,1996.85,1921.87,1922.26,34980900
2018-02-07,1948.99,1952.93,1903.95,1931.86,31991300
2018-02-08,1926.17,1957.6,1926.17,1957.6,26119700
2018-02-09,1916.69,1927.35,1885.91,1904.04,31261800
2018-02-12,1911.31,1954.35,1911.31,1950.91,26272300
2018-02-13,1955.77,1965.93,1950.26,1951.06,25681900
2018-02-14,1948.34,1957.71,1944.67,1957.71,18559800
2018-02-22,1964.67,1987.25,1964.67,1987.25,23125200
2018-02-23,1987.32,1994.66,1982.01,1994.66,25100800
2018-02-26,2001.26,2036.7,2001.26,2036.7,34337700
2018-02-27,2034.67,2042.6,2034.67,2041.18,33234000
2018-02-28,2030.61,2048.26,2019.63,2045.3,30590500
2018-03-01,2035.96,2072.53,2035.96,2072.53,34330800
2018-03-02,2061.74,2075.04,2061.74,2063.88,34671200
2018-03-05,2064.31,2075.92,2062.96,2075.92,30462900
2018-03-06,2077.3,2099.01,2077.3,2099.01,37002900
2018-03-07,2096.07,2100.29,2087.65,2089.2,34181700
2018-03-08,2086.66,2110.05,2086.66,2110.05,35177100
2018-03-09,2110.68,2142.07,2110.68,2142.07,44642500
2018-03-12,2147.52,2174.53,2147.52,2174.53,50065300
2018-03-13,2171.44,2179.74,2162.85,2165.22,46056900
2018-03-14,2159.18,2164.1,2145.3,2145.3,40985300
2018-03-15,2134.72,2134.72,2102.34,2124.96,41769000
2018-03-16,2124.12,2138.87,2124.12,2126.17,35729400
2018-03-19,2124.19,2140.05,2118.5,2135.03,33798600
2018-03-20,2122.07,2143.38,2118.24,2143.38,40820000
2018-03-21,2144.9,2162.46,2132.17,2132.58,46966300
2018-03-22,2130.43,2146.81,2122.14,2137.79,41434700
2018-03-23,2080.19,2092.08,2000.8,2020.31,60330500
2018-03-26,1988.87,2045.85,1960.24,2045.84,42642900
2018-03-27,2060.92,2101.64,2060.92,2099.63,47887100
2018-03-28,2078.57,2104.27,2078.57,2093.5,44041400
2018-03-29,2098.3,2113.74,2095.54,2113.57,40747000
2018-03-30,2117.69,2145.26,2117.69,2145.26,45195500
2018-04-02,2150.4,2164.64,2149.57,2153.1,48929100
2018-04-03,2124.73,2133.97,2122.2,2133.58,43951100
2018-04-04,2141.47,2150.23,2127.29,2129.42,43866200
2018-04-09,2119.79,2139.36,2104.28,2136.36,43215300
2018-04-10,2134.74,2137.21,2112.67,2136.54,45231500
2018-04-11,2140.27,2158.84,2140.27,2155.54,45406200
2018-04-12,2151.67,2158.04,2141.02,2146.03,43126800
2018-04-13,2150.6,2154.5,2134.99,2137.17,37698400
2018-04-16,2131.6,2135.04,2108.15,2121.98,36750500
2018-04-17,2124.24,2127.4,2072.81,2072.81,42041000
2018-04-18,2079.55,2094.8,2041.93,2092.31,39175600
2018-04-19,2087.57,2105.31,2087.57,2095.82,36857800
2018-04-20,2086.33,2088.56,2047.53,2047.53,37258900
2018-04-23,2043.77,2053.76,2014.36,2032.88,31283900
2018-04-24,2031.88,2080.19,2031.88,2080.19,35604200
2018-04-25,2072.43,2092.06,2072.43,2091.58,36037000
2018-04-26,2086.51,2086.51,2049.98,2049.98,36781400
2018-04-27,2052.94,2057.88,2043.77,2051.62,34582400
2018-05-02,2048.29,2056.76,2029.07,2040.44,35582200
2018-05-03,2035.99,2061.05,2014.47,2061.05,35898400
2018-05-04,2056.81,2070.66,2056.81,2061.52,35415400
2018-05-07,2062.38,2102.41,2062.38,2102.41,41569500
2018-05-08,2104.17,2118.92,2104.17,2118.92,45415700
2018-05-09,2115.96,2122.97,2111.19,2121.36,45135100
2018-05-10,2122.45,2137.02,2122.45,2137.02,48751300
2018-05-11,2136.69,2136.69,2110.17,2110.17,44642700
2018-05-14,2103.3,2107.51,2089.13,2093.49,37171800
2018-05-15,2092.33,2118.72,2088.71,2118.72,36755600
2018-05-16,2112.49,2123.51,2109.31,2109.69,40244200
2018-05-17,2107.12,2111.97,2103.53,2107.43,38781300
2018-05-18,2104.74,2118.07,2097.13,2118.07,41100100
2018-05-21,2124.94,2149.56,2124.94,2148.36,48515600
2018-05-22,2145.5,2159.38,2142.21,2159.38,46794600
2018-05-23,2152.37,2156.15,2138.13,2138.13,46576800
2018-05-24,2134.68,2144.97,2134.68,2139.13,40740600
2018-05-25,2136.65,2138.27,2121.06,2123.6,42475400
2018-05-28,2121.11,2121.63,2102.42,2106.41,42909000
2018-05-29,2099.82,2113.85,2086.13,2086.36,42789300
2018-05-30,2055.36,2055.36,2003.0,2003.42,49644900
2018-05-31,2016.31,2041.56,2012.05,2041.56,40101100
2018-06-01,2033.38,2047.78,2009.72,2021.73,38965400
2018-06-04,2023.99,2025.86,2010.01,2016.99,33494100
2018-06-05,2016.38,2049.46,2016.38,2049.46,36149500
2018-06-06,2048.21,2056.99,2047.12,2056.99,37663600
2018-06-07,2058.63,2058.63,2037.67,2038.1,37508200
2018-06-08,2033.77,2033.77,2002.13,2017.47,36137100
2018-06-11,2010.44,2014.03,1995.05,1999.67,39263200
2018-06-12,1997.04,2010.28,1971.3,2010.28,44018600
2018-06-13,2004.74,2004.74,1972.39,1972.4,43456800
2018-06-14,1963.45,1984.38,1961.59,1966.88,39162200
2018-06-15,1964.07,1968.18,1906.1,1910.93,45495800
2018-06-19,1877.65,1877.65,1756.61,1771.68,54389800
2018-06-20,1755.7,1805.15,1752.8,1797.34,49247800
2018-06-21,1793.02,1802.91,1746.84,1746.84,49006200
2018-06-22,1732.18,1774.46,1732.18,1773.16,40796000
2018-06-25,1786.57,1794.17,1774.68,1774.83,39371900
2018-06-26,1752.56,1797.76,1752.56,1797.76,41279300
2018-06-27,1797.41,1809.94,1787.89,1792.0,42182100
2018-06-28,1788.74,1802.27,1771.94,1772.01,41712500
2018-06-29,1770.05,1822.81,1769.51,1822.81,50003700
2018-07-02,1820.52,1827.76,1793.02,1802.5,49609200
2018-07-03,1802.06,1834.27,1787.23,1834.27,54273400
2018-07-04,1825.63,1825.63,1785.45,1794.89,49460700
2018-07-05,1787.34,1791.65,1740.87,1740.87,45805300
2018-07-06,1739.34,1765.71,1711.68,1746.11,50248500
2018-07-09,1745.9,1786.12,1745.9,1786.12,43380700
2018-07-10,1787.92,1806.43,1785.34,1806.43,46232400
2018-07-11,1782.28,1782.28,1742.66,1764.81,51861600
2018-07-12,1761.44,1813.31,1761.44,1809.37,57071400
2018-07-13,1807.66,1816.22,1805.44,1813.59,52509700
2018-07-16,1809.39,1815.41,1803.05,1815.41,47843500
2018-07-17,1813.06,1822.48,1801.58,1822.48,46926000
2018-07-18,1823.55,1833.38,1813.96,1813.96,52486300
2018-07-19,1809.9,1815.7,1785.32,1791.6,48052000
2018-07-20,1787.46,1810.14,1780.82,1808.78,44606600
2018-07-23,1801.03,1818.3,1800.44,1818.3,49872200
2018-07-24,1817.68,1847.25,1815.99,1847.25,59305300
2018-07-25,1846.74,1855.62,1845.73,1850.18,55917600
2018-07-26,1848.89,1854.69,1842.77,1846.29,63409800
2018-07-27,1843.63,1845.1,1834.31,1834.31,55596900
2018-07-30,1829.66,1829.66,1795.8,1803.5,51381500
2018-07-31,1799.23,1807.61,1796.62,1804.55,43756700
2018-08-01,1805.9,1814.95,1777.65,1777.65,47946600
2018-08-02,1770.13,1770.13,1687.83,1729.56,57551300
2018-08-03,1725.02,1733.6,1708.7,1708.7,41259400
2018-08-06,1701.79,1709.64,1672.65,1676.13,42609600
2018-08-07,1676.12,1721.21,1675.48,1721.21,46940900
2018-08-08,1718.7,1720.51,1694.4,1694.4,51942100
2018-08-09,1687.43,1738.61,1687.43,1732.96,55222500
2018-08-10,1730.92,1743.97,1728.79,1743.47,46778200
2018-08-13,1722.96,1747.14,1717.42,1747.14,42587500
2018-08-14,1744.57,1754.23,1741.96,1748.04,42561600
2018-08-15,1746.9,1746.9,1717.11,1717.11,43659100
2018-08-16,1698.08,1717.9,1691.24,1700.39,41801400
2018-08-17,1710.14,1712.44,1666.6,1667.43,39810600
2018-08-20,1663.55,1677.42,1642.86,1677.42,37335200
2018-08-21,1675.59,1696.11,1673.55,1695.45,37579900
2018-08-22,1691.64,1691.64,1675.04,1675.06,34768000
2018-08-23,1672.99,1693.01,1672.99,1687.84,34999300
2018-08-24,1685.35,1692.52,1678.97,1681.82,34316700
2018-08-27,1682.5,1714.32,1682.5,1714.32,41011800
2018-08-28,1714.38,1719.25,1711.46,1717.44,40431400
2018-08-29,1715.02,1715.02,1703.08,1707.73,35956900
2018-08-30,1706.39,1706.39,1681.2,1681.2,37388300
2018-08-31,1677.41,1678.8,1661.59,1662.54,32286500
2018-09-03,1659.63,1659.63,1635.49,1658.9,33673400
2018-09-04,1657.15,1681.18,1657.15,1679.71,36661000
2018-09-05,1676.51,1683.98,1656.59,1656.59,39300200
2018-09-06,1651.89,1666.88,1647.08,1651.45,35171300
2018-09-07,1651.47,1669.92,1646.76,1654.93,37129400
2018-09-10,1653.44,1653.44,1622.21,1622.23,36647300
2018-09-11,1621.79,1634.55,1616.99,1628.67,32806100
2018-09-12,1627.83,1638.83,1625.27,1629.79,31193100
2018-09-13,1638.62,1644.47,1623.37,1644.47,35306300
2018-09-14,1645.51,1645.95,1626.2,1626.2,38091800
2018-09-17,1619.51,1619.51,1597.36,1599.19,35737500
2018-09-18,1594.7,1625.35,1594.7,1625.35,39562800
2018-09-19,1622.67,1651.28,1622.67,1643.81,48433700
2018-09-20,1641.63,1647.72,1637.31,1638.63,45058300
2018-09-21,1641.32,1656.85,1637.11,1656.85,49385700
2018-09-25,1650.1,1655.41,1648.13,1652.07,38914700
2018-09-26,1652.13,1664.13,1651.28,1657.68,43247100
2018-09-27,1656.93,1656.93,1626.28,1626.28,47463300
2018-09-28,1626.45,1641.98,1626.45,1641.98,38084400
2018-10-08,1618.66,1618.98,1586.98,1586.98,39270200
2018-10-09,1589.48,1603.05,1585.9,1594.38,34978500
2018-10-10,1595.69,1604.22,1592.2,1604.0,36760400
2018-10-11,1556.43,1556.43,1475.81,1483.26,59258500
2018-10-12,1468.02,1480.34,1414.21,1474.48,52104700
2018-10-15,1477.74,1492.65,1458.82,1459.22,38599100
2018-10-16,1458.15,1470.7,1423.76,1431.51,40567100
2018-10-17,1446.52,1448.4,1415.62,1442.16,43110200
2018-10-18,1433.76,1433.76,1395.28,1395.93,42036800
2018-10-19,1373.96,1424.55,1373.96,1423.84,42933700
2018-10-22,1437.71,1502.01,1437.71,1493.42,59133500
2018-10-23,1492.19,1495.54,1469.49,1476.0,53823300
2018-10-24,1470.12,1488.89,1469.01,1477.85,45902600
2018-10-25,1432.66,1464.78,1432.66,1464.78,44682700
2018-10-26,1473.02,1486.79,1468.23,1472.24,43690700
2018-10-29,1468.3,1468.3,1448.79,1451.59,35216800
2018-10-30,1448.86,1473.02,1433.51,1470.05,42895600
2018-10-31,1471.24,1499.88,1471.24,1492.49,49430400
2018-11-01,1499.19,1519.8,1499.19,1500.02,55754200
2018-11-02,1515.47,1538.73,1515.4,1538.73,62597600
2018-11-05,1538.09,1558.14,1532.56,1553.84,67542400
2018-11-06,1549.69,1551.2,1531.33,1550.66,57052300
2018-11-07,1550.31,1564.75,1548.09,1548.97,58232700
2018-11-08,1556.22,1562.54,1547.29,1548.8,57221800
2018-11-09,1544.17,1554.19,1544.17,1547.21,53104400
2018-11-12,1547.01,1592.61,1547.01,1592.61,67383400
2018-11-13,1577.26,1630.12,1577.26,1621.71,88991300
2018-11-14,1622.51,1640.35,1619.27,1621.9,82484700
2018-11-15,1625.86,1657.15,1625.29,1657.15,81016700
2018-11-16,1659.68,1681.84,1657.01,1674.56,87649400
2018-11-19,1674.23,1683.0,1660.35,1683.0,78658200
2018-11-20,1669.91,1674.53,1636.87,1636.87,74826100
2018-11-21,1617.65,1649.8,1617.65,1649.8,66249900
2018-11-22,1654.14,1659.74,1647.86,1652.92,59396500
2018-11-23,1650.01,1650.01,1575.93,1577.17,70398600
2018-11-26,1572.92,1585.82,1565.37,1573.6,49929000
2018-11-27,1582.42,1591.34,1575.33,1586.83,50490600
2018-11-28,1586.76,1603.9,1565.04,1603.9,58739600
2018-11-29,1608.39,1610.41,1561.83,1561.83,60887500
2018-11-30,1555.94,1572.68,1536.88,1570.65,53118400
2018-12-03,1601.98,1625.58,1600.0,1619.76,68855300
2018-12-04,1617.59,1635.43,1617.59,1635.43,67188900
2018-12-05,1603.21,1629.26,1601.11,1620.42,63570300
2018-12-06,1615.34,1615.53,1592.11,1592.11,55624300
2018-12-07,1594.19,1597.82,1585.73,1593.44,46512800
2018-12-10,1583.45,1583.62,1567.85,1573.25,45276700
2018-12-11,1575.62,1588.93,1575.62,1588.93,43568200
2018-12-12,1591.87,1595.06,1587.13,1588.99,46962900
2018-12-13,1590.92,1608.55,1584.3,1602.12,53813000
2018-12-14,1599.43,1599.43,1558.75,1560.05,52697700
2018-12-17,1553.02,1563.26,1540.7,1563.26,45638100
2018-12-18,1555.87,1564.44,1539.03,1552.62,47397000
2018-12-19,1552.58,1552.58,1532.32,1533.13,45336800
2018-12-20,1528.93,1543.39,1528.93,1543.27,45189400
2018-12-21,1538.26,1540.71,1521.53,1532.32,43098400
2018-12-24,1530.89,1548.28,1530.89,1548.28,41228200
2018-12-25,1534.09,1534.15,1491.67,1532.37,57518200
2018-12-26,1531.44,1539.44,1531.32,1532.11,51751500
2018-12-27,1550.54,1550.54,1504.97,1504.97,52677800
2018-12-28,1506.06,1514.49,1499.05,1505.31,44070400
2019-01-02,1509.8,1511.0,1503.42,1506.39,40585600
2019-01-03,1505.66,1515.34,1497.08,1497.08,47591900
2019-01-04,1481.32,1533.03,1481.32,1533.03,58068900
2019-01-07,1541.12,1568.11,1541.12,1566.95,66720800
2019-01-08,1566.36,1569.43,1560.75,1566.63,64890500
2019-01-09,1568.29,1590.75,1567.46,1572.03,75686700
2019-01-10,1570.96,1581.01,1568.24,1570.91,67234500
2019-01-11,1569.9,1584.12,1567.21,1584.12,65322100
2019-01-14,1583.08,1583.08,1573.07,1576.75,62016000
2019-01-15,1573.71,1594.04,1571.7,1594.04,63601300
2019-01-16,1593.77,1597.68,1588.93,1589.51,62654700
2019-01-17,1586.76,1586.76,1567.9,1569.16,60296400
2019-01-18,1569.11,1575.53,1560.01,1572.8,55801400
2019-01-21,1575.34,1587.98,1575.34,1583.55,50323500
2019-01-22,1574.86,1574.86,1570.37,1571.99,51925400
2019-01-23,1568.16,1576.33,1564.43,1576.33,50356600
2019-01-24,1576.9,1586.03,1572.64,1582.31,55470100
2019-01-25,1581.25,1583.62,1568.06,1568.06,60404500
2019-01-28,1575.37,1578.26,1554.66,1555.11,54863000
2019-01-29,1547.99,1547.99,1498.24,1518.15,57986800
2019-01-30,1507.47,1515.56,1491.05,1491.05,43646700
2019-01-31,1485.42,1493.89,1455.36,1458.46,52820000
2019-02-01,1462.04,1498.27,1462.04,1498.27,40401500
2019-02-11,1503.43,1539.65,1503.43,1539.65,46627000
2019-02-12,1541.64,1565.22,1541.64,1564.28,59084300
2019-02-13,1565.54,1592.65,1564.91,1591.29,72910500
2019-02-14,1591.73,1606.98,1590.78,1600.94,68951200
2019-02-15,1599.56,1611.2,1599.56,1602.19,69737200
2019-02-18,1609.85,1655.2,1609.85,1655.2,91446200
2019-02-19,1662.04,1667.91,1644.98,1662.18,103685000
2019-02-20,1661.15,1667.64,1648.11,1667.64,86083000
2019-02-21,1667.48,1695.72,1659.9,1665.15,106949900
2019-02-22,1662.78,1701.98,1662.78,1701.98,101063800
2019-02-25,1722.01,1784.29,1721.73,1783.78,153218800
2019-02-26,1787.54,1812.32,1767.26,1774.35,154401400
2019-02-27,1769.58,1794.46,1757.39,1769.91,122544100
2019-02-28,1770.14,1788.82,1768.81,1780.06,98892900
2019-03-01,1784.16,1788.68,1768.48,1788.68,90716200
2019-03-04,1803.33,1845.72,1803.33,1822.44,140905700
2019-03-05,1821.24,1876.06,1821.24,1876.06,139508300
2019-03-06,1886.98,1918.3,1872.37,1918.3,163486000
2019-03-07,1919.65,1967.65,1917.65,1954.14,166923800
2019-03-08,1914.73,1951.84,1864.83,1864.83,164608000
2019-03-11,1877.99,1947.54,1877.99,1947.54,134107900
2019-03-12,1967.88,2000.49,1964.37,1988.45,165458300
2019-03-13,1990.99,2001.19,1941.04,1950.2,159242300
2019-03-14,1933.81,1944.61,1875.25,1890.69,125076200
2019-03-15,1899.51,1932.02,1899.51,1920.96,119011700
2019-03-18,1926.26,1962.2,1918.53,1962.2,119417900
2019-03-19,1962.8,1974.46,1959.54,1971.6,114972100
2019-03-20,1970.62,1977.41,1938.75,1976.77,120466700
2019-03-21,1980.05,2017.35,1977.42,2003.81,140648500
2019-03-22,2002.97,2015.28,1982.08,2015.19,132310000
2019-03-25,1981.25,2022.76,1981.25,2000.68,123168800
2019-03-26,2007.79,2009.12,1947.09,1949.39,123331600
2019-03-27,1959.83,1965.3,1930.56,1965.3,109666000
2019-03-28,1954.89,1976.55,1936.75,1936.75,110291900
2019-03-29,1931.75,1982.67,1912.18,1982.67,115413100
2019-04-01,1993.32,2055.68,1993.32,2055.68,142156600
2019-04-02,2066.62,2089.43,2063.44,2072.25,147933100
2019-04-03,2061.13,2091.37,2061.13,2091.37,130932700
2019-04-04,2098.12,2101.67,2084.16,2097.97,139742200
2019-04-08,2112.23,2113.62,2063.29,2093.17,145239500
2019-04-09,2088.6,2107.85,2085.51,2107.85,125871600
2019-04-10,2093.7,2119.75,2079.71,2104.06,130383100
2019-04-11,2102.96,2105.64,2066.73,2066.73,123409200
2019-04-12,2064.36,2074.69,2051.01,2068.15,107409900
2019-04-15,2088.53,2097.46,2048.48,2048.48,109652700
2019-04-16,2037.18,2089.7,2023.52,2089.7,106422200
2019-04-17,2091.71,2115.79,2091.71,2110.31,122954500
2019-04-18,2107.2,2110.52,2091.67,2093.24,121129700
2019-04-19,2088.97,2109.69,2075.24,2109.69,112819500
2019-04-22,2113.77,2113.79,2085.88,2087.35,118910400
2019-04-23,2082.08,2082.08,2040.15,2044.09,108577100
2019-04-24,2045.35,2064.73,2030.32,2064.73,92165000
2019-04-25,2058.05,2059.17,1976.73,1976.73,116120100
2019-04-26,1963.12,1981.32,1949.14,1949.14,95252100
2019-04-29,1948.38,1948.38,1868.36,1868.42,92882500
2019-04-30,1857.28,1895.47,1857.28,1884.93,70017400
2019-05-06,1826.46,1826.46,1731.12,1738.76,89793500
2019-05-07,1745.69,1776.11,1735.96,1767.79,77858500
2019-05-08,1733.69,1788.77,1733.69,1768.19,77124000
2019-05-09,1755.04,1777.48,1755.04,1760.01,67610100
2019-05-10,1774.67,1824.95,1770.05,1824.95,97449300
2019-05-13,1809.42,1828.42,1809.42,1821.84,80103600
2019-05-14,1799.54,1825.82,1799.54,1811.55,76652300
2019-05-15,1827.13,1856.86,1827.13,1855.32,90143000
2019-05-16,1854.68,1869.23,1852.12,1865.47,93684700
2019-05-17,1865.73,1865.73,1790.38,1796.98,102954800
2019-05-20,1796.63,1796.63,1758.22,1793.46,77897200
2019-05-21,1788.89,1823.12,1788.89,1821.13,79486600
2019-05-22,1820.24,1828.19,1802.79,1813.36,80661500
2019-05-23,1807.82,1807.82,1765.73,1768.23,75629600
2019-05-24,1756.57,1773.05,1750.88,1754.04,62670100
2019-05-27,1755.93,1807.93,1755.93,1807.93,72648500
2019-05-28,1810.83,1832.12,1809.54,1813.15,82604000
2019-05-29,1810.11,1830.85,1810.11,1822.09,75147500
2019-05-30,1816.05,1816.05,1785.68,1805.69,78426900
2019-05-31,1804.13,1818.01,1802.24,1804.96,71290500
2019-06-03,1806.17,1808.48,1769.4,1779.48,76739900
2019-06-04,1776.02,1776.02,1737.76,1747.78,69563300
2019-06-05,1761.48,1767.44,1749.87,1753.91,66579800
2019-06-06,1751.44,1751.44,1703.06,1706.44,67407300
2019-06-10,1709.41,1730.41,1706.37,1725.74,56706800
2019-06-11,1728.89,1788.72,1728.89,1788.72,84842100
2019-06-12,1786.15,1798.62,1782.57,1784.96,84411500
2019-06-13,1782.15,1800.42,1779.67,1796.78,80522200
2019-06-14,1797.33,1797.33,1753.03,1753.03,76682000
2019-06-17,1752.08,1763.93,1748.76,1755.97,64662200
2019-06-18,1756.72,1759.75,1746.83,1752.6,63309700
2019-06-19,1787.07,1792.66,1778.23,1778.84,84059800
2019-06-20,1774.16,1802.44,1767.48,1802.44,95578900
2019-06-21,1822.8,1845.36,1822.45,1842.18,113083300
2019-06-24,1844.14,1845.47,1832.94,1841.75,99463200
2019-06-25,1838.61,1838.61,1804.41,1820.47,95252900
2019-06-26,1809.94,1829.8,1809.94,1817.34,77879100
2019-06-27,1820.12,1834.13,1820.12,1827.68,82535500
2019-06-28,1824.66,1824.66,1787.8,1798.05,82656800
2019-07-01,1830.26,1851.61,1824.68,1851.61,98760600
2019-07-02,1850.82,1855.22,1845.35,1849.65,90751300
2019-07-03,1842.96,1842.96,1823.21,1829.11,77965400
2019-07-04,1831.69,1835.16,1814.61,1822.85,72638300
2019-07-05,1821.82,1832.19,1816.98,1829.88,62758500
2019-07-08,1825.01,1825.01,1759.46,1761.32,83652300
2019-07-09,1760.04,1774.79,1752.34,1772.96,61670100
2019-07-10,1773.17,1777.13,1756.29,1760.99,62607200
2019-07-11,1765.93,1779.34,1753.8,1762.09,64148100
2019-07-12,1762.75,1769.28,1754.07,1766.84,58780200
2019-07-15,1761.17,1784.11,1744.2,1783.53,69751900
2019-07-16,1780.94,1790.61,1780.94,1790.61,63008600
2019-07-17,1786.64,1797.68,1786.64,1791.97,67310700
2019-07-18,1782.1,1782.1,1755.72,1755.72,66179800
2019-07-19,1758.97,1778.86,1758.97,1763.91,59329700
2019-07-22,1763.55,1763.55,1703.89,1704.17,66599600
2019-07-23,1704.49,1730.95,1704.49,1730.95,53376700
2019-07-24,1735.14,1764.02,1735.14,1756.68,65803900
2019-07-25,1758.18,1765.14,1755.75,1760.69,61725000
2019-07-26,1756.76,1760.85,1751.78,1759.44,55967100
2019-07-29,1760.56,1763.62,1753.63,1758.57,52067200
2019-07-30,1758.33,1774.24,1758.33,1766.73,58081000
2019-07-31,1764.75,1764.75,1752.65,1754.97,54831300
2019-08-01,1746.05,1758.54,1745.6,1752.27,56714000
2019-08-02,1718.04,1724.42,1707.62,1721.09,66891100
2019-08-05,1716.59,1730.84,1704.15,1704.15,57193200
2019-08-06,1671.53,1671.53,1611.29,1648.62,79020100
2019-08-07,1656.92,1661.87,1641.67,1641.72,54924300
2019-08-08,1644.5,1655.08,1644.5,1651.9,49899600
2019-08-09,1658.63,1664.2,1629.09,1631.41,55592600
2019-08-12,1633.61,1663.07,1632.72,1663.07,50960100
2019-08-13,1650.71,1653.14,1645.89,1652.33,48042100
2019-08-14,1671.43,1676.83,1662.3,1663.97,54243800
2019-08-15,1623.84,1670.69,1623.84,1670.69,57972500
2019-08-16,1670.19,1688.56,1670.19,1679.15,58645400
2019-08-19,1693.9,1731.3,1693.9,1731.3,78660900
2019-08-20,1735.48,1745.06,1733.58,1737.5,82374400
2019-08-21,1735.74,1744.95,1734.92,1740.6,73587200
2019-08-22,1743.51,1750.76,1735.14,1750.76,72164700
2019-08-23,1750.97,1753.08,1739.69,1744.64,75133000
2019-08-26,1706.09,1736.07,1706.09,1732.76,69744200
2019-08-27,1740.87,1768.4,1740.87,1764.63,81570700
2019-08-28,1763.21,1770.5,1760.93,1764.99,81232300
2019-08-29,1766.4,1773.9,1761.91,1764.72,78117900
2019-08-30,1771.27,1772.33,1729.14,1733.41,86319400
2019-09-02,1734.45,1778.64,1734.45,1778.64,80899900
2019-09-03,1782.29,1793.7,1781.65,1793.7,84956800
2019-09-04,1790.66,1807.88,1790.37,1807.88,89222000
2019-09-05,1816.78,1843.82,1816.7,1824.47,115923000
2019-09-06,1829.02,1835.4,1819.02,1833.4,91298700
2019-09-09,1848.67,1879.1,1845.01,1879.1,106091600
2019-09-10,1881.54,1888.42,1869.23,1885.34,109720000
2019-09-11,1889.19,1890.38,1873.38,1873.38,101119300
2019-09-12,1877.35,1886.69,1871.7,1886.69,87622700
2019-09-16,1893.29,1901.99,1887.32,1895.22,93905600
2019-09-17,1890.96,1890.96,1839.02,1846.45,96233300
2019-09-18,1848.51,1855.37,1844.43,1848.52,76290800
2019-09-19,1850.8,1872.71,1844.25,1872.71,77844100
2019-09-20,1875.25,1880.89,1868.37,1871.87,82139800
2019-09-23,1865.28,1865.28,1844.87,1858.21,75679300
2019-09-24,1859.74,1878.31,1859.19,1864.31,81678300
2019-09-25,1854.62,1854.62,1824.89,1824.89,83020400
2019-09-26,1827.11,1827.11,1764.62,1764.62,86191900
2019-09-27,1761.71,1787.95,1761.71,1782.71,63774700
2019-09-30,1781.73,1788.42,1761.23,1761.23,51407300
2019-10-08,1763.5,1781.21,1763.11,1766.25,52480700
2019-10-09,1760.75,1787.54,1756.41,1787.54,53877100
2019-10-10,1788.72,1811.29,1788.72,1811.29,62905900
2019-10-11,1814.79,1821.88,1801.43,1815.88,72079400
2019-10-14,1828.39,1846.12,1828.39,1845.29,81038000
2019-10-15,1840.06,1840.06,1819.2,1825.9,77451400
2019-10-16,1826.21,1830.23,1812.08,1812.11,69197300
2019-10-17,1810.5,1819.57,1804.95,1809.81,61251000
2019-10-18,1809.04,1815.7,1781.47,1785.59,69281600
2019-10-21,1785.93,1785.93,1759.37,1779.31,62660400
2019-10-22,1777.63,1803.23,1777.63,1803.23,61740200
2019-10-23,1803.28,1806.8,1790.44,1792.4,64263400
2019-10-24,1790.14,1794.93,1779.13,1791.41,60776000
2019-10-25,1788.99,1802.54,1778.33,1800.95,63862500
2019-10-28,1807.98,1838.63,1807.98,1838.63,82177000
2019-10-29,1840.53,1840.53,1808.47,1808.47,88374500
2019-10-30,1799.31,1799.31,1777.48,1781.64,76433500
2019-10-31,1779.47,1784.27,1754.72,1754.72,68064100
2019-11-01,1748.55,1772.29,1748.51,1772.1,61322700
2019-11-04,1774.38,1783.65,1772.23,1774.8,61313800
2019-11-05,1775.55,1775.84,1760.73,1772.89,59477600
2019-11-06,1771.54,1773.49,1749.61,1754.42,59575000
2019-11-07,1753.42,1768.23,1751.88,1768.23,56969600
2019-11-08,1774.99,1779.22,1763.63,1763.63,59103300
2019-11-11,1755.03,1755.03,1717.31,1717.85,63559200
2019-11-12,1716.48,1723.4,1697.53,1723.4,54555600
2019-11-13,1721.02,1721.56,1709.14,1716.63,50275900
2019-11-14,1716.49,1733.94,1716.49,1730.62,53707500
2019-11-15,1728.57,1728.57,1706.16,1706.16,56493100
2019-11-18,1702.37,1719.03,1702.37,1719.03,49486600
2019-11-19,1719.64,1749.83,1719.64,1749.83,59048700
2019-11-20,1749.08,1750.31,1736.83,1737.71,60865400
2019-11-21,1731.21,1740.56,1730.59,1735.95,53795200
2019-11-22,1736.56,1750.07,1709.29,1717.07,63153200
2019-11-25,1714.38,1714.38,1696.13,1702.25,55238300
2019-11-26,1702.89,1707.7,1696.94,1700.33,49377900
2019-11-27,1699.3,1705.89,1692.78,1699.64,49350500
2019-11-28,1697.77,1705.61,1693.44,1696.02,50470300
2019-11-29,1694.61,1697.81,1683.3,1697.35,47051700
2019-12-02,1698.73,1704.19,1695.77,1700.28,48770200
2019-12-03,1693.18,1712.36,1688.35,1712.36,53130400
2019-12-04,1703.38,1717.27,1703.38,1714.77,53748000
2019-12-05,1715.78,1735.61,1715.78,1734.98,60750900
2019-12-06,1733.79,1745.63,1731.16,1745.63,60860900
2019-12-09,1747.54,1753.71,1746.51,1751.46,66938500
2019-12-10,1747.48,1761.01,1743.03,1761.01,68250300
2019-12-11,1760.65,1762.76,1751.67,1758.62,69354400
2019-12-12,1757.52,1767.59,1756.67,1757.72,69776100
2019-12-13,1765.72,1775.58,1764.07,1775.58,72608700
2019-12-16,1779.84,1807.82,1779.54,1807.82,88956600
2019-12-17,1810.04,1830.29,1810.04,1827.96,104565900
2019-12-18,1827.21,1839.71,1827.21,1833.02,98792000
2019-12-19,1832.75,1848.8,1832.75,1847.08,95577800
2019-12-20,1848.51,1849.91,1826.47,1826.47,93767500
2019-12-23,1821.53,1821.53,1783.41,1783.41,85219700
2019-12-24,1785.62,1813.96,1785.62,1813.96,73068000
2019-12-25,1813.02,1826.28,1813.02,1822.65,79307400
2019-12-26,1821.53,1838.03,1821.53,1838.03,81262000
2019-12-27,1841.03,1845.92,1820.41,1820.41,92074300
2019-12-30,1810.13,1825.76,1792.49,1825.76,86819800
2019-12-31,1824.84,1835.89,1824.84,1835.89,81258800
2020-01-02,1848.25,1874.43,1848.25,1873.92,102515100
2020-01-03,1878.76,1890.37,1873.47,1886.71,112075700
2020-01-06,1875.61,1910.86,1875.61,1902.33,123756800
2020-01-07,1904.58,1928.68,1904.58,1928.68,121043400
2020-01-08,1921.84,1928.46,1899.64,1899.64,130020000
2020-01-09,1913.75,1933.64,1913.75,1933.64,112068400
2020-01-10,1938.64,1938.64,1919.56,1928.35,105780600
2020-01-13,1926.37,1952.31,1921.37,1952.31,96355700
2020-01-14,1957.43,1961.34,1952.71,1952.71,106241200
2020-01-15,1949.45,1951.33,1933.35,1945.35,95038100
2020-01-16,1945.36,1950.17,1938.08,1939.94,88343200
2020-01-17,1943.8,1947.14,1930.95,1931.23,83553400
2020-01-20,1931.61,1953.11,1925.75,1953.11,90986900
2020-01-21,1950.29,1950.29,1931.9,1931.9,92572100
2020-01-22,1924.02,1940.57,1894.63,1934.17,97957600
2020-01-23,1919.54,1929.77,1850.47,1867.38,109074300
2020-02-03,1699.29,1704.06,1696.95,1701.68,46754100
2020-02-04,1588.59,1692.14,1588.59,1685.73,137956900
2020-02-05,1693.08,1750.79,1693.08,1738.68,120154700
2020-02-06,1743.8,1797.18,1743.8,1789.78,128855700
2020-02-07,1796.72,1815.66,1776.45,1815.62,137125800
2020-02-10,1817.55,1843.66,1812.9,1843.44,134679800
2020-02-11,1843.72,1843.72,1820.1,1827.89,122539100
2020-02-12,1819.88,1858.81,1819.88,1858.81,115308200
2020-02-13,1859.38,1861.33,1834.1,1839.9,124187700
2020-02-14,1834.39,1856.88,1833.23,1843.73,112008200
2020-02-17,1854.86,1912.29,1854.86,1912.29,130799700
2020-02-18,1917.47,1959.82,1917.47,1959.82,149522300
2020-02-19,1957.69,1975.29,1952.0,1952.0,153987300
2020-02-20,1954.48,1990.43,1947.36,1990.43,154687800
2020-02-21,1988.67,2025.65,1988.67,2016.8,167629000
2020-02-24,2014.9,2062.43,2011.23,2057.02,168863700
2020-02-25,2008.88,2061.52,1986.43,2058.29,199681300
2020-02-26,2029.7,2059.2,2010.17,2011.11,190409700
2020-02-27,2017.3,2032.46,1989.34,2014.57,156613900
2020-02-28,1942.23,1964.49,1897.57,1897.57,170542200
2020-03-02,1917.83,1985.72,1917.83,1980.78,151644400
2020-03-03,2010.84,2043.89,1993.62,2011.42,177936000
2020-03-04,1996.89,2029.44,1992.44,2029.44,157773500
2020-03-05,2055.86,2066.04,2045.95,2066.04,185558500
2020-03-06,2040.37,2082.05,2040.37,2067.64,174898100
2020-03-09,2038.92,2051.97,1998.51,1998.51,179942800
2020-03-10,1962.55,2043.58,1943.18,2043.58,181929400
2020-03-11,2049.44,2065.45,2024.92,2024.92,174742800
2020-03-12,1993.0,2004.48,1965.68,1985.92,154966200
2020-03-13,1879.75,1973.84,1879.75,1961.97,166490400
2020-03-16,1983.34,1987.97,1885.92,1885.92,161135700
2020-03-17,1892.57,1895.57,1812.91,1882.98,143384200
2020-03-18,1898.28,1928.71,1851.87,1851.87,143864700
2020-03-19,1845.8,1877.24,1828.8,1873.08,128903700
2020-03-20,1891.45,1897.62,1871.48,1896.96,125413500
2020-03-23,1847.86,1871.49,1816.15,1819.88,125065000
2020-03-24,1851.12,1855.91,1800.84,1852.55,126843900
2020-03-25,1885.7,1896.0,1879.35,1896.0,131515000
2020-03-26,1883.41,1895.94,1872.43,1874.54,120670400
2020-03-27,1892.45,1893.06,1860.72,1860.72,114976100
2020-03-30,1832.99,1832.99,1797.85,1816.23,116151600
2020-03-31,1829.12,1830.45,1812.05,1813.21,105391200
2020-04-01,1807.52,1832.73,1803.85,1805.66,106596900
2020-04-02,1796.49,1852.44,1796.49,1852.44,107343300
2020-04-03,1851.14,1857.39,1836.25,1843.94,110366200
2020-04-07,1873.42,1908.78,1873.42,1908.78,130478800
2020-04-08,1902.6,1919.52,1902.6,1916.0,138281700
2020-04-09,1920.55,1935.34,1918.64,1930.93,133482700
2020-04-10,1925.22,1925.22,1871.58,1873.52,131489200
2020-04-13,1861.79,1867.25,1848.74,1859.26,98720900
2020-04-14,1866.0,1893.37,1865.1,1893.37,107582400
2020-04-15,1893.36,1898.84,1880.81,1880.81,119369800
2020-04-16,1868.49,1890.03,1867.33,1889.57,113926800
2020-04-17,1896.51,1901.34,1884.59,1885.71,122400600
2020-04-20,1887.2,1910.71,1887.2,1910.71,104604300
2020-04-21,1904.27,1905.2,1885.47,1905.06,115724500
2020-04-22,1889.26,1927.43,1889.26,1927.43,121222300
2020-04-23,1930.18,1931.19,1916.14,1916.35,131287400
2020-04-24,1914.23,1914.23,1866.03,1873.2,130358100
2020-04-27,1871.72,1872.3,1856.92,1857.07,106724800
2020-04-28,1851.88,1851.88,1761.12,1810.68,117658000
2020-04-29,1801.13,1822.17,1801.13,1803.74,88061200
2020-04-30,1809.8,1845.35,1809.8,1842.51,94447000
2020-05-06,1825.51,1879.72,1825.51,1879.72,91689000
2020-05-07,1883.08,1888.07,1872.42,1876.12,99486800
2020-05-08,1883.52,1900.59,1883.52,1897.63,101183000
2020-05-11,1902.94,1908.9,1888.92,1900.47,103062000
2020-05-12,1898.89,1899.36,1873.89,1899.36,94622500
2020-05-13,1893.56,1911.14,1891.7,1911.14,92952700
2020-05-14,1902.53,1911.7,1893.86,1895.25,97137200
2020-05-15,1902.1,1911.45,1896.53,1901.43,91012900
2020-05-18,1906.03,1906.83,1887.0,1890.72,101733400
2020-05-19,1900.07,1915.57,1899.68,1915.57,92660100
2020-05-20,1912.35,1913.97,1892.84,1896.89,103145600
2020-05-21,1899.53,1899.53,1871.51,1871.82,99051700
2020-05-22,1867.81,1867.81,1833.96,1839.51,95778300
2020-05-25,1836.1,1844.95,1833.24,1840.58,81294500
2020-05-26,1845.63,1883.06,1845.63,1883.06,89590700
2020-05-27,1884.37,1886.79,1873.72,1877.41,96773500
2020-05-28,1874.51,1877.5,1843.26,1867.54,95499700
2020-05-29,1859.37,1885.15,1859.37,1882.33,90829500
2020-06-01,1890.37,1938.47,1890.37,1938.47,110418500
2020-06-02,1944.08,1949.98,1938.41,1946.12,115791600
2020-06-03,1949.68,1963.73,1945.41,1951.5,121719100
2020-06-04,1953.3,1957.45,1943.96,1955.4,109006700
2020-06-05,1956.01,1957.2,1945.07,1953.57,104660300
2020-06-08,1960.57,1962.21,1947.16,1949.71,104374200
2020-06-09,1948.68,1957.2,1944.75,1957.2,95562600
2020-06-10,1953.73,1954.51,1940.98,1954.51,91262100
2020-06-11,1953.31,1975.72,1948.26,1952.76,100483100
2020-06-12,1911.78,1959.16,1911.78,1955.08,95408900
2020-06-15,1956.3,1976.84,1956.3,1957.28,108069000
2020-06-16,1968.61,1993.98,1968.61,1993.98,102178400
2020-06-17,1996.27,2005.38,1988.54,2005.38,115267300
2020-06-18,2003.33,2003.33,1989.48,1994.72,104058800
2020-06-19,1991.9,2004.89,1991.14,2000.6,97539700
2020-06-22,2003.56,2009.34,2000.45,2005.65,99326300
2020-06-23,2003.26,2003.26,1992.85,2000.24,93531400
2020-06-24,1999.72,1999.72,1985.16,1990.41,90658600
2020-06-29,1986.11,1986.8,1975.64,1980.48,86833400
2020-06-30,1987.54,2013.0,1987.54,2012.28,89902000
2020-07-01,2016.93,2018.55,2003.63,2018.55,105051400
2020-07-02,2017.9,2039.17,2016.58,2039.17,113397700
2020-07-03,2040.95,2061.1,2040.95,2061.1,129968800
2020-07-06,2070.96,2132.51,2070.96,2132.51,181200700
2020-07-07,2147.57,2182.87,2132.08,2161.3,201549500
2020-07-08,2161.99,2206.65,2160.01,2206.65,179754700
2020-07-09,2208.9,2269.76,2208.9,2269.76,212856400
2020-07-10,2266.62,2285.04,2256.62,2262.65,190983300
2020-07-13,2277.65,2345.78,2277.65,2345.78,195618700
2020-07-14,2352.92,2356.18,2293.54,2332.27,205146700
2020-07-15,2335.41,2335.41,2265.42,2271.46,183287800
2020-07-16,2268.34,2271.19,2162.03,2162.03,161307900
2020-07-17,2160.62,2188.69,2146.03,2170.1,124770200
2020-07-20,2187.58,2247.35,2187.58,2247.35,133051500
2020-07-21,2252.31,2260.61,2237.68,2260.61,127822800
2020-07-22,2256.38,2284.18,2256.38,2270.81,131892600
2020-07-23,2253.21,2268.1,2213.02,2268.1,143525000
2020-07-24,2261.24,2266.6,2165.9,2167.8,152508100
2020-07-27,2173.48,2179.42,2152.5,2168.04,107819700
2020-07-28,2180.29,2201.97,2180.22,2196.88,110262300
2020-07-29,2191.62,2254.01,2182.18,2254.01,121350400
2020-07-30,2259.52,2268.05,2249.92,2254.85,137502400
2020-07-31,2249.76,2291.58,2248.57,2291.58,141788300
2020-08-03,2308.98,2364.33,2308.98,2364.33,166946200
2020-08-04,2373.47,2373.47,2335.76,2342.24,171990000
2020-08-05,2339.26,2372.84,2324.54,2371.61,153056800
2020-08-06,2369.52,2371.32,2333.79,2365.85,150091400
2020-08-07,2359.51,2359.51,2303.1,2336.85,146054900
2020-08-10,2331.51,2366.38,2330.46,2356.27,134138100
2020-08-11,2354.5,2354.5,2305.41,2305.41,147053900
2020-08-12,2297.85,2297.85,2239.41,2291.86,139183900
2020-08-13,2297.02,2322.48,2297.02,2309.83,132145600
2020-08-14,2305.44,2319.55,2283.89,2319.55,128430700
2020-08-17,2319.68,2365.55,2319.68,2365.55,140625400
2020-08-18,2368.35,2390.29,2368.35,2390.04,149603300
2020-08-19,2387.92,2388.84,2350.47,2351.96,158797500
2020-08-20,2333.57,2345.31,2320.24,2323.65,125011100
2020-08-21,2331.68,2350.58,2323.47,2338.65,119324100
2020-08-24,2342.13,2365.12,2316.24,2360.22,118104600
2020-08-25,2359.58,2372.02,2353.84,2359.63,141554900
2020-08-26,2357.25,2357.25,2295.06,2304.47,138902800
2020-08-27,2301.52,2346.25,2295.49,2342.87,133566800
2020-08-28,2335.56,2362.43,2327.86,2362.43,137898200
2020-08-31,2369.21,2390.55,2368.49,2368.49,135563600
2020-09-01,2365.7,2385.04,2358.13,2385.04,124936100
2020-09-02,2390.84,2419.43,2378.64,2410.99,161169500
2020-09-03,2406.54,2406.54,2379.23,2383.0,152494000
2020-09-04,2338.02,2393.43,2338.02,2391.95,141616200
2020-09-07,2394.93,2415.58,2360.55,2375.28,171177600
2020-09-08,2373.03,2402.96,2358.43,2402.96,172853000
2020-09-09,2375.64,2393.27,2326.38,2326.38,206789300
2020-09-10,2331.58,2331.58,2206.72,2212.95,177521000
2020-09-11,2192.14,2251.6,2192.14,2249.07,125087400
2020-09-14,2262.06,2301.46,2262.06,2299.15,135523300
2020-09-15,2303.44,2304.28,2289.98,2304.16,127705600
2020-09-16,2299.96,2299.96,2271.44,2282.96,111424300
2020-09-17,2279.92,2300.76,2269.02,2288.22,107783600
2020-09-18,2287.73,2316.71,2282.53,2316.28,114612600
2020-09-21,2319.54,2325.19,2310.03,2314.13,107147800
2020-09-22,2291.88,2309.55,2278.37,2281.62,106070500
2020-09-23,2288.29,2303.06,2280.98,2298.95,100675200
2020-09-24,2282.68,2282.68,2227.64,2227.64,108932100
2020-09-25,2236.77,2236.77,2201.91,2212.18,86294000
2020-09-28,2214.61,2214.61,2173.85,2173.85,78696000
2020-09-29,2181.85,2204.97,2175.95,2194.16,78817400
2020-09-30,2198.96,2204.53,2182.08,2191.64,79609800
2020-10-09,2225.69,2266.82,2225.69,2266.8,93706900
2020-10-12,2283.44,2343.83,2283.44,2343.83,125688700
2020-10-13,2341.91,2360.75,2335.81,2359.53,123152600
2020-10-14,2358.33,2358.94,2344.15,2351.96,128748400
2020-10-15,2351.72,2351.72,2327.27,2327.5,118993900
2020-10-16,2324.61,2335.47,2311.59,2335.47,117220000
2020-10-19,2344.26,2350.38,2318.16,2324.45,115708700
2020-10-20,2318.42,2350.07,2309.51,2350.07,106877300
2020-10-21,2351.65,2351.65,2306.32,2313.71,111863700
2020-10-22,2302.22,2318.33,2284.39,2308.14,102872200
2020-10-23,2308.66,2321.46,2270.37,2274.65,108300700
2020-10-26,2269.46,2293.19,2255.01,2288.19,99411100
2020-10-27,2281.35,2295.33,2272.41,2289.09,103571900
2020-10-28,2286.69,2294.5,2254.41,2291.71,111476900
2020-10-29,2255.91,2295.08,2255.91,2284.28,117702700
2020-10-30,2285.22,2285.22,2210.34,2210.34,126921200
2020-11-02,2209.53,2222.87,2201.77,2218.93,104961900
2020-11-03,2226.98,2261.84,2226.98,2261.84,108530900
2020-11-04,2264.86,2265.21,2241.44,2257.0,109705000
2020-11-05,2269.69,2296.36,2267.77,2296.36,119463400
2020-11-06,2299.99,2299.99,2251.96,2262.75,110016100
2020-11-09,2272.18,2319.96,2272.18,2314.58,123924400
2020-11-10,2317.02,2317.02,2275.41,2281.7,117378900
2020-11-11,2275.88,2275.88,2246.41,2246.8,103993700
2020-11-12,2248.5,2254.71,2239.71,2248.91,96884100
2020-11-13,2246.46,2252.37,2233.6,2249.04,91589500
2020-11-16,2254.12,2265.28,2246.06,2265.28,108114400
2020-11-17,2262.73,2262.73,2230.71,2243.36,113449300
2020-11-18,2239.88,2258.27,2239.88,2255.18,111089800
2020-11-19,2249.93,2264.7,2240.53,2263.74,112478200
2020-11-20,2260.58,2273.79,2257.73,2273.63,108403700
2020-11-23,2274.95,2284.24,2259.72,2276.41,123320100
2020-11-24,2274.96,2282.43,2271.96,2275.23,110471100
2020-11-25,2277.07,2277.07,2243.82,2243.82,115157200
2020-11-26,2239.47,2241.06,2217.51,2228.48,99797400
2020-11-27,2228.61,2228.61,2202.92,2222.61,100877800
2020-11-30,2222.22,2232.44,2210.4,2215.26,102469800
2020-12-01,2209.42,2243.61,2209.42,2241.93,102389200
2020-12-02,2242.08,2246.03,2235.51,2243.97,106419900
2020-12-03,2240.94,2245.44,2227.21,2240.62,107127200
2020-12-04,2235.8,2249.9,2233.53,2246.96,98783700
2020-12-07,2248.22,2250.65,2240.64,2240.64,99306900
2020-12-08,2239.93,2244.39,2236.42,2238.23,93492200
2020-12-09,2237.68,2237.68,2193.25,2193.25,103994400
2020-12-10,2185.84,2206.24,2180.93,2193.1,96974800
2020-12-11,2193.68,2193.68,2137.56,2157.06,111964700
2020-12-14,2153.69,2176.81,2143.99,2176.11,101172800
2020-12-15,2173.52,2176.76,2164.76,2174.57,99149800
2020-12-16,2172.66,2172.66,2142.64,2142.64,105875700
2020-12-17,2137.43,2162.76,2112.27,2161.91,114199900
2020-12-18,2161.28,2167.07,2150.37,2153.21,109362200
2020-12-21,2153.29,2178.85,2151.77,2178.58,114152200
2020-12-22,2170.83,2179.48,2137.34,2138.64,133668400
2020-12-23,2136.0,2157.37,2136.0,2152.2,125639800
2020-12-24,2149.34,2149.34,2104.33,2106.89,131197100
2020-12-25,2097.08,2130.5,2097.08,2122.77,119535900
2020-12-28,2122.62,2122.62,2093.86,2097.62,124061200
2020-12-29,2096.08,2106.24,2083.73,2083.73,119457300
2020-12-30,2079.21,2100.91,2077.06,2089.54,107387400
2020-12-31,2090.2,2120.42,2090.2,2118.43,110104300
2021-01-04,2124.13,2156.96,2124.13,2154.85,127142800
2021-01-05,2148.84,2152.34,2131.54,2149.95,134540400
2021-01-06,2147.74,2147.74,2109.69,2116.23,137435900
2021-01-07,2108.1,2108.1,2040.22,2047.97,140511800
2021-01-08,2041.21,2056.44,2001.71,2038.93,116197700
2021-01-11,2036.61,2036.61,1977.69,1983.65,116738800
2021-01-12,1978.31,2003.04,1978.31,1994.35,94560400
2021-01-13,1993.46,1993.46,1949.18,1953.97,111831200
2021-01-14,1948.08,1966.64,1928.67,1956.64,95166700
2021-01-15,1955.2,1988.82,1955.2,1988.23,90595900
2021-01-18,1987.22,2026.98,1987.22,2026.84,96904000
2021-01-19,2025.76,2045.57,2025.76,2036.7,104197400
2021-01-20,2036.13,2044.64,2028.18,2044.64,95001000
2021-01-21,2043.69,2064.7,2042.38,2056.67,108954400
2021-01-22,2050.67,2050.67,2028.69,2034.51,104841100
2021-01-25,2028.47,2028.47,1998.66,2001.67,106425600
2021-01-26,1993.55,2004.61,1982.13,1983.96,89032100
2021-01-27,1982.17,1987.42,1973.29,1985.92,87265900
2021-01-28,1969.33,1991.32,1961.0,1961.07,90799600
2021-01-29,1964.55,1964.55,1908.77,1928.58,98096100
2021-02-01,1920.33,1937.18,1919.22,1937.17,86789900
2021-02-02,1935.3,1941.59,1924.23,1941.47,81928200
2021-02-03,1937.45,1937.45,1913.38,1913.8,89485900
2021-02-04,1906.2,1906.2,1852.35,1871.67,89490500
2021-02-05,1871.87,1888.12,1839.44,1839.44,80876300
2021-02-08,1839.44,1847.05,1828.71,1838.06,72654000
2021-02-09,1836.59,1874.34,1836.59,1871.73,72727800
2021-02-10,1873.18,1881.66,1870.31,1880.98,69439800
2021-02-18,1905.4,1933.43,1905.4,1933.43,89264300
2021-02-19,1933.33,1990.66,1933.33,1990.66,98316600
2021-02-22,1999.88,2051.54,1999.88,2015.44,132773100
2021-02-23,2010.21,2015.93,1990.29,2002.91,107314700
2021-02-24,2001.34,2017.58,1994.54,2004.98,102234500
2021-02-25,2014.36,2014.36,1985.55,1986.59,97679600
2021-02-26,1961.15,2000.24,1961.15,1991.7,95903500
2021-03-01,1997.96,2041.12,1997.96,2041.12,100383800
2021-03-02,2043.05,2043.05,2017.59,2027.68,98183000
2021-03-03,2023.42,2053.45,2023.42,2053.45,97230000
2021-03-04,2045.28,2053.8,2033.27,2036.75,112412100
2021-03-05,2025.9,2060.67,2025.9,2056.41,112631700
2021-03-08,2064.22,2075.53,2030.36,2030.36,114654800
2021-03-09,2026.86,2026.86,1945.9,1975.61,117233700
2021-03-10,1985.31,1985.31,1945.72,1947.78,92569800
2021-03-11,1946.95,1989.84,1937.44,1989.84,91860700
2021-03-12,1990.9,1996.6,1976.03,1994.25,101919700
2021-03-15,1989.72,2003.2,1983.03,1995.42,99991700
2021-03-16,1996.22,2026.06,1996.22,2025.92,111353900
2021-03-17,2022.75,2036.77,2016.05,2036.57,107037100
2021-03-18,2033.59,2042.12,2031.22,2034.05,104892900
2021-03-19,2016.64,2046.94,2016.64,2028.8,105943800
2021-03-22,2030.17,2063.4,2030.17,2063.4,108604700
2021-03-23,2062.75,2062.75,2030.84,2036.46,118040700
2021-03-24,2025.76,2036.24,2016.57,2019.41,107109800
2021-03-25,2014.61,2023.45,2004.64,2009.97,103501300
2021-03-26,2009.12,2038.97,2009.12,2036.63,103961000
2021-03-29,2039.09,2044.78,2034.72,2039.05,105221100
2021-03-30,2034.34,2034.34,2015.09,2018.13,110005500
2021-03-31,2014.05,2023.18,2010.13,2023.18,96758600
2021-04-01,2022.78,2023.55,2014.21,2021.36,102747000
2021-04-02,2022.38,2027.58,2017.96,2025.58,97349200
2021-04-06,2027.6,2054.44,2027.6,2054.19,97883800
2021-04-07,2053.43,2066.61,2050.08,2066.61,104300600
2021-04-08,2063.89,2063.89,2047.9,2047.9,114610600
2021-04-09,2044.22,2052.98,2043.93,2051.92,101607000
2021-04-12,2051.93,2051.93,2022.52,2025.09,107237100
2021-04-13,2020.66,2020.66,2007.38,2010.61,107527500
2021-04-14,2007.85,2033.23,2004.91,2033.23,101016100
2021-04-15,2030.51,2032.87,2023.99,2030.38,106311600
2021-04-16,2030.96,2068.89,2030.96,2068.89,120710500
2021-04-19,2069.73,2095.82,2069.73,2095.64,126554600
2021-04-20,2092.09,2103.28,2087.13,2087.13,123954100
2021-04-21,2078.09,2087.09,2072.96,2080.07,112970200
2021-04-22,2083.7,2093.1,2083.7,2089.89,106828800
2021-04-23,2088.06,2088.06,2064.1,2070.66,109797500
2021-04-26,2070.62,2086.37,2064.36,2064.79,115197600
2021-04-27,2060.24,2060.24,2031.89,2050.88,110313800
2021-04-28,2045.05,2052.81,2039.4,2052.81,102248700
2021-04-29,2047.03,2052.75,2041.2,2041.2,104355500
2021-04-30,2036.81,2039.83,2021.93,2031.33,103022900
2021-05-06,2032.26,2048.5,2032.26,2045.9,104784700
2021-05-07,2046.72,2046.72,2032.6,2033.57,107455500
2021-05-10,2034.26,2047.62,2030.01,2047.62,110599300
2021-05-11,2039.27,2054.85,2026.9,2052.51,114681800
2021-05-12,2044.26,2078.13,2043.12,2078.13,116592200
2021-05-13,2065.75,2087.37,2065.75,2068.94,122671900
2021-05-14,2073.74,2092.05,2073.74,2092.05,124005600
2021-05-17,2085.57,2085.57,2064.31,2064.71,118558900
2021-05-18,2060.19,2076.12,2056.95,2076.12,102679500
2021-05-19,2071.92,2079.37,2071.35,2077.15,106814000
2021-05-20,2069.64,2078.06,2064.65,2070.53,114545000
2021-05-21,2071.24,2082.98,2071.24,2077.71,109528000
2021-05-24,2077.63,2089.22,2077.63,2089.22,108421600
2021-05-25,2087.89,2100.91,2082.86,2100.91,111695500
2021-05-26,2100.55,2117.31,2100.55,2117.13,118577000
2021-05-27,2115.85,2135.96,2115.85,2135.62,120231400
2021-05-28,2136.66,2144.39,2127.59,2132.27,123513300
2021-05-31,2134.74,2163.08,2133.84,2163.08,123804000
2021-06-01,2164.09,2181.46,2164.09,2181.46,133565700
2021-06-02,2177.83,2177.83,2158.47,2159.52,134615900
2021-06-03,2157.48,2174.07,2155.9,2155.9,119373400
2021-06-04,2149.62,2165.9,2149.62,2161.91,112579000
2021-06-07,2166.02,2181.06,2166.02,2181.06,112559600
2021-06-08,2179.69,2182.79,2170.9,2177.36,120152100
2021-06-09,2174.67,2186.91,2174.67,2182.81,117406000
2021-06-10,2181.61,2191.27,2179.52,2190.97,123035700
2021-06-11,2191.0,2191.93,2172.93,2173.41,124873700
2021-06-15,2173.42,2173.42,2156.62,2158.91,133233100
2021-06-16,2155.12,2156.29,2130.07,2132.49,125197100
2021-06-17,2129.1,2150.1,2129.1,2150.03,121225900
2021-06-18,2147.83,2172.69,2137.42,2172.69,127248100
2021-06-21,2165.43,2204.48,2165.43,2204.48,130555300
2021-06-22,2206.46,2219.5,2203.76,2219.5,141329100
2021-06-23,2218.63,2229.54,2213.77,2226.91,136512100
2021-06-24,2227.26,2227.26,2211.14,2211.23,135426700
2021-06-25,2208.6,2213.84,2195.33,2211.92,130327500
2021-06-28,2213.42,2232.27,2213.42,2231.49,125663400
2021-06-29,2229.57,2229.57,2213.41,2214.04,127169300
2021-06-30,2215.65,2236.24,2215.65,2236.24,122833100
2021-07-01,2237.93,2237.93,2197.14,2197.14,133588000
2021-07-02,2191.48,2204.1,2191.48,2202.06,118837600
2021-07-05,2206.29,2239.59,2206.29,2239.59,120999500
2021-07-06,2239.88,2246.07,2216.72,2240.76,128563100
2021-07-07,2226.82,2260.83,2226.82,2260.44,121613800
2021-07-08,2264.05,2265.04,2250.93,2253.6,139559000
2021-07-09,2242.81,2273.97,2241.17,2272.34,135675900
2021-07-12,2281.73,2312.78,2281.73,2312.7,151782900
2021-07-13,2310.51,2329.7,2305.88,2329.7,153218400
2021-07-14,2326.25,2333.0,2311.54,2311.54,155924100
2021-07-15,2300.33,2300.85,2262.75,2291.91,146732800
2021-07-16,2289.74,2310.73,2289.74,2293.69,138612700
2021-07-19,2291.07,2295.34,2279.74,2292.7,139815500
2021-07-20,2274.68,2304.16,2274.68,2304.16,127266500
2021-07-21,2312.01,2342.59,2312.01,2341.22,147246400
2021-07-22,2343.65,2366.8,2334.35,2366.8,159804800
2021-07-23,2361.73,2361.85,2331.98,2339.13,167451500
2021-07-26,2334.17,2336.43,2280.36,2314.76,162371600
2021-07-27,2314.62,2327.61,2262.24,2262.24,164218300
2021-07-28,2238.78,2238.78,2169.75,2195.97,152251400
2021-07-29,2223.61,2280.53,2223.61,2276.2,140644200
2021-07-30,2275.78,2310.83,2275.78,2310.83,157666200
2021-08-02,2313.0,2357.83,2313.0,2357.83,161234000
2021-08-03,2352.51,2366.34,2327.18,2332.93,169145400
2021-08-04,2329.8,2370.49,2329.8,2370.24,144850400
2021-08-05,2362.64,2362.64,2337.68,2348.5,151180000
2021-08-06,2349.29,2359.73,2336.93,2359.69,143481100
2021-08-09,2355.61,2377.96,2347.45,2377.96,141766900
2021-08-10,2374.05,2406.29,2374.05,2398.39,156846700
2021-08-11,2396.9,2424.05,2391.96,2424.05,168580000
2021-08-12,2422.41,2438.99,2418.98,2434.1,168784500
2021-08-13,2427.11,2439.21,2423.72,2437.34,168396700
2021-08-16,2434.46,2439.26,2420.13,2425.7,166460900
2021-08-17,2420.76,2420.76,2350.11,2354.73,178082300
2021-08-18,2350.43,2381.84,2350.43,2379.68,150792700
2021-08-19,2372.88,2384.71,2348.12,2373.58,145589800
2021-08-20,2365.42,2373.1,2342.08,2370.57,141289200
2021-08-23,2376.54,2442.53,2376.54,2442.41,165995600
2021-08-24,2444.71,2456.63,2438.36,2452.1,176006400
2021-08-25,2448.36,2474.31,2448.36,2474.31,168018700
2021-08-26,2470.8,2478.77,2460.53,2460.53,184345500
2021-08-27,2451.02,2458.38,2435.78,2457.44,177638500
2021-08-30,2455.07,2477.88,2455.07,2466.31,181914400
2021-08-31,2462.24,2464.03,2441.14,2458.86,169083800
2021-09-01,2461.85,2464.82,2395.53,2416.95,186185400
2021-09-02,2408.21,2460.43,2408.21,2460.4,166693600
2021-09-03,2460.35,2499.14,2443.88,2459.91,191382000
2021-09-06,2461.43,2478.97,2432.78,2478.91,165286400
2021-09-07,2478.93,2514.44,2478.93,2514.44,172918000
2021-09-08,2518.79,2539.68,2518.79,2539.68,199658400
2021-09-09,2535.01,2539.08,2520.88,2532.6,196306000
2021-09-10,2532.19,2532.19,2504.62,2517.89,190435100
2021-09-13,2520.14,2537.61,2511.08,2537.61,179245900
2021-09-14,2535.31,2556.4,2519.07,2522.57,191051100
2021-09-15,2518.46,2559.21,2514.19,2559.21,175635800
2021-09-16,2563.45,2582.11,2515.95,2515.95,203370500
2021-09-17,2510.96,2532.01,2472.05,2510.26,184543400
2021-09-22,2487.59,2531.1,2487.59,2531.08,166447400
2021-09-23,2543.52,2548.94,2528.36,2531.75,189409900
2021-09-24,2527.34,2527.34,2470.92,2471.09,177502000
2021-09-27,2474.45,2474.45,2350.32,2373.72,180354200
2021-09-28,2367.69,2395.26,2365.67,2386.6,136082300
2021-09-29,2367.06,2372.53,2302.9,2302.9,141209800
2021-09-30,2316.41,2372.35,2316.41,2370.07,126175600
2021-10-08,2397.96,2401.23,2379.58,2394.06,142937100
2021-10-11,2398.98,2398.98,2360.64,2378.49,131579000
2021-10-12,2372.48,2374.8,2306.51,2329.62,134495500
2021-10-13,2330.37,2332.39,2300.73,2331.12,115987000
2021-10-14,2324.11,2361.88,2315.37,2355.67,115058500
2021-10-15,2351.63,2351.63,2330.08,2333.16,120246400
2021-10-18,2329.97,2365.73,2329.83,2365.73,118942700
2021-10-19,2364.76,2381.6,2364.76,2379.91,122149500
2021-10-20,2372.17,2393.31,2371.24,2384.21,126711400
2021-10-21,2381.6,2387.55,2370.92,2374.16,124088200
2021-10-22,2372.38,2373.47,2342.53,2342.53,126561600
2021-10-25,2342.53,2375.37,2342.53,2375.37,117972800
2021-10-26,2378.51,2386.32,2366.01,2371.42,128598900
2021-10-27,2364.71,2364.71,2330.77,2340.91,133508400
2021-10-28,2332.55,2334.86,2283.69,2284.86,129467400
2021-10-29,2287.28,2326.47,2273.9,2325.64,125770200
2021-11-01,2326.07,2374.32,2326.07,2366.62,132946200
2021-11-02,2368.92,2379.12,2318.29,2334.14,149643200
2021-11-03,2332.89,2344.39,2321.46,2344.39,117776600
2021-11-04,2350.32,2388.38,2350.32,2388.38,134731000
2021-11-05,2387.87,2391.33,2367.64,2367.64,154030200
2021-11-08,2365.63,2386.51,2354.11,2386.51,138095500
2021-11-09,2390.84,2420.91,2390.84,2420.91,139874600
2021-11-10,2415.63,2435.03,2401.87,2435.03,141146000
2021-11-11,2430.5,2455.74,2430.5,2452.2,146636300
2021-11-12,2449.25,2483.36,2449.25,2481.77,147779900
2021-11-15,2487.92,2496.69,2479.57,2496.13,165592300
2021-11-16,2494.04,2495.95,2471.95,2472.1,161766000
2021-11-17,2471.81,2523.37,2471.81,2523.37,158557700
2021-11-18,2524.3,2529.47,2512.15,2512.15,168359200
2021-11-19,2509.02,2542.06,2509.02,2542.06,157927900
2021-11-22,2545.47,2575.03,2542.83,2574.76,159320500
2021-11-23,2573.6,2588.81,2569.55,2580.22,161444800
2021-11-24,2579.38,2586.75,2570.15,2580.41,161997500
2021-11-25,2582.46,2596.39,2579.18,2583.57,161048900
2021-11-26,2578.83,2592.05,2576.0,2587.89,159609900
2021-11-29,2550.84,2602.56,2550.84,2602.1,160794100
2021-11-30,2614.04,2639.53,2612.82,2624.98,174288700
2021-12-01,2619.77,2650.21,2619.77,2650.21,171288500
2021-12-02,2646.08,2646.08,2605.62,2605.62,175529200
2021-12-03,2606.41,2622.94,2599.39,2616.14,156170200
2021-12-06,2615.74,2615.74,2569.15,2571.55,160617000
2021-12-07,2581.79,2581.79,2513.38,2533.6,154908600
2021-12-08,2539.33,2575.83,2536.59,2575.83,139380300
2021-12-09,2577.05,2580.59,2572.34,2575.17,152070600
2021-12-10,2568.38,2592.77,2566.43,2590.98,148182400
2021-12-13,2595.77,2607.93,2584.07,2607.41,181268600
2021-12-14,2606.18,2625.93,2606.18,2624.6,189890600
2021-12-15,2623.14,2643.79,2623.14,2631.07,205640100
2021-12-16,2633.79,2653.71,2632.86,2653.71,203949900
2021-12-17,2652.89,2652.89,2631.34,2631.34,218291600
2021-12-20,2627.09,2636.8,2597.41,2597.41,223267200
2021-12-21,2596.95,2638.49,2596.95,2638.49,217596500
2021-12-22,2644.61,2654.56,2638.55,2650.82,238004400
2021-12-23,2648.75,2649.83,2636.3,2639.05,214613800
2021-12-24,2642.87,2642.87,2583.35,2583.35,231174600
2021-12-27,2579.68,2609.21,2571.71,2599.67,192555800
2021-12-28,2602.69,2623.66,2600.58,2623.63,186467100
2021-12-29,2621.45,2633.7,2613.84,2626.22,190837300
2021-12-30,2627.99,2660.97,2627.99,2653.58,198065500
2021-12-31,2660.35,2676.25,2659.85,2666.97,208521300
2022-01-04,2675.37,2700.24,2675.37,2697.72,245427300
2022-01-05,2697.06,2697.06,2624.8,2648.98,250862800
2022-01-06,2633.51,2683.06,2633.51,2677.44,213127700
2022-01-07,2678.35,2681.78,2613.93,2613.93,235789800
2022-01-10,2606.51,2637.91,2589.96,2636.21,184391800
2022-01-11,2638.05,2656.26,2620.55,2625.64,198432900
2022-01-12,2630.66,2670.57,2630.66,2670.57,204808100
2022-01-13,2673.06,2673.06,2645.95,2645.95,213624800
2022-01-14,2638.72,2669.97,2638.72,2646.77,220917100
2022-01-17,2654.3,2696.87,2654.3,2696.87,209816100
2022-01-18,2698.61,2698.61,2642.38,2644.51,228293700
2022-01-19,2631.5,2654.08,2628.67,2644.31,196849000
2022-01-20,2642.53,2642.53,2562.87,2562.87,217364400
2022-01-21,2552.97,2562.21,2528.67,2529.1,176609600
2022-01-24,2515.09,2539.0,2511.55,2527.24,148257300
2022-01-25,2517.61,2517.61,2413.96,2413.96,179573900
2022-01-26,2418.2,2439.5,2405.71,2430.75,143394900
2022-01-27,2431.18,2431.18,2348.84,2349.39,148789000
2022-01-28,2358.95,2410.25,2337.08,2388.82,144332500
2022-02-07,2418.24,2421.77,2398.84,2416.39,148048700
2022-02-08,2415.63,2452.94,2406.81,2452.94,163620800
2022-02-09,2453.04,2492.53,2450.94,2492.53,171178000
2022-02-10,2492.18,2492.18,2465.27,2477.76,165195900
2022-02-11,2467.14,2467.14,2413.06,2416.48,180856900
2022-02-14,2405.64,2438.79,2405.64,2423.69,159061400
2022-02-15,2426.54,2438.75,2414.12,2435.13,159072900
2022-02-16,2446.0,2474.73,2446.0,2471.61,168465500
2022-02-17,2467.42,2487.28,2464.6,2468.67,191835200
2022-02-18,2454.72,2485.35,2454.72,2485.35,158805800
2022-02-21,2488.26,2529.35,2488.26,2529.35,185260400
2022-02-22,2515.7,2515.7,2487.7,2504.18,193391100
2022-02-23,2509.34,2552.49,2509.34,2552.47,198993200
2022-02-24,2541.25,2566.62,2454.64,2486.11,279061600
2022-02-25,2500.3,2530.3,2500.3,2513.57,196905500
2022-02-28,2516.52,2518.07,2480.58,2517.85,185219600
2022-03-01,2522.07,2540.29,2521.69,2540.29,176993300
2022-03-02,2530.72,2556.45,2530.12,2556.08,193095600
2022-03-03,2564.06,2564.06,2542.84,2544.77,211732700
2022-03-04,2534.09,2543.26,2501.44,2508.66,211128400
2022-03-07,2502.04,2503.44,2464.53,2475.19,193468900
2022-03-08,2471.68,2471.68,2390.51,2391.85,210408000
2022-03-09,2393.34,2401.77,2264.67,2366.5,221761500
2022-03-10,2408.09,2431.72,2406.79,2412.38,209255500
2022-03-11,2381.3,2430.89,2359.8,2428.58,207262400
2022-03-14,2416.2,2416.2,2359.57,2359.57,194487400
2022-03-15,2342.17,2351.85,2245.15,2245.15,216333700
2022-03-16,2278.01,2323.41,2215.07,2319.59,222093300
2022-03-17,2337.53,2394.35,2337.53,2361.48,234431600
2022-03-18,2350.72,2393.03,2350.72,2388.51,201485600
2022-03-21,2392.11,2429.04,2392.11,2429.04,216012200
2022-03-22,2427.26,2436.25,2408.03,2422.9,214614400
2022-03-23,2425.35,2441.16,2422.69,2430.67,213433600
2022-03-24,2417.81,2417.81,2396.26,2400.77,205283500
2022-03-25,2401.78,2424.86,2391.5,2391.5,213773000
2022-03-28,2380.59,2397.56,2353.78,2379.82,196014200
2022-03-29,2383.35,2385.58,2353.89,2360.05,197829700
2022-03-30,2365.2,2396.13,2356.91,2396.13,199178800
2022-03-31,2391.69,2410.85,2386.02,2391.28,224065800
2022-04-01,2377.29,2383.02,2371.58,2376.23,212141300
2022-04-06,2372.3,2399.47,2372.3,2399.47,213103800
2022-04-07,2389.19,2389.19,2332.82,2332.82,209586500
2022-04-08,2330.75,2330.75,2286.57,2312.14,200205900
2022-04-11,2302.97,2302.97,2233.24,2245.48,202806600
2022-04-12,2240.95,2281.52,2228.27,2281.52,197085800
2022-04-13,2270.75,2270.75,2232.15,2232.15,197180700
2022-04-14,2239.05,2262.69,2239.05,2252.78,177532500
2022-04-15,2241.99,2241.99,2195.48,2201.1,195883900
2022-04-18,2188.25,2222.64,2174.56,2220.89,158044200
2022-04-19,2218.82,2243.0,2218.82,2239.52,164759900
2022-04-20,2237.1,2247.87,2208.17,2214.68,180732600
2022-04-21,2204.12,2205.77,2113.7,2119.28,194733000
2022-04-22,2104.06,2114.17,2076.67,2088.05,166067200
2022-04-25,2054.52,2054.52,1921.28,1921.28,199847900
2022-04-26,1916.59,1918.61,1839.64,1845.89,182673700
2022-04-27,1815.73,1907.29,1795.22,1907.29,194201900
2022-04-28,1889.81,1898.02,1851.45,1868.7,169061300
2022-04-29,1879.91,1960.75,1879.91,1953.11,183958600
2022-05-05,1953.5,2006.94,1953.5,1993.72,165268800
2022-05-06,1949.46,1990.96,1949.46,1976.37,160335700
2022-05-09,1978.18,2019.42,1978.18,2014.38,149564800
2022-05-10,1991.34,2052.59,1991.34,2052.59,173494400
2022-05-11,2058.49,2110.07,2058.49,2058.97,214539500
2022-05-12,2047.74,2079.36,2047.64,2076.45,183784400
2022-05-13,2083.8,2088.3,2063.08,2088.3,178161400
2022-05-16,2100.24,2107.42,2085.61,2093.7,185114300
2022-05-17,2092.44,2092.44,2057.03,2089.8,176816400
2022-05-18,2089.57,2123.04,2089.57,2109.42,178346200
2022-05-19,2079.4,2126.53,2079.4,2126.53,185607800
2022-05-20,2132.76,2149.0,2129.53,2149.0,184524200
2022-05-23,2153.58,2186.26,2153.58,2186.26,183812100
2022-05-24,2188.92,2188.92,2088.73,2088.73,214596100
2022-05-25,2085.68,2133.13,2085.68,2133.13,168204500
2022-05-26,2137.35,2146.41,2102.27,2140.49,176453900
2022-05-27,2145.14,2156.45,2125.8,2144.42,186966200
2022-05-30,2151.34,2161.76,2132.54,2161.76,178640900
2022-05-31,2163.58,2183.19,2145.93,2182.77,192487800
2022-06-01,2177.51,2204.36,2177.51,2197.65,193406200
2022-06-02,2191.01,2220.23,2182.97,2219.21,185893900
2022-06-06,2221.07,2259.13,2221.07,2257.76,201526600
2022-06-07,2258.63,2258.63,2226.18,2244.14,199418600
2022-06-08,2241.98,2252.66,2195.03,2239.54,204018900
2022-06-09,2235.11,2235.11,2189.17,2197.55,189127500
2022-06-10,2185.75,2249.13,2185.75,2244.72,191349600
2022-06-13,2234.21,2261.6,2234.21,2261.5,221371700
2022-06-14,2243.65,2262.74,2200.93,2262.74,228380900
2022-06-15,2266.09,2277.47,2248.4,2248.4,240955600
2022-06-16,2246.54,2280.74,2246.54,2270.81,216836200
2022-06-17,2258.34,2284.38,2246.99,2284.38,219318400
2022-06-20,2288.99,2314.0,2288.99,2311.65,226025100
2022-06-21,2312.32,2314.1,2277.84,2298.12,234417700
2022-06-22,2297.79,2302.94,2276.62,2276.62,212133400
2022-06-23,2276.34,2323.32,2266.02,2323.32,229188100
2022-06-24,2329.19,2351.29,2329.19,2349.38,239764500
2022-06-27,2359.71,2374.22,2354.07,2372.97,240057400
2022-06-28,2372.7,2408.62,2369.39,2408.62,251158300
2022-06-29,2405.62,2405.62,2344.89,2344.89,273006600
2022-06-30,2346.73,2377.13,2346.67,2361.88,246612400
2022-07-01,2361.36,2375.13,2353.7,2361.28,227075400
2022-07-04,2360.25,2377.74,2352.04,2377.74,225045300
2022-07-05,2377.74,2380.43,2331.29,2357.27,234009800
2022-07-06,2350.34,2355.52,2321.79,2341.34,213508800
2022-07-07,2340.99,2367.95,2333.81,2363.78,216523400
2022-07-08,2367.93,2380.03,2362.14,2364.96,223796500
2022-07-11,2359.68,2359.68,2335.62,2351.6,217592600
2022-07-12,2350.98,2350.98,2310.1,2310.1,223054200
2022-07-13,2309.79,2351.77,2309.79,2348.73,219992300
2022-07-14,2345.21,2375.45,2345.21,2366.34,232682800
2022-07-15,2357.51,2357.52,2325.5,2325.5,245329800
2022-07-18,2328.0,2391.66,2328.0,2391.66,234966300
2022-07-19,2398.09,2420.63,2398.09,2418.86,243837400
2022-07-20,2422.52,2440.54,2416.89,2440.54,231760100
2022-07-21,2436.19,2450.46,2430.76,2430.76,234987200
2022-07-22,2430.78,2443.46,2408.11,2427.65,225186600
2022-07-25,2430.39,2430.39,2395.58,2398.31,202237800
2022-07-26,2397.95,2428.65,2378.77,2428.65,208786800
2022-07-27,2423.91,2459.01,2423.91,2459.01,212997800
2022-07-28,2469.4,2486.68,2469.4,2479.11,233071600
2022-07-29,2482.98,2487.28,2472.55,2473.74,231487600
2022-08-01,2472.31,2488.01,2460.05,2488.01,224166900
2022-08-02,2462.44,2462.44,2363.77,2380.89,283185700
2022-08-03,2381.85,2431.95,2360.17,2362.88,252911700
2022-08-04,2375.25,2399.43,2358.31,2399.43,208706000
2022-08-05,2405.3,2416.68,2387.73,2416.01,213871900
2022-08-08,2411.99,2467.8,2411.99,2467.8,205899500
2022-08-09,2467.7,2478.4,2467.61,2478.4,209444000
2022-08-10,2474.29,2500.34,2474.29,2500.34,210457500
2022-08-11,2509.16,2525.1,2507.79,2523.77,224023300
2022-08-12,2523.43,2534.5,2508.14,2508.31,232464600
2022-08-15,2505.06,2531.79,2502.62,2531.79,212422100
2022-08-16,2535.08,2562.88,2535.08,2562.88,241861300
2022-08-17,2568.36,2568.92,2555.91,2564.08,250596300
2022-08-18,2560.33,2582.72,2558.76,2582.72,254653700
2022-08-19,2586.85,2587.58,2537.6,2537.6,257682000
2022-08-22,2532.41,2548.92,2526.92,2548.92,228450800
2022-08-23,2543.74,2571.55,2543.74,2571.55,232646500
2022-08-24,2573.15,2573.15,2483.6,2484.04,272361600
2022-08-25,2490.81,2490.81,2425.89,2458.95,238342500
2022-08-26,2459.61,2482.53,2437.78,2442.45,220528700
2022-08-29,2407.64,2469.95,2407.64,2469.95,205735500
2022-08-30,2471.94,2471.94,2435.81,2447.45,207842200
2022-08-31,2440.99,2440.99,2357.87,2357.87,226936900
2022-09-01,2359.43,2379.47,2346.53,2349.39,200108200
2022-09-02,2353.01,2393.62,2350.08,2392.13,190040400
2022-09-05,2393.46,2412.89,2389.63,2403.85,190305600
2022-09-06,2411.13,2445.8,2401.67,2445.8,215132900
2022-09-07,2441.03,2469.4,2441.03,2463.76,230488200
2022-09-08,2463.85,2465.84,2433.62,2433.68,212098000
2022-09-09,2434.53,2434.53,2401.88,2418.98,185777200
2022-09-13,2423.88,2437.24,2414.81,2423.36,180532200
2022-09-14,2386.9,2403.45,2381.55,2398.08,180868000
2022-09-15,2407.38,2407.38,2296.14,2326.28,215865100
2022-09-16,2320.86,2325.06,2272.5,2272.5,182094200
2022-09-19,2270.63,2277.31,2235.08,2244.76,162089000
2022-09-20,2257.92,2298.45,2257.92,2290.83,167099600
2022-09-21,2284.7,2303.99,2256.43,2297.16,168722300
2022-09-22,2283.43,2317.52,2283.43,2291.68,159878400
2022-09-23,2293.04,2293.04,2227.38,2234.27,167395300
2022-09-26,2219.31,2236.81,2196.09,2198.27,162478200
2022-09-27,2205.67,2252.39,2203.62,2252.39,159996000
2022-09-28,2249.74,2249.74,2179.44,2179.44,165943700
2022-09-29,2198.03,2198.03,2158.07,2167.99,158029900
2022-09-30,2165.24,2168.39,2136.37,2136.37,139600400
2022-10-10,2143.03,2147.69,2090.15,2098.17,146475200
2022-10-11,2101.02,2124.64,2085.97,2122.43,137727900
2022-10-12,2121.34,2189.89,2100.3,2189.89,163294700
2022-10-13,2180.13,2227.39,2180.13,2210.78,170604200
2022-10-14,2222.28,2264.22,2222.28,2259.8,182540400
2022-10-17,2250.4,2296.57,2250.4,2296.57,188426200
2022-10-18,2303.55,2322.87,2294.95,2308.03,197993000
2022-10-19,2299.9,2311.47,2291.06,2291.06,188073300
2022-10-20,2280.53,2305.54,2257.95,2277.51,184766300
2022-10-21,2278.53,2296.93,2268.62,2283.28,169328000
2022-10-24,2290.67,2313.95,2253.19,2258.1,194363400
2022-10-25,2247.35,2264.52,2213.64,2259.0,191320400
2022-10-26,2259.99,2309.13,2259.99,2301.67,201556200
2022-10-27,2302.14,2313.79,2287.35,2287.35,197308000
2022-10-28,2274.13,2274.13,2193.55,2198.39,209802700
2022-10-31,2186.74,2241.49,2186.74,2226.29,178121600
2022-11-01,2231.68,2284.91,2231.68,2284.91,194135600
2022-11-02,2285.63,2328.33,2285.63,2317.53,217096300
2022-11-03,2301.15,2333.64,2301.15,2331.72,188310200
2022-11-04,2333.18,2373.16,2333.18,2372.47,211940800
2022-11-07,2374.16,2395.0,2374.16,2390.46,213144200
2022-11-08,2390.5,2390.5,2369.32,2389.03,198097500
2022-11-09,2389.35,2405.88,2384.07,2394.06,190164500
2022-11-10,2383.86,2399.33,2378.89,2383.68,207057600
2022-11-11,2428.38,2428.38,2382.56,2382.56,268214300
2022-11-14,2380.26,2390.67,2366.18,2374.5,226765300
2022-11-15,2373.01,2423.47,2373.01,2423.47,219159500
2022-11-16,2424.37,2435.1,2409.14,2414.14,219104700
2022-11-17,2409.49,2426.25,2397.42,2426.25,203825300
2022-11-18,2427.81,2437.36,2407.76,2409.35,225268100
2022-11-21,2400.42,2426.9,2389.92,2426.9,200563200
2022-11-22,2423.51,2427.76,2379.94,2389.18,210299100
2022-11-23,2386.16,2386.16,2330.59,2373.31,196790400
2022-11-24,2376.26,2391.51,2376.26,2386.09,191693000
2022-11-25,2380.24,2380.24,2353.14,2354.02,181103700
2022-11-28,2327.57,2347.66,2327.57,2346.78,180278400
2022-11-29,2350.09,2387.83,2350.09,2387.71,217690200
2022-11-30,2389.6,2398.47,2377.7,2389.46,222745900
2022-12-01,2405.31,2408.79,2398.47,2405.45,235732100
2022-12-02,2399.51,2426.9,2399.51,2424.3,213689600
2022-12-05,2434.42,2435.68,2424.08,2435.68,232041100
2022-12-06,2428.59,2428.59,2411.86,2418.07,215169500
2022-12-07,2412.23,2424.47,2407.73,2420.31,206675000
2022-12-08,2417.09,2419.62,2407.22,2411.03,207702100
2022-12-09,2410.24,2410.24,2394.92,2404.0,204787600
2022-12-12,2401.65,2405.86,2389.96,2402.21,220151200
2022-12-13,2401.85,2402.97,2388.84,2391.29,214853700
2022-12-14,2389.81,2397.4,2377.76,2382.54,208828200
2022-12-15,2379.8,2398.21,2379.8,2397.62,206203800
2022-12-16,2386.67,2386.67,2364.68,2367.36,214652600
2022-12-19,2365.87,2365.87,2308.28,2315.25,213498700
2022-12-20,2310.08,2318.68,2291.36,2307.08,171520600
2022-12-21,2305.55,2305.55,2279.26,2287.2,171222700
2022-12-22,2296.1,2296.1,2244.09,2248.98,189481900
2022-12-23,2238.89,2252.04,2223.48,2238.47,181332800
2022-12-26,2238.65,2285.55,2238.65,2285.55,179285000
2022-12-27,2290.07,2295.58,2272.05,2295.58,191443700
2022-12-28,2289.57,2289.57,2260.25,2265.7,183772900
2022-12-29,2260.72,2278.09,2253.98,2253.98,175691100
2022-12-30,2260.47,2272.93,2257.26,2272.93,185288400
2023-01-03,2274.23,2332.36,2274.23,2332.36,215040600
2023-01-04,2334.25,2347.07,2329.72,2343.98,229743300
2023-01-05,2345.67,2355.71,2335.76,2355.26,221071700
2023-01-06,2353.14,2365.41,2347.94,2351.44,217167400
2023-01-09,2357.45,2371.46,2357.45,2366.96,185726600
2023-01-10,2369.22,2369.22,2358.03,2363.76,175255900
2023-01-11,2365.26,2368.51,2343.67,2343.67,183727200
2023-01-12,2346.51,2357.96,2340.44,2344.4,175089700
2023-01-13,2349.78,2351.68,2334.53,2345.6,170866200
2023-01-16,2346.37,2370.46,2346.37,2365.38,174270700
2023-01-17,2368.45,2368.45,2352.5,2359.73,167076300
2023-01-18,2362.79,2373.88,2361.55,2370.3,156462900
2023-01-19,2367.09,2381.35,2365.12,2380.55,155403200
2023-01-20,2385.74,2403.0,2385.74,2403.0,163367300
2023-01-30,2430.93,2448.0,2430.93,2444.71,231281400
2023-01-31,2436.13,2458.57,2436.13,2458.57,220090600
2023-02-01,2461.82,2503.16,2461.82,2503.16,244358300
2023-02-02,2505.19,2517.24,2498.83,2510.53,245965200
2023-02-03,2506.8,2512.41,2482.19,2512.41,230208200
2023-02-06,2508.98,2518.7,2503.42,2513.26,217117600
2023-02-07,2514.73,2535.43,2514.73,2535.43,233821800
2023-02-08,2535.7,2536.6,2524.45,2524.45,227035700
2023-02-09,2518.87,2555.68,2518.87,2555.68,223491000
2023-02-10,2553.29,2563.34,2539.93,2550.58,232604100
2023-02-13,2551.17,2577.77,2551.17,2577.77,226607100
2023-02-14,2584.13,2584.13,2569.79,2577.76,233407300
2023-02-15,2577.87,2589.43,2577.02,2589.04,225967500
2023-02-16,2586.86,2589.05,2511.48,2520.28,294535200
2023-02-17,2520.49,2537.77,2500.92,2505.38,218755800
2023-02-20,2508.2,2535.19,2498.81,2535.19,194952500
2023-02-21,2537.96,2551.6,2529.4,2547.11,199581900
2023-02-22,2536.2,2549.67,2536.2,2549.35,176750400
2023-02-23,2551.17,2555.04,2532.18,2542.88,184519900
2023-02-24,2544.71,2545.43,2521.71,2537.78,159060900
2023-02-27,2531.61,2535.7,2513.04,2514.9,167561200
2023-02-28,2522.31,2539.19,2511.31,2539.19,165863800
2023-03-01,2539.54,2562.39,2536.76,2562.39,198168800
2023-03-02,2562.63,2565.78,2546.49,2548.6,212489900
2023-03-03,2546.76,2552.85,2527.34,2544.8,188179500
2023-03-06,2547.08,2550.55,2535.45,2549.03,184390800
2023-03-07,2548.87,2548.87,2491.97,2491.97,195100700
2023-03-08,2486.87,2515.44,2486.87,2515.44,150942200
2023-03-09,2519.66,2524.94,2503.12,2518.72,168023500
2023-03-10,2505.04,2505.04,2480.54,2480.54,172155500
2023-03-13,2472.82,2485.18,2459.7,2485.18,167707000
2023-03-14,2482.36,2482.36,2423.39,2449.1,181995700
2023-03-15,2459.38,2482.76,2459.38,2471.55,165117300
2023-03-16,2460.05,2460.05,2427.23,2428.2,163201200
2023-03-17,2441.87,2457.45,2440.19,2448.05,171022800
2023-03-20,2451.37,2452.68,2428.25,2442.34,192709000
2023-03-21,2443.33,2483.05,2440.65,2483.05,172934500
2023-03-22,2486.33,2499.61,2486.33,2499.61,190710400
2023-03-23,2491.96,2494.32,2482.23,2494.32,179008300
2023-03-24,2496.03,2502.11,2490.26,2502.11,201222400
2023-03-27,2502.0,2507.5,2482.56,2507.5,209402800
2023-03-28,2505.91,2505.91,2479.37,2481.26,187636100
2023-03-29,2481.43,2484.15,2467.3,2471.65,173749900
2023-03-30,2471.03,2471.03,2440.17,2454.42,167068000
2023-03-31,2455.76,2486.72,2455.76,2486.72,163244200
2023-04-03,2486.53,2514.12,2486.53,2514.12,196111900
2023-04-04,2512.4,2512.4,2476.22,2482.19,204280800
2023-04-06,2471.91,2476.54,2465.55,2476.51,181692600
2023-04-07,2478.63,2503.82,2478.63,2503.82,178212200
2023-04-10,2504.62,2504.62,2459.4,2465.42,206459000
2023-04-11,2464.73,2474.15,2453.95,2473.89,171921200
2023-04-12,2476.41,2502.7,2476.41,2502.7,189244100
2023-04-13,2498.61,2506.21,2485.9,2487.36,201894900
2023-04-14,2490.0,2499.69,2468.12,2491.91,187968900
2023-04-17,2488.1,2489.71,2476.08,2484.57,180946500
2023-04-18,2481.72,2481.72,2457.0,2469.01,166161000
2023-04-19,2465.61,2479.07,2462.03,2465.39,171447700
2023-04-20,2459.91,2459.91,2436.7,2459.33,180659500
2023-04-21,2456.04,2456.04,2386.75,2386.75,205076300
2023-04-24,2383.42,2396.92,2366.18,2382.81,176598300
2023-04-25,2378.51,2378.51,2300.63,2331.21,193753500
2023-04-26,2324.89,2373.09,2324.89,2360.95,187542700
2023-04-27,2351.83,2372.12,2338.64,2346.44,178463400
2023-04-28,2341.29,2403.17,2341.29,2403.17,199664100
2023-05-04,2397.6,2423.34,2397.6,2423.34,211987000
2023-05-05,2419.67,2419.67,2385.85,2399.39,187813600
2023-05-08,2401.61,2413.29,2396.08,2413.29,188018900
2023-05-09,2407.72,2407.72,2369.26,2369.26,198668200
2023-05-10,2364.68,2390.67,2364.68,2385.36,172185900
2023-05-11,2388.67,2407.63,2386.19,2401.59,175510300
2023-05-12,2393.58,2397.47,2373.76,2373.76,169327200
2023-05-15,2372.92,2392.94,2355.09,2392.94,174186600
2023-05-16,2391.17,2391.17,2366.25,2372.08,175184200
2023-05-17,2363.01,2399.87,2363.01,2399.87,170250200
2023-05-18,2399.22,2419.9,2399.22,2419.05,183413400
2023-05-19,2414.01,2426.21,2399.12,2417.47,168046400
2023-05-22,2414.81,2427.08,2414.24,2427.08,171120100
2023-05-23,2424.92,2424.92,2400.09,2400.09,161086400
2023-05-24,2391.85,2420.27,2391.85,2406.1,168530900
2023-05-25,2402.75,2412.43,2376.72,2405.64,186448900
2023-05-26,2404.23,2426.94,2388.2,2424.05,183916500
2023-05-29,2426.7,2428.0,2414.58,2415.92,182746100
2023-05-30,2410.61,2433.39,2403.25,2433.39,188445100
2023-05-31,2429.39,2436.41,2424.41,2428.62,185433500
2023-06-01,2420.89,2453.38,2417.3,2438.75,203254100
2023-06-02,2442.48,2456.72,2442.48,2452.65,195672800
2023-06-05,2453.09,2469.11,2450.94,2469.11,184700600
2023-06-06,2464.56,2464.56,2414.82,2416.39,207087300
2023-06-07,2415.08,2434.87,2415.08,2434.47,179659200
2023-06-08,2430.77,2430.77,2409.42,2419.32,190420800
2023-06-09,2417.13,2435.04,2412.18,2435.04,195822100
2023-06-12,2433.47,2460.6,2427.96,2456.06,207883400
2023-06-13,2452.38,2468.79,2452.38,2468.46,203418700
2023-06-14,2468.16,2478.78,2461.3,2474.19,215972300
2023-06-15,2472.09,2482.27,2468.23,2480.45,220558800
2023-06-16,2478.89,2505.79,2471.58,2504.06,214911600
2023-06-19,2505.93,2520.74,2505.62,2516.33,219316600
2023-06-20,2513.42,2517.71,2501.14,2508.25,217873900
2023-06-21,2505.07,2506.52,2463.28,2463.28,216287500
2023-06-26,2447.9,2463.24,2399.79,2404.4,210772600
2023-06-27,2404.12,2450.74,2404.12,2450.74,199470600
2023-06-28,2445.72,2445.72,2380.24,2436.09,209734000
2023-06-29,2431.53,2476.23,2431.07,2467.62,197692000
2023-06-30,2465.37,2500.89,2459.81,2497.15,210718100
2023-07-03,2502.81,2513.05,2482.28,2497.9,222270800
2023-07-04,2495.56,2514.23,2491.31,2514.23,204866700
2023-07-05,2510.38,2518.13,2489.99,2493.7,196838300
2023-07-06,2488.84,2506.22,2480.61,2495.69,183456600
2023-07-07,2489.65,2492.98,2466.34,2477.29,186705300
2023-07-10,2483.07,2487.47,2465.9,2472.49,168360700
2023-07-11,2474.29,2490.82,2465.91,2490.82,169139000
2023-07-12,2490.26,2494.58,2452.86,2454.76,204111600
2023-07-13,2457.47,2480.89,2457.27,2479.39,196018200
2023-07-14,2480.36,2492.68,2469.77,2481.84,200221700
2023-07-17,2474.3,2475.65,2457.79,2475.65,180380300
2023-07-18,2476.28,2482.7,2459.85,2471.49,181589200
2023-07-19,2469.96,2481.12,2453.38,2465.87,168020400
2023-07-20,2466.98,2467.87,2427.97,2430.77,183700500
2023-07-21,2425.67,2440.43,2410.3,2417.26,179928300
2023-07-24,2413.73,2435.12,2400.99,2420.29,169277900
2023-07-25,2436.3,2455.91,2431.09,2455.91,196502600
2023-07-26,2453.25,2453.25,2428.36,2433.67,204393800
2023-07-27,2433.03,2444.4,2411.56,2414.19,198777100
2023-07-28,2409.03,2425.17,2392.95,2422.43,202054900
2023-07-31,2423.67,2445.07,2420.59,2445.07,231028700
2023-08-01,2443.53,2443.53,2424.96,2437.45,222268600
2023-08-02,2433.23,2438.93,2427.38,2437.04,210792300
2023-08-03,2427.96,2434.83,2421.02,2431.13,190109500
2023-08-04,2433.78,2444.44,2430.19,2437.76,211314100
2023-08-07,2435.13,2438.53,2421.77,2427.85,193621100
2023-08-08,2427.06,2432.08,2415.75,2421.38,182197600
2023-08-09,2414.18,2414.28,2391.05,2393.07,169378500
2023-08-10,2390.75,2401.38,2386.58,2397.58,151123600
2023-08-11,2399.83,2399.83,2358.88,2358.88,169680420
2023-08-14,2342.5,2376.05,2336.31,2376.05,162699704
2023-08-15,2376.44,2379.28,2340.35,2356.55,159715860
2023-08-16,2351.38,2353.04,2327.84,2327.84,157226970
2023-08-17,2321.78,2363.87,2307.46,2363.49,171088248
2023-08-18,2361.36,2371.08,2322.25,2322.25,175148429
2023-08-21,2319.63,2343.96,2311.5,2311.56,155008494
2023-08-22,2321.39,2333.76,2280.18,2328.53,181505605
2023-08-23,2322.93,2322.93,2289.65,2289.65,168471547
2023-08-24,2294.37,2310.68,2268.19,2290.25,181306138
2023-08-25,2278.75,2287.48,2228.98,2237.19,197357020
2023-08-28,2353.86,2354.09,2250.75,2256.52,248015429
2023-08-29,2250.59,2341.16,2249.61,2341.12,235307021
2023-08-30,2341.88,2372.52,2341.71,2362.78,226004751
2023-08-31,2357.29,2357.29,2343.05,2349.26,194039406
2023-09-01,2351.62,2358.8,2339.26,2347.64,182250020
2023-09-04,2353.55,2379.5,2348.59,2379.5,201538056
2023-09-05,2374.36,2379.35,2362.46,2369.8,191795845
2023-09-06,2362.25,2385.67,2352.99,2384.77,189142377
2023-09-07,2380.09,2380.24,2343.31,2343.31,190422587
2023-09-08,2336.97,2359.09,2331.77,2351.04,171265057
2023-09-11,2351.94,2381.81,2336.89,2375.71,187905723
2023-09-12,2372.88,2383.77,2367.25,2375.71,177440556
2023-09-13,2370.0,2370.85,2326.12,2345.22,189191521
2023-09-14,2342.48,2342.89,2311.4,2323.9,175623882
2023-09-15,2328.06,2342.38,2317.34,2327.36,174048643
2023-09-18,2321.11,2348.61,2308.83,2341.34,177391485
2023-09-19,2336.38,2336.39,2306.73,2311.25,168956357
2023-09-20,2305.14,2316.49,2291.2,2291.25,151606751
2023-09-21,2286.2,2300.07,2271.53,2276.13,146950917
2023-09-22,2271.77,2326.01,2266.16,2326.01,172557507
2023-09-25,2325.62,2333.84,2313.55,2320.32,167219930
2023-09-26,2315.12,2327.5,2307.7,2313.53,162309084
2023-09-27,2310.63,2337.57,2303.81,2322.89,170651942
2023-09-28,2328.59,2357.46,2328.59,2354.17,171904829
2023-10-09,2353.25,2353.87,2336.76,2347.09,187699868
2023-10-10,2352.74,2361.63,2344.8,2347.52,192554286
2023-10-11,2349.61,2363.42,2336.64,2355.66,200106442
2023-10-12,2361.44,2366.32,2350.26,2366.32,188568041
2023-10-13,2357.81,2362.13,2350.07,2354.99,193746650
2023-10-16,2356.88,2357.79,2329.26,2341.63,201524864
2023-10-17,2339.45,2340.46,2318.99,2334.65,182522125
2023-10-18,2325.0,2325.0,2289.11,2289.83,188520410
2023-10-19,2280.15,2307.16,2267.59,2268.04,187750428
2023-10-20,2257.4,2275.96,2235.37,2237.7,176450568
2023-10-23,2229.53,2229.61,2173.98,2183.46,183733148
2023-10-24,2191.27,2241.8,2185.84,2240.34,195934080
2023-10-25,2251.08,2283.14,2250.84,2280.01,214743562
2023-10-26,2267.53,2292.11,2256.4,2291.13,218781069
2023-10-27,2284.25,2324.13,2274.93,2317.37,241190374
2023-10-30,2309.46,2353.68,2309.46,2350.85,248370701
2023-10-31,2350.03,2356.09,2323.83,2336.73,236650450
2023-11-01,2335.6,2350.32,2329.81,2343.45,208440387
2023-11-02,2342.97,2353.33,2316.99,2317.09,212539643
2023-11-03,2320.98,2351.56,2320.98,2347.31,208551782
2023-11-06,2358.62,2403.94,2358.62,2403.94,250508040
2023-11-07,2402.32,2431.21,2393.7,2427.09,257815460
2023-11-08,2426.96,2446.42,2422.15,2439.03,268756861
2023-11-09,2437.46,2447.67,2412.29,2418.91,249992799
2023-11-10,2407.49,2418.59,2395.14,2412.52,211943255
2023-11-13,2419.96,2442.61,2419.62,2442.61,225564897
2023-11-14,2440.82,2462.23,2434.73,2462.23,232289132
2023-11-15,2476.11,2481.63,2462.11,2478.25,242696051
2023-11-16,2471.62,2481.27,2464.43,2464.77,233475192
2023-11-17,2459.63,2489.41,2458.39,2489.41,233043656
2023-11-20,2492.37,2515.5,2488.84,2515.5,248207913
2023-11-21,2517.34,2521.13,2492.33,2498.38,280003274
2023-11-22,2490.38,2503.2,2472.2,2472.2,255422572
2023-11-23,2468.57,2495.62,2462.03,2493.76,236613059
2023-11-24,2493.51,2493.79,2454.99,2462.3,244051169
2023-11-27,2457.56,2472.0,2448.6,2464.12,233574705
2023-11-28,2459.74,2481.73,2451.73,2481.73,214485816
2023-11-29,2480.48,2487.66,2465.36,2468.87,212160556
2023-11-30,2464.9,2470.64,2429.89,2453.68,218330138
2023-12-01,2451.97,2481.97,2444.55,2477.46,223414436
2023-12-04,2478.39,2491.56,2475.75,2481.35,224076434
2023-12-05,2477.52,2477.52,2434.55,2434.55,224455736
2023-12-06,2428.9,2463.52,2426.64,2446.75,222772905
2023-12-07,2444.4,2449.78,2432.37,2439.36,219294036
2023-12-08,2437.62,2447.68,2413.28,2414.51,237381409
2023-12-11,2404.63,2440.35,2390.58,2440.35,228490691
2023-12-12,2441.39,2453.33,2438.0,2453.29,220419446
2023-12-13,2450.8,2466.32,2443.02,2443.02,229664796
2023-12-14,2448.41,2460.1,2432.23,2433.72,232437832
2023-12-15,2435.75,2442.13,2414.07,2420.81,221535642
2023-12-18,2416.26,2419.52,2381.76,2386.56,221825981
2023-12-19,2384.49,2396.37,2373.52,2392.43,199672307
2023-12-20,2395.1,2399.84,2362.98,2362.98,189617464
2023-12-21,2353.15,2384.42,2321.22,2380.24,204081856
2023-12-22,2380.92,2380.92,2328.48,2337.22,216496292
2023-12-25,2333.15,2339.56,2310.81,2331.32,179752184
2023-12-26,2330.45,2330.45,2289.98,2295.97,180428224
2023-12-27,2297.16,2318.51,2285.81,2315.08,179810650
2023-12-28,2311.2,2361.92,2294.02,2353.93,217166136
2023-12-29,2351.7,2399.47,2351.55,2399.47,216327770
2024-01-02,2402.23,2413.3,2395.23,2402.03,224661806
2024-01-03,2395.52,2404.11,2371.29,2389.21,219521364
2024-01-04,2385.66,2385.91,2371.61,2382.0,192773673
2024-01-05,2381.73,2389.58,2324.11,2334.87,207748032
2024-01-08,2330.68,2331.6,2290.76,2290.79,179661545
2024-01-09,2294.19,2327.2,2286.35,2304.96,199342740
2024-01-10,2298.96,2306.29,2260.02,2274.59,199046060
2024-01-11,2271.63,2323.96,2271.15,2319.44,198938143
2024-01-12,2317.64,2330.98,2295.74,2296.51,205190351
2024-01-15,2288.83,2307.2,2275.84,2293.28,182843494
2024-01-16,2293.66,2293.76,2247.39,2280.91,210761597
2024-01-17,2277.51,2277.51,2222.05,2222.05,190238815
2024-01-18,2207.96,2215.07,2142.88,2205.2,246522099
2024-01-19,2204.21,2212.1,2172.82,2172.82,184135629
2024-01-22,2168.31,2168.31,2023.09,2038.44,231149629
2024-01-23,2030.42,2051.73,1999.04,2043.57,204796892
2024-01-24,2051.28,2074.8,1996.74,2072.88,222593385
2024-01-25,2074.78,2150.54,2061.85,2150.06,237766456
2024-01-26,2148.55,2179.23,2135.46,2142.16,226845957
2024-01-29,2144.7,2150.83,2066.65,2067.44,217356035
2024-01-30,2052.73,2070.36,1999.02,2001.57,186250143
2024-01-31,1987.38,1996.24,1891.16,1896.36,234939108
2024-02-01,1883.96,1907.47,1832.58,1866.01,217488225
2024-02-02,1867.56,1897.53,1721.7,1782.6,253758792
2024-02-05,1762.34,1762.34,1590.29,1613.4,277084928
2024-02-06,1566.1,1691.98,1503.44,1645.96,315233521
2024-02-07,1649.26,1668.62,1578.27,1599.82,307995748
2024-02-08,1603.46,1740.15,1586.24,1739.87,328150426
2024-02-19,1766.63,1826.08,1766.63,1815.99,285787364
2024-02-20,1812.56,1845.25,1786.83,1842.4,226045793
2024-02-21,1824.88,1912.76,1814.93,1868.22,275320474
2024-02-22,1867.24,1915.92,1867.24,1915.92,240834967
2024-02-23,1924.86,1978.12,1915.38,1977.89,272729894
2024-02-26,1988.57,2043.69,1976.5,2012.42,298036531
2024-02-27,2004.23,2071.75,1991.96,2071.75,271010737
2024-02-28,2077.01,2106.38,1930.04,1930.08,407232604
2024-02-29,1907.28,2009.66,1907.28,2009.66,288321800
2024-03-01,2016.58,2042.88,2003.84,2040.42,267582994
2024-03-04,2046.22,2056.34,2005.0,2056.25,271052239
2024-03-05,2041.14,2049.75,2014.91,2022.07,258614060
2024-03-06,2012.73,2060.12,2011.71,2046.52,244058624
2024-03-07,2052.71,2069.69,2021.97,2026.84,270324820
2024-03-08,2026.44,2055.58,2017.2,2053.09,228305876
2024-03-11,2048.77,2094.25,2048.77,2094.25,246282194
2024-03-12,2098.6,2121.16,2085.61,2121.16,292335355
2024-03-13,2120.62,2145.38,2111.14,2129.58,271775227
2024-03-14,2126.4,2137.19,2085.22,2114.56,266277374
2024-03-15,2107.1,2144.19,2101.39,2144.19,242405940
2024-03-18,2150.74,2190.65,2150.74,2190.65,282899308
2024-03-19,2185.67,2203.07,2182.68,2185.55,278268930
2024-03-20,2182.14,2213.49,2182.14,2213.49,264261155
2024-03-21,2217.26,2226.25,2195.73,2219.4,296361688
2024-03-22,2212.58,2214.83,2170.31,2193.65,299661358
2024-03-25,2185.55,2194.54,2132.27,2132.37,280706979
2024-03-26,2126.07,2147.96,2093.86,2128.51,254606077
2024-03-27,2122.75,2124.49,2051.63,2051.63,245797636
2024-03-28,2046.76,2126.01,2046.76,2106.88,250052078
2024-03-29,2107.41,2134.42,2097.2,2134.42,237477515
2024-04-01,2139.72,2178.25,2139.72,2178.25,251673812
2024-04-02,2177.69,2178.55,2153.98,2168.65,267240334
2024-04-03,2162.43,2162.65,2123.87,2145.21,249693685
2024-04-08,2137.31,2137.38,2097.0,2097.0,245198873
2024-04-09,2093.62,2125.57,2090.18,2125.57,221201266
2024-04-10,2120.06,2120.43,2055.16,2075.88,243219650
2024-04-11,2060.36,2103.19,2053.0,2080.55,217809546
2024-04-12,2078.79,2093.2,2062.15,2065.62,220716878
2024-04-15,2053.22,2066.03,1953.59,1981.53,288777585
2024-04-16,1961.07,1961.07,1839.33,1839.69,279617705
2024-04-17,1859.01,1962.13,1859.01,1962.13,257779286
2024-04-18,1961.14,1985.37,1938.52,1959.2,237523929
2024-04-19,1949.58,1973.08,1934.88,1951.26,218758283
2024-04-22,1938.28,1954.22,1902.31,1935.56,202095425
2024-04-23,1935.52,1959.93,1934.89,1949.53,188952389
2024-04-24,1950.14,1993.69,1950.14,1993.69,203157572
2024-04-25,1986.45,2011.95,1982.46,1998.78,208019206
2024-04-26,1994.65,2036.04,1989.8,2029.42,248547736
2024-04-29,2032.56,2084.34,2032.56,2084.34,272317240
2024-04-30,2083.93,2089.59,2056.58,2071.94,258738488
2024-05-06,2093.19,2114.38,2093.19,2114.38,254758724
2024-05-07,2114.42,2128.03,2107.23,2128.03,243578223
2024-05-08,2120.47,2120.58,2096.94,2099.75,236347704
2024-05-09,2097.95,2129.17,2097.95,2124.21,234918590
2024-05-10,2125.11,2128.66,2096.76,2100.32,256061676
2024-05-13,2085.33,2085.33,2058.1,2064.33,242024384
2024-05-14,2064.78,2086.22,2064.78,2081.77,213553563
2024-05-15,2075.94,2084.37,2061.47,2063.97,209029073
2024-05-16,2066.12,2086.09,2066.12,2073.03,228931717
2024-05-17,2072.06,2095.04,2063.36,2095.04,243169216
2024-05-20,2094.61,2107.07,2089.3,2105.17,260304467
2024-05-21,2099.12,2099.63,2077.14,2084.24,222908887
2024-05-22,2082.01,2098.83,2080.07,2092.44,222378702
2024-05-23,2084.04,2084.04,2042.36,2046.81,229863658
2024-05-24,2042.65,2058.03,2026.02,2026.03,203787572
2024-05-27,2026.66,2037.64,1998.22,2037.47,206312043
2024-05-28,2030.67,2040.93,2017.84,2020.46,208363369
2024-05-29,2014.28,2034.64,2012.61,2023.8,203346204
2024-05-30,2015.93,2026.9,2003.94,2008.78,204623275
2024-05-31,2008.05,2032.67,2008.05,2026.29,195124457
2024-06-03,2024.28,2024.51,1971.88,1987.77,222499479
2024-06-04,1977.31,1977.31,1943.38,1968.06,209949865
2024-06-05,1959.24,1960.67,1924.96,1924.96,194856163
2024-06-06,1924.1,1934.68,1838.56,1849.49,261553051
2024-06-07,1865.28,1890.25,1853.0,1883.29,199724618
2024-06-11,1874.66,1898.64,1847.39,1897.95,167773924
2024-06-12,1895.61,1929.92,1894.7,1927.93,171246524
2024-06-13,1927.49,1933.83,1914.58,1918.71,181353227
2024-06-14,1913.83,1924.85,1898.03,1922.23,173910320
2024-06-17,1912.71,1923.7,1907.25,1913.91,157483753
2024-06-18,1913.51,1943.02,1909.78,1943.02,175129255
2024-06-19,1944.09,1950.57,1927.67,1932.26,177311576
2024-06-20,1926.59,1934.46,1886.33,1887.07,189924616
2024-06-21,1878.68,1897.41,1862.36,1884.9,153375652
2024-06-24,1870.42,1870.42,1807.77,1809.2,188557849
2024-06-25,1809.61,1829.16,1797.02,1810.95,172498879
2024-06-26,1805.41,1865.13,1791.59,1865.13,180912425
2024-06-27,1858.3,1867.57,1827.14,1827.14,169052726
2024-06-28,1822.05,1864.0,1819.63,1840.84,177872967
2024-07-01,1839.12,1856.42,1821.42,1855.35,171903520
2024-07-02,1854.39,1868.89,1850.53,1857.03,179683780
2024-07-03,1854.77,1856.49,1833.65,1834.87,169324388
2024-07-04,1834.54,1839.26,1781.36,1784.4,178149147
2024-07-05,1779.66,1809.65,1756.42,1803.28,154015323
2024-07-08,1797.19,1797.19,1747.47,1751.61,157497036
2024-07-09,1749.39,1787.44,1721.37,1787.44,188635387
2024-07-10,1778.74,1793.67,1770.42,1773.56,173075030
2024-07-11,1800.76,1833.22,1797.35,1833.22,206226316
2024-07-12,1829.98,1838.23,1817.76,1823.86,183430200
2024-07-15,1819.12,1819.12,1788.3,1792.44,160861948
2024-07-16,1788.51,1796.57,1774.34,1794.26,149017511
2024-07-17,1791.68,1794.34,1763.28,1763.28,159555249
2024-07-18,1750.04,1763.53,1721.73,1760.27,160076469
2024-07-19,1752.98,1780.27,1748.66,1770.16,148344097
2024-07-22,1769.14,1784.06,1765.35,1780.25,145953753
2024-07-23,1780.63,1787.63,1745.49,1745.64,163371423
2024-07-24,1738.52,1751.24,1714.36,1715.88,165341604
2024-07-25,1705.95,1740.07,1697.62,1722.88,145662287
2024-07-26,1725.55,1755.56,1725.55,1755.56,161455329
2024-07-29,1759.0,1770.41,1746.65,1763.73,159183614
2024-07-30,1760.31,1780.25,1753.48,1776.27,171960405
2024-07-31,1775.95,1837.79,1774.54,1837.79,243685818
2024-08-01,1838.99,1850.2,1833.85,1843.56,223300228
2024-08-02,1829.56,1849.86,1817.79,1818.9,220231327
2024-08-05,1806.51,1831.88,1767.86,1767.86,233399342
2024-08-06,1784.97,1803.54,1778.11,1803.54,197931010
2024-08-07,1801.79,1816.38,1796.51,1807.22,190027626
2024-08-08,1798.71,1809.5,1776.6,1795.96,208336820
2024-08-09,1800.33,1809.13,1784.02,1784.02,188663414
2024-08-12,1780.88,1784.01,1760.59,1767.21,170940583
2024-08-13,1763.93,1780.29,1752.88,1780.29,152819751
2024-08-14,1780.26,1787.07,1773.49,1775.81,154236380
2024-08-15,1769.55,1799.34,1759.66,1794.32,197392470
2024-08-16,1795.24,1803.15,1789.68,1790.69,205052579
2024-08-19,1785.4,1797.99,1776.87,1780.8,190345821
2024-08-20,1777.13,1778.66,1745.05,1750.0,186634155
2024-08-21,1743.48,1756.14,1739.38,1747.14,170918355
2024-08-22,1745.74,1750.51,1715.35,1716.38,184411006
2024-08-23,1710.6,1716.79,1690.31,1707.44,176751310
2024-08-26,1705.96,1728.25,1699.45,1727.24,160883440
2024-08-27,1720.43,1721.91,1693.0,1695.77,161869175
2024-08-28,1689.05,1716.84,1684.63,1704.03,159605922
2024-08-29,1696.48,1735.46,1690.28,1731.32,172053242
2024-08-30,1731.18,1788.76,1731.18,1768.38,236307948
2024-09-02,1766.64,1775.45,1739.6,1739.7,199727186
2024-09-03,1738.32,1763.54,1737.49,1758.3,169163177
2024-09-04,1746.44,1762.16,1739.34,1746.27,170911018
2024-09-05,1747.21,1769.38,1747.21,1764.62,172223629
2024-09-06,1764.51,1766.32,1730.08,1730.57,177573224
2024-09-09,1722.98,1739.91,1708.76,1726.67,156621026
2024-09-10,1727.56,1742.15,1704.81,1737.43,161146596
2024-09-11,1728.17,1735.41,1716.87,1724.02,147190144
2024-09-12,1724.94,1743.43,1721.57,1721.72,169282775
2024-09-13,1721.35,1724.71,1695.72,1695.76,173942456
2024-09-18,1695.31,1697.78,1658.55,1684.92,165464835
2024-09-19,1691.24,1730.58,1687.93,1725.42,192102028
2024-09-20,1725.58,1727.23,1713.28,1723.3,183220324
2024-09-23,1721.74,1735.05,1714.21,1729.4,183808775
2024-09-24,1733.01,1784.41,1727.56,1784.41,272611140
2024-09-25,1796.97,1841.62,1796.97,1806.71,336793737
2024-09-26,1801.15,1861.59,1800.69,1861.59,313895627
2024-09-27,1886.57,1964.15,1880.74,1950.01,383759145
2024-09-30,2028.31,2178.66,1987.92,2166.17,626205129
2024-10-08,2447.35,2447.35,2202.91,2353.96,736848873
2024-10-09,2278.21,2278.21,2133.56,2133.56,524444337
2024-10-10,2152.23,2194.89,2093.09,2131.27,401011533
2024-10-11,2115.71,2115.71,2023.51,2046.31,332121351
2024-10-14,2057.93,2121.24,2028.0,2121.24,328022968
2024-10-15,2108.91,2157.17,2089.62,2096.43,346288381
2024-10-16,2067.8,2126.58,2066.35,2108.04,320171650
2024-10-17,2119.75,2140.9,2104.12,2106.25,355716948
2024-10-18,2097.23,2205.8,2094.01,2170.76,413091884
2024-10-21,2182.12,2245.85,2182.12,2225.87,442013954
2024-10-22,2227.45,2266.0,2214.24,2245.3,429158676
2024-10-23,2239.33,2276.81,2230.09,2246.44,413955652
2024-10-24,2235.94,2251.98,2223.38,2244.96,359677962
2024-10-25,2252.61,2305.45,2252.61,2298.27,415252437
2024-10-28,2305.47,2366.57,2304.45,2366.57,488242201
2024-10-29,2377.38,2378.72,2321.33,2321.33,528679714
2024-10-30,2304.77,2342.5,2304.77,2334.16,455453856
2024-10-31,2336.66,2391.48,2332.56,2377.0,517552187
2024-11-01,2370.03,2378.8,2273.33,2274.57,534669203
2024-11-04,2262.89,2321.09,2262.89,2321.09,378261034
2024-11-05,2321.87,2395.1,2321.87,2395.1,480926246
2024-11-06,2405.24,2438.01,2391.38,2416.59,555023358
2024-11-07,2401.79,2473.05,2396.23,2473.05,562728940
2024-11-08,2494.01,2514.25,2472.49,2482.12,583072976
2024-11-11,2474.78,2537.59,2474.33,2537.59,501406880
2024-11-12,2542.23,2547.9,2481.7,2507.42,519711739
2024-11-13,2492.01,2517.23,2445.51,2508.83,420805650
2024-11-14,2500.97,2506.18,2427.65,2430.58,380493746
2024-11-15,2419.65,2458.86,2377.83,2378.0,376563291
2024-11-18,2389.02,2402.09,2293.12,2307.78,389358196
2024-11-19,2309.11,2379.74,2302.22,2379.74,357021606
2024-11-20,2374.82,2450.84,2372.44,2445.0,394078803
2024-11-21,2440.31,2464.09,2425.41,2453.87,395774604
2024-11-22,2448.15,2465.86,2370.19,2371.14,455054735
2024-11-25,2377.7,2407.85,2345.89,2407.85,383655683
2024-11-26,2402.62,2427.5,2375.92,2377.62,390077380
2024-11-27,2359.08,2418.58,2312.66,2418.58,396992116
2024-11-28,2421.64,2458.51,2421.64,2427.59,436275612
2024-11-29,2419.15,2481.48,2404.76,2471.13,461352465
2024-12-02,2474.48,2534.69,2474.48,2531.77,490267707
2024-12-03,2535.04,2553.63,2515.94,2540.51,509165427
2024-12-04,2533.95,2549.11,2491.88,2504.76,498781542
2024-12-05,2494.91,2550.63,2494.91,2547.43,445668442
2024-12-06,2553.19,2581.12,2528.97,2570.68,538490339
2024-12-09,2566.73,2582.61,2542.14,2566.71,503321788
2024-12-10,2637.91,2641.54,2588.21,2592.37,588270148
2024-12-11,2582.05,2635.58,2581.88,2635.58,539417330
2024-12-12,2634.5,2663.79,2617.14,2663.79,580678636
2024-12-13,2647.34,2660.71,2620.32,2621.82,576074654
2024-12-16,2623.79,2636.2,2588.6,2602.43,509144568
2024-12-17,2593.69,2594.36,2483.22,2487.41,480683487
2024-12-18,2484.24,2529.68,2453.45,2508.21,400171672
2024-12-19,2477.01,2521.11,2471.33,2512.3,411629342
2024-12-20,2504.89,2564.91,2504.89,2545.81,404730026
2024-12-23,2539.04,2540.86,2415.97,2421.65,445608714
2024-12-24,2429.74,2455.64,2396.96,2445.95,360189500
2024-12-25,2438.33,2439.42,2355.82,2388.95,369946408
2024-12-26,2383.49,2442.26,2383.49,2429.66,319291312
2024-12-27,2431.37,2476.38,2426.65,2447.48,371495629
2024-12-30,2439.34,2440.87,2392.5,2419.23,334979833
2024-12-31,2422.23,2430.88,2348.11,2348.11,339988507
2025-01-02,2341.7,2383.06,2291.29,2313.8,367465431
2025-01-03,2318.98,2326.08,2207.88,2211.07,382867276
2025-01-06,2199.58,2228.2,2147.2,2192.47,310131378
2025-01-07,2194.75,2256.77,2191.74,2256.71,311957760
2025-01-08,2245.92,2279.49,2188.13,2264.02,367896736
2025-01-09,2249.65,2289.84,2247.94,2276.27,330007693
2025-01-10,2270.79,2293.09,2206.91,2206.91,340582225
2025-01-13,2174.27,2223.05,2144.89,2206.36,274857847
2025-01-14,2219.17,2324.78,2219.17,2324.78,353765737
2025-01-15,2326.72,2340.06,2309.54,2318.05,339482760
2025-01-16,2329.61,2367.29,2307.67,2335.13,362697729
2025-01-17,2324.52,2349.03,2309.38,2332.66,318315134
2025-01-20,2350.02,2369.97,2329.88,2360.77,327033894
2025-01-21,2370.82,2374.84,2331.2,2365.58,321219681
2025-01-22,2350.58,2356.02,2325.99,2334.37,290260822
2025-01-23,2358.96,2389.55,2328.4,2328.4,337398434
2025-01-24,2319.68,2364.58,2316.06,2362.2,310345491
2025-01-27,2369.1,2377.27,2322.82,2322.82,276035613
2025-02-05,2343.41,2361.72,2331.61,2355.07,282661324
2025-02-06,2350.21,2421.64,2343.68,2421.64,347385645
2025-02-07,2422.79,2481.16,2421.64,2458.5,433999786
2025-02-10,2464.79,2512.81,2458.47,2512.81,405307069
2025-02-11,2509.41,2518.62,2484.5,2505.65,386204614
2025-02-12,2498.81,2538.45,2496.52,2538.45,383591023
2025-02-13,2537.46,2543.53,2504.28,2510.65,414298359
2025-02-14,2500.74,2516.93,2490.04,2506.65,377965563
2025-02-17,2514.86,2552.09,2513.88,2551.38,412162305
2025-02-18,2544.98,2549.27,2473.39,2479.36,410758941
2025-02-19,2478.35,2552.76,2478.35,2552.76,375405144
2025-02-20,2554.8,2589.85,2552.12,2584.47,399642978
2025-02-21,2587.16,2619.38,2568.55,2617.67,437489847
2025-02-24,2612.74,2638.46,2594.09,2622.38,424904554
2025-02-25,2583.13,2643.78,2578.22,2619.68,404682588
2025-02-26,2626.81,2666.03,2626.81,2661.15,425507023
2025-02-27,2659.35,2672.86,2604.32,2653.3,451807724
2025-02-28,2638.07,2638.31,2537.97,2542.85,429542622
2025-03-03,2550.11,2591.52,2526.66,2547.45,368199033
2025-03-04,2524.46,2587.01,2523.18,2587.01,330008629
2025-03-05,2584.3,2606.1,2561.15,2605.96,353764180
2025-03-06,2617.1,2668.1,2617.1,2659.67,409000926
2025-03-07,2648.65,2676.69,2626.3,2644.3,405867742
2025-03-10,2648.98,2660.52,2632.46,2654.65,337702433
2025-03-11,2615.23,2662.35,2613.52,2662.35,337595207
2025-03-12,2674.91,2702.13,2671.44,2681.89,395516166
2025-03-13,2675.46,2680.91,2601.03,2632.57,385752121
2025-03-14,2628.92,2680.76,2608.67,2679.82,391854766
2025-03-17,2688.56,2708.07,2678.78,2700.72,381746733
2025-03-18,2707.17,2718.36,2694.38,2716.9,366664199
2025-03-19,2708.06,2717.87,2689.63,2702.11,376119950
2025-03-20,2696.75,2730.45,2687.98,2705.78,382721644
2025-03-21,2691.02,2694.38,2641.18,2648.56,418335468
2025-03-24,2644.94,2647.93,2538.81,2598.37,425942260
2025-03-25,2591.96,2602.74,2561.9,2572.82,347872074
2025-03-26,2562.74,2611.6,2561.87,2603.15,331423566
2025-03-27,2594.59,2612.23,2560.89,2584.22,339886176
2025-03-28,2577.55,2591.37,2545.24,2545.24,324594888
2025-03-31,2523.15,2523.15,2467.68,2514.34,318158605
2025-04-01,2520.63,2554.23,2520.63,2536.67,295155569
2025-04-02,2531.6,2563.25,2529.21,2543.59,275746318
2025-04-03,2513.49,2554.52,2497.67,2517.51,304502723
2025-04-07,2349.18,2369.91,2180.45,2194.48,363666430
2025-04-08,2173.45,2238.62,2132.69,2183.12,429029426
2025-04-09,2140.37,2263.66,2027.02,2248.34,472712490
2025-04-10,2291.81,2353.77,2291.81,2318.56,435620599
2025-04-11,2299.56,2367.3,2299.0,2341.06,365476387
2025-04-14,2373.73,2410.07,2373.73,2392.14,356835902
2025-04-15,2395.58,2403.56,2368.6,2390.95,324664160
2025-04-16,2382.38,2387.17,2314.53,2350.1,331387429
2025-04-17,2336.21,2383.97,2334.36,2363.26,306545714
2025-04-18,2359.0,2371.33,2339.61,2358.63,299245702
2025-04-21,2353.35,2412.66,2344.81,2412.66,307400649
2025-04-22,2410.82,2421.44,2402.03,2412.3,327884677
2025-04-23,2424.05,2450.27,2424.05,2440.61,358770744
2025-04-24,2435.78,2444.43,2401.83,2415.55,341530700
2025-04-25,2416.81,2439.98,2405.79,2422.49,338437766
2025-04-28,2418.03,2422.57,2384.87,2388.03,325302336
2025-04-29,2379.35,2419.1,2369.44,2411.68,292241879
2025-04-30,2415.5,2454.17,2415.5,2442.89,318987278
2025-05-06,2463.14,2522.31,2463.14,2522.31,349210346
2025-05-07,2551.06,2558.26,2513.93,2540.98,411857435
2025-05-08,2531.17,2570.5,2528.13,2568.67,380390868
2025-05-09,2565.11,2565.42,2518.05,2530.35,348837467
2025-05-12,2547.99,2570.74,2542.87,2570.73,322181810
2025-05-13,2594.07,2596.15,2558.84,2562.91,334918673
2025-05-14,2559.85,2578.63,2547.64,2565.71,336691227
2025-05-15,2560.38,2560.38,2530.22,2531.96,327755696
2025-05-16,2523.28,2567.16,2522.06,2554.78,329302115
2025-05-19,2559.39,2576.73,2531.13,2576.73,343801520
2025-05-20,2578.21,2599.7,2564.9,2598.36,358895294
2025-05-21,2591.15,2591.43,2566.19,2577.56,351678421
2025-05-22,2568.0,2591.71,2544.12,2545.83,336600793
2025-05-23,2540.53,2569.23,2515.58,2515.88,338405160
2025-05-26,2513.94,2547.46,2512.4,2547.46,292401717
2025-05-27,2544.71,2557.15,2525.94,2552.66,317235309
2025-05-28,2551.91,2561.5,2538.24,2543.97,332163600
2025-05-29,2538.33,2588.55,2538.33,2588.55,366800456
2025-05-30,2580.56,2580.99,2538.49,2543.2,349664318
2025-06-03,2530.15,2565.86,2530.15,2564.12,313897806
2025-06-04,2565.36,2591.18,2565.36,2591.18,342956227
2025-06-05,2590.21,2610.11,2576.59,2606.52,362081971
2025-06-06,2601.54,2606.22,2591.56,2601.49,334327629
2025-06-09,2606.39,2638.89,2606.39,2638.89,354163209
2025-06-10,2638.98,2639.85,2581.94,2617.33,423858541
2025-06-11,2616.86,2635.12,2612.36,2628.87,362845215
2025-06-12,2620.25,2637.46,2612.4,2635.58,345832723
2025-06-13,2624.34,2626.22,2580.07,2582.04,390403031
2025-06-16,2571.93,2609.67,2571.93,2609.67,308092422
2025-06-17,2612.49,2619.85,2595.39,2605.97,322757145
2025-06-18,2595.54,2600.55,2575.61,2598.69,311184537
2025-06-19,2590.34,2602.13,2542.66,2547.99,339448648
2025-06-20,2542.22,2560.63,2520.78,2524.81,287467646
2025-06-23,2507.64,2573.84,2506.59,2573.84,294070595
2025-06-24,2574.72,2631.04,2574.72,2631.04,357206588
2025-06-25,2634.43,2657.77,2626.89,2657.41,368730182
2025-06-26,2653.06,2678.0,2647.21,2652.53,372453196
2025-06-27,2657.83,2673.14,2651.62,2664.97,346756700
2025-06-30,2670.1,2705.98,2670.1,2705.98,346752051
2025-07-01,2707.29,2714.13,2685.04,2713.67,369235049
2025-07-02,2706.04,2706.07,2677.82,2690.68,370376908
2025-07-03,2687.56,2710.76,2685.9,2709.89,340034613
2025-07-04,2708.38,2709.74,2678.61,2680.68,360391634
2025-07-07,2676.14,2698.69,2674.65,2698.69,318971165
2025-07-08,2700.26,2733.44,2696.26,2733.44,362271552
2025-07-09,2736.13,2750.41,2723.31,2731.21,389971007
2025-07-10,2725.25,2736.49,2714.28,2729.94,380854052
2025-07-11,2729.1,2750.26,2713.98,2742.97,382830597
2025-07-14,2741.5,2762.07,2735.95,2760.43,349518270
2025-07-15,2752.96,2754.73,2711.53,2741.48,389085870
2025-07-16,2740.17,2763.04,2736.53,2759.06,326462358
2025-07-17,2756.97,2789.04,2751.75,2789.04,328346495
2025-07-18,2791.73,2795.5,2774.91,2790.77,323766679
2025-07-21,2793.16,2826.37,2792.52,2826.29,377239078
2025-07-22,2828.12,2832.41,2813.05,2826.49,399685775
2025-07-23,2823.66,2826.03,2797.6,2801.49,390393186
2025-07-24,2799.49,2832.87,2799.49,2832.87,359969466
2025-07-25,2834.22,2842.67,2824.83,2841.29,357323527
2025-07-28,2844.1,2861.51,2839.95,2861.51,341215215
2025-07-29,2857.95,2872.07,2842.01,2872.07,359005597
2025-07-30,2864.86,2864.91,2821.31,2846.33,364175917
2025-07-31,2838.99,2863.7,2819.21,2827.97,363312277
2025-08-01,2826.94,2844.33,2821.78,2840.94,308618875
2025-08-04,2825.2,2885.31,2818.5,2885.31,301620157
2025-08-05,2891.05,2911.28,2889.09,2911.28,339139165
2025-08-06,2909.18,2946.02,2906.4,2946.02,364321017
2025-08-07,2947.05,2955.5,2930.82,2948.13,364053380
2025-08-08,2940.39,2949.08,2925.7,2941.47,365244121
2025-08-11,2945.5,2991.6,2945.5,2991.6,383722296
2025-08-12,2991.45,2995.46,2965.85,2993.32,386060900
2025-08-13,2995.85,3026.05,2993.2,3024.43,410520461
2025-08-14,3026.19,3027.61,2966.67,2967.93,450915461
2025-08-15,2964.3,3028.23,2964.3,3028.23,396929536
2025-08-18,3045.96,3097.31,3045.96,3093.11,474453068
2025-08-19,3094.95,3129.47,3081.39,3114.61,485292737
2025-08-20,3098.51,3127.8,3080.81,3127.8,453877686
2025-08-21,3130.56,3137.27,3087.26,3104.53,460629685
2025-08-22,3102.24,3126.03,3096.4,3126.03,424465597
2025-08-25,3140.29,3170.64,3129.55,3162.62,501206011
2025-08-26,3154.79,3180.96,3142.27,3163.15,447411059
2025-08-27,3164.43,3181.69,3089.85,3089.85,523999855
2025-08-28,3083.83,3115.55,3007.05,3112.28,486599862
2025-08-29,3111.26,3124.53,3085.55,3101.54,388697763
2025-09-01,3108.84,3142.34,3104.48,3134.73,400813380
2025-09-02,3134.46,3135.03,3034.37,3072.4,466195906
2025-09-03,3078.57,3086.69,3000.88,3010.11,392105103
2025-09-04,3014.96,3035.0,2919.26,2966.61,419455905
2025-09-05,2971.62,3048.08,2950.34,3048.08,390060395
2025-09-08,3050.93,3086.51,3046.85,3085.21,385344004
2025-09-09,3076.61,3082.51,3031.33,3045.36,365165899
2025-09-10,3042.74,3073.89,3033.27,3055.11,347054560
2025-09-11,3050.28,3113.65,3022.39,3113.65,382323783
2025-09-12,3114.7,3132.58,3097.89,3113.93,403664617
2025-09-15,3114.12,3121.51,3098.18,3110.61,380583670
2025-09-16,3112.75,3160.78,3105.89,3160.78,425889047
2025-09-17,3159.54,3184.81,3150.9,3174.17,409816301
2025-09-18,3171.77,3213.83,3106.87,3139.76,507203917
2025-09-19,3138.02,3151.7,3096.93,3113.4,395363671
2025-09-22,3114.66,3126.73,3095.33,3126.73,337552681
2025-09-23,3125.99,3127.36,3020.86,3082.09,405006682
2025-09-24,3063.7,3124.88,3045.67,3124.88,341025562
2025-09-25,3119.06,3141.41,3099.52,3105.76,342448880
2025-09-26,3092.31,3104.66,3057.7,3057.7,320199226
2025-09-29,3057.62,3085.79,3031.88,3083.34,293388389
2025-09-30,3092.74,3108.44,3088.64,3093.31,279647610
2025-10-09,3106.77,3122.07,3094.45,3113.01,330974512
2025-10-10,3104.02,3118.94,3084.22,3091.48,344534293
2025-10-13,2967.39,3089.33,2961.58,3085.54,332264371
2025-10-14,3106.3,3122.62,3026.4,3036.93,364245245
2025-10-15,3039.56,3088.8,3015.59,3088.46,313850187
2025-10-16,3083.61,3085.97,3040.36,3050.42,309604382
2025-10-17,3047.07,3053.36,2961.61,2963.33,314355080
2025-10-20,2996.59,3019.93,2983.38,3005.75,278496007
2025-10-21,3011.74,3063.85,2997.87,3063.85,324740433
2025-10-22,3051.38,3073.38,3042.5,3052.45,309606412
2025-10-23,3044.16,3049.24,3002.75,3045.84,306952659
2025-10-24,3055.1,3076.15,3051.19,3074.49,315110201
2025-10-27,3093.03,3106.73,3077.16,3103.52,334608117
2025-10-28,3094.62,3124.21,3083.46,3108.87,333451240
2025-10-29,3104.02,3118.33,3087.03,3118.33,337112460
2025-10-30,3110.08,3110.08,3067.92,3071.38,358415315
2025-10-31,3070.85,3113.63,3070.85,3103.74,341529131
2025-11-03,3109.7,3127.82,3089.17,3127.76,341160971
2025-11-04,3122.77,3122.77,3079.29,3100.95,353698029
2025-11-05,3065.2,3132.93,3063.94,3124.93,387148372
2025-11-06,3128.58,3145.49,3112.91,3143.72,377851468
2025-11-07,3132.98,3148.3,3125.6,3131.13,361743166
2025-11-10,3138.37,3151.85,3130.81,3150.35,391560328
2025-11-11,3157.66,3171.0,3154.52,3162.96,389546442
2025-11-12,3155.46,3155.88,3115.24,3141.32,371194973
2025-11-13,3139.06,3183.65,3129.07,3179.87,381983709
2025-11-14,3156.54,3189.72,3154.88,3158.89,399039507
2025-11-17,3163.8,3180.81,3156.09,3178.75,382375623
2025-11-18,3171.74,3171.76,3122.32,3136.83,389014037
2025-11-19,3132.09,3140.54,3079.23,3092.47,359425003
2025-11-20,3105.33,3111.43,3061.85,3066.78,347798542
2025-11-21,3026.46,3049.42,2944.56,2944.56,417966331
2025-11-24,2963.56,3012.61,2948.33,2999.26,339752975
2025-11-25,3012.96,3071.99,3012.19,3051.71,343431032
2025-11-26,3046.9,3075.64,3035.43,3041.42,349866659
2025-11-27,3039.61,3073.13,3038.81,3050.92,336909576
2025-11-28,3048.67,3091.38,3040.74,3091.38,339278742
2025-12-01,3095.53,3116.52,3094.56,3112.96,346782331
2025-12-02,3107.13,3107.29,3081.17,3098.24,338498063
2025-12-03,3099.5,3104.27,3056.22,3066.42,361907691
2025-12-04,3064.05,3069.34,3026.45,3043.53,341757485
2025-12-05,3042.15,3100.31,3028.05,3100.31,345868610
2025-12-08,3110.9,3153.71,3110.9,3145.73,377505930
2025-12-09,3136.76,3153.48,3127.13,3128.97,359777735
2025-12-10,3122.02,3139.11,3106.07,3134.5,366118020
2025-12-11,3139.21,3140.57,3081.34,3081.34,371570634
2025-12-12,3077.74,3116.37,3070.84,3101.77,357173914
2025-12-15,3090.12,3120.11,3080.45,3094.43,319489985
2025-12-16,3089.09,3089.7,3027.17,3041.0,343160883
2025-12-17,3035.57,3067.45,3006.96,3063.86,338538349
2025-12-18,3045.41,3098.24,3043.28,3066.1,316566004
2025-12-19,3074.36,3115.92,3074.36,3111.16,351228568
2025-12-22,3121.01,3146.13,3117.01,3137.92,333951502
2025-12-23,3135.14,3136.02,3106.04,3118.3,348487780
2025-12-24,3113.83,3167.73,3112.27,3166.74,323058533
2025-12-25,3169.04,3211.5,3166.86,3208.14,343642263
2025-12-26,3209.56,3224.29,3184.34,3206.51,371777681
2025-12-29,3205.07,3216.41,3189.27,3205.93,352500198
2025-12-30,3190.11,3219.63,3183.03,3200.18,351551114
2025-12-31,3205.87,3214.61,3177.5,3203.23,348470583
2026-01-05,3214.41,3257.09,3205.95,3257.09,377994838
2026-01-06,3259.97,3296.8,3259.31,3296.8,398724374
2026-01-07,3295.0,3323.07,3287.18,3313.92,411159306
2026-01-08,3306.8,3363.31,3305.24,3356.89,416257849
2026-01-09,3358.99,3412.84,3358.99,3412.84,466531986
2026-01-12,3436.15,3508.05,3430.93,3507.11,525655948
2026-01-13,3515.24,3515.38,3436.16,3444.31,555830907
2026-01-14,3440.3,3530.4,3428.02,3477.36,575107469
2026-01-15,3442.84,3462.73,3413.44,3443.47,418861702
2026-01-16,3451.52,3463.31,3422.09,3445.07,416746758
2026-01-19,3433.78,3488.8,3433.78,3484.43,398498055
2026-01-20,3485.41,3496.39,3425.68,3449.82,422342604
2026-01-21,3429.81,3486.9,3416.89,3484.19,381190474
2026-01-22,3492.92,3519.06,3485.88,3519.06,389574324
2026-01-23,3529.65,3584.4,3523.19,3584.4,435195077
2026-01-26,3590.88,3593.19,3499.91,3527.63,467419195
2026-01-27,3509.71,3538.57,3439.44,3537.21,410927355
2026-01-28,3534.79,3548.34,3502.04,3511.37,389733830
2026-01-29,3499.46,3535.61,3460.65,3468.82,435605129
2026-01-30,3443.64,3480.89,3394.86,3464.69,408421140
2026-02-02,3435.7,3469.59,3381.36,3381.36,372595150
2026-02-03,3414.7,3476.93,3407.58,3476.93,348047082
2026-02-04,3468.69,3484.43,3444.3,3480.83,366074865
2026-02-05,3451.06,3468.05,3425.84,3438.21,336477867
2026-02-06,3413.66,3487.88,3404.12,3452.79,346409480
2026-02-09,3495.5,3525.84,3489.47,3525.83,351660425
2026-02-10,3526.05,3533.65,3505.29,3522.23,341630218
2026-02-11,3515.91,3530.51,3506.79,3506.97,307547462
2026-02-12,3510.91,3534.77,3489.41,3516.29,326414685
2026-02-13,3505.56,3536.38,3491.17,3493.19,286180529
2026-02-24,3530.82,3547.89,3500.67,3536.69,329427376
2026-02-25,3541.41,3577.65,3530.65,3573.63,361067242
2026-02-26,3577.08,3602.72,3567.72,3601.89,369250933
2026-02-27,3579.95,3630.83,3576.67,3630.83,349199907
2026-03-02,3581.48,3612.86,3544.67,3570.24,423441358
2026-03-03,3578.03,3583.13,3418.82,3421.75,451636614
2026-03-04,3372.51,3458.66,3372.51,3419.57,361728721
2026-03-05,3477.98,3496.74,3456.08,3475.28,371297973
2026-03-06,3458.54,3527.11,3457.27,3521.95,353038194
2026-03-09,3466.95,3499.34,3411.3,3492.62,386634018
2026-03-10,3517.98,3569.15,3517.98,3568.96,352630013
2026-03-11,3575.76,3590.54,3545.11,3559.25,369508922
2026-03-12,3554.87,3556.29,3497.6,3517.99,365377372
2026-03-13,3503.36,3527.29,3463.65,3471.5,362964883
2026-03-16,3468.61,3482.18,3433.34,3482.18,354773528
2026-03-17,3488.46,3489.59,3394.74,3395.19,351436205
2026-03-18,3405.77,3448.37,3387.39,3448.37,319698866
2026-03-19,3406.45,3412.59,3346.98,3360.33,330332045
2026-03-20,3375.39,3387.09,3273.54,3273.54,353549088
2026-03-23,3206.77,3239.49,3078.05,3097.13,402279162
2026-03-24,3162.12,3213.0,3106.11,3213.0,359135031
2026-03-25,3231.77,3290.75,3231.77,3286.4,347969324
2026-03-26,3284.31,3301.78,3223.31,3234.48,337644962
2026-03-27,3191.34,3294.28,3189.51,3285.12,318143057
2026-03-30,3247.71,3297.17,3231.66,3297.17,327486845
2026-03-31,3290.57,3318.68,3242.21,3242.22,335965370
2026-04-01,3299.77,3309.69,3273.49,3309.04,331789138
2026-04-02,3297.11,3309.95,3231.2,3251.05,336001849
